Column1,Material,Diameter (nm),Zeta potential (mV),Cell_type,Cancer_cell,Viability (%),Coat,Line_Primary_Cell,Animal,Cell_morphology,Cell_age,Cell_organ,Time (h),Test,Test_indicator,Molecular weight (g/mol),Electronegativity,Element,Ionic radius
1,Ag,28.41,-33.33,HeLa,Yes,3.66,0.00,L,human,Epithelial,Adult,cervix,72.00,MTT,TetrazoliumSalt,107.87,1.93,Ag,1.09
2,Ag,28.41,-33.33,HeLa,Yes,48.48,0.00,L,human,Epithelial,Adult,cervix,48.00,NR,toluylene red,107.87,1.93,Ag,1.09
3,Ag,28.41,-33.33,HeLa,Yes,65.96,0.00,L,human,Epithelial,Adult,cervix,24.00,NR,toluylene red,107.87,1.93,Ag,1.09
4,Ag,28.41,-33.33,HaCat,No,23.71,0.00,L,human,Keratinocyte,Adult,skin,48.00,NR,toluylene red,107.87,1.93,Ag,1.09
5,Ag,28.41,-33.33,HaCat,No,20.52,0.00,L,human,Keratinocyte,Adult,skin,72.00,NR,toluylene red,107.87,1.93,Ag,1.09
6,Ag,28.41,-33.33,HaCat,No,21.89,0.00,L,human,Keratinocyte,Adult,skin,48.00,NR,toluylene red,107.87,1.93,Ag,1.09
7,Ag,28.41,-33.33,HaCat,No,3.99,0.00,L,human,Keratinocyte,Adult,skin,72.00,MTT,TetrazoliumSalt,107.87,1.93,Ag,1.09
8,Ag,28.41,-33.33,HeLa,Yes,18.31,0.00,L,human,Epithelial,Adult,cervix,24.00,MTT,TetrazoliumSalt,107.87,1.93,Ag,1.09
9,Ag,28.41,-33.33,HeLa,Yes,32.08,0.00,L,human,Epithelial,Adult,cervix,24.00,AlamarBlue,AlamarBlue,107.87,1.93,Ag,1.09
10,Ag,28.41,-33.33,HaCat,No,11.56,0.00,L,human,Keratinocyte,Adult,skin,24.00,MTT,TetrazoliumSalt,107.87,1.93,Ag,1.09
11,Ag,28.41,-33.33,HaCat,No,6.78,0.00,L,human,Keratinocyte,Adult,skin,72.00,MTT,TetrazoliumSalt,107.87,1.93,Ag,1.09
12,Ag,28.41,-33.33,HaCat,No,5.98,0.00,L,human,Keratinocyte,Adult,skin,48.00,MTT,TetrazoliumSalt,107.87,1.93,Ag,1.09
13,Ag,28.41,-33.33,HaCat,No,9.57,0.00,L,human,Keratinocyte,Adult,skin,24.00,MTT,TetrazoliumSalt,107.87,1.93,Ag,1.09
14,Ag,28.41,-33.33,HaCat,No,4.39,0.00,L,human,Keratinocyte,Adult,skin,72.00,MTT,TetrazoliumSalt,107.87,1.93,Ag,1.09
15,Ag,28.41,-33.33,HaCat,No,3.19,0.00,L,human,Keratinocyte,Adult,skin,48.00,MTT,TetrazoliumSalt,107.87,1.93,Ag,1.09
16,Ag,28.41,-33.33,HaCat,No,4.39,0.00,L,human,Keratinocyte,Adult,skin,48.00,MTT,TetrazoliumSalt,107.87,1.93,Ag,1.09
17,Ag,28.41,-33.33,HaCat,No,6.38,0.00,L,human,Keratinocyte,Adult,skin,24.00,MTT,TetrazoliumSalt,107.87,1.93,Ag,1.09
18,Ag,28.41,-33.33,HeLa,Yes,5.69,0.00,L,human,Epithelial,Adult,cervix,48.00,MTT,TetrazoliumSalt,107.87,1.93,Ag,1.09
19,Ag,28.41,-33.33,HaCat,No,9.17,0.00,L,human,Keratinocyte,Adult,skin,48.00,MTT,TetrazoliumSalt,107.87,1.93,Ag,1.09
20,Ag,28.41,-33.33,HaCat,No,12.36,0.00,L,human,Keratinocyte,Adult,skin,24.00,MTT,TetrazoliumSalt,107.87,1.93,Ag,1.09
21,Ag,28.41,-33.33,HaCat,No,17.94,0.00,L,human,Keratinocyte,Adult,skin,72.00,MTT,TetrazoliumSalt,107.87,1.93,Ag,1.09
22,Ag,28.41,-33.33,HaCat,No,20.73,0.00,L,human,Keratinocyte,Adult,skin,48.00,MTT,TetrazoliumSalt,107.87,1.93,Ag,1.09
23,Ag,28.41,-33.33,HaCat,No,18.74,0.00,L,human,Keratinocyte,Adult,skin,24.00,MTT,TetrazoliumSalt,107.87,1.93,Ag,1.09
24,Ag,28.41,-33.33,HaCat,No,38.67,0.00,L,human,Keratinocyte,Adult,skin,72.00,MTT,TetrazoliumSalt,107.87,1.93,Ag,1.09
25,Ag,28.41,-33.33,HaCat,No,6.78,0.00,L,human,Keratinocyte,Adult,skin,48.00,MTT,TetrazoliumSalt,107.87,1.93,Ag,1.09
26,Ag,28.41,-33.33,HaCat,No,43.46,0.00,L,human,Keratinocyte,Adult,skin,48.00,MTT,TetrazoliumSalt,107.87,1.93,Ag,1.09
27,Ag,28.41,-33.33,HaCat,No,9.17,0.00,L,human,Keratinocyte,Adult,skin,72.00,MTT,TetrazoliumSalt,107.87,1.93,Ag,1.09
28,Ag,28.41,-33.33,HeLa,Yes,9.36,0.00,L,human,Epithelial,Adult,cervix,48.00,MTT,TetrazoliumSalt,107.87,1.93,Ag,1.09
29,Ag,28.41,-33.33,HeLa,Yes,12.61,0.00,L,human,Epithelial,Adult,cervix,24.00,MTT,TetrazoliumSalt,107.87,1.93,Ag,1.09
30,Ag,28.41,-33.33,HeLa,Yes,2.85,0.00,L,human,Epithelial,Adult,cervix,72.00,MTT,TetrazoliumSalt,107.87,1.93,Ag,1.09
31,Ag,28.41,-33.33,HeLa,Yes,4.07,0.00,L,human,Epithelial,Adult,cervix,48.00,MTT,TetrazoliumSalt,107.87,1.93,Ag,1.09
32,Ag,28.41,-33.33,HeLa,Yes,13.02,0.00,L,human,Epithelial,Adult,cervix,24.00,MTT,TetrazoliumSalt,107.87,1.93,Ag,1.09
33,Ag,28.41,-33.33,HeLa,Yes,2.85,0.00,L,human,Epithelial,Adult,cervix,72.00,MTT,TetrazoliumSalt,107.87,1.93,Ag,1.09
34,Ag,28.41,-33.33,HeLa,Yes,4.47,0.00,L,human,Epithelial,Adult,cervix,48.00,MTT,TetrazoliumSalt,107.87,1.93,Ag,1.09
35,Ag,28.41,-33.33,HeLa,Yes,16.27,0.00,L,human,Epithelial,Adult,cervix,24.00,MTT,TetrazoliumSalt,107.87,1.93,Ag,1.09
36,Ag,28.41,-33.33,HeLa,Yes,4.88,0.00,L,human,Epithelial,Adult,cervix,72.00,MTT,TetrazoliumSalt,107.87,1.93,Ag,1.09
37,Ag,28.41,-33.33,HaCat,No,5.98,0.00,L,human,Keratinocyte,Adult,skin,72.00,MTT,TetrazoliumSalt,107.87,1.93,Ag,1.09
38,Ag,28.41,-33.33,HaCat,No,35.57,0.00,L,human,Keratinocyte,Adult,skin,24.00,NR,toluylene red,107.87,1.93,Ag,1.09
39,Ag,28.41,-33.33,HaCat,No,8.37,0.00,L,human,Keratinocyte,Adult,skin,24.00,MTT,TetrazoliumSalt,107.87,1.93,Ag,1.09
40,Ag,28.41,-33.33,HeLa,Yes,5.29,0.00,L,human,Epithelial,Adult,cervix,72.00,MTT,TetrazoliumSalt,107.87,1.93,Ag,1.09
41,Ag,28.41,-33.33,HaCat,No,24.17,0.00,L,human,Keratinocyte,Adult,skin,48.00,NR,toluylene red,107.87,1.93,Ag,1.09
42,Ag,28.41,-33.33,HaCat,No,34.66,0.00,L,human,Keratinocyte,Adult,skin,24.00,NR,toluylene red,107.87,1.93,Ag,1.09
43,Ag,28.41,-33.33,HeLa,Yes,7.32,0.00,L,human,Epithelial,Adult,cervix,72.00,MTT,TetrazoliumSalt,107.87,1.93,Ag,1.09
44,Ag,28.41,-33.33,HeLa,Yes,8.14,0.00,L,human,Epithelial,Adult,cervix,48.00,MTT,TetrazoliumSalt,107.87,1.93,Ag,1.09
45,Ag,28.41,-33.33,HeLa,Yes,61.42,0.00,L,human,Epithelial,Adult,cervix,24.00,MTT,TetrazoliumSalt,107.87,1.93,Ag,1.09
46,Ag,28.41,-33.33,HeLa,Yes,6.92,0.00,L,human,Epithelial,Adult,cervix,72.00,MTT,TetrazoliumSalt,107.87,1.93,Ag,1.09
47,Ag,28.41,-33.33,HeLa,Yes,101.29,0.00,L,human,Epithelial,Adult,cervix,24.00,MTT,TetrazoliumSalt,107.87,1.93,Ag,1.09
48,Ag,28.41,-33.33,HeLa,Yes,3.66,0.00,L,human,Epithelial,Adult,cervix,48.00,MTT,TetrazoliumSalt,107.87,1.93,Ag,1.09
49,Ag,28.41,-33.33,HaCat,No,60.20,0.00,L,human,Keratinocyte,Adult,skin,24.00,MTT,TetrazoliumSalt,107.87,1.93,Ag,1.09
50,Ag,28.41,-33.33,HaCat,No,59.40,0.00,L,human,Keratinocyte,Adult,skin,48.00,MTT,TetrazoliumSalt,107.87,1.93,Ag,1.09
51,Ag,28.41,-33.33,HeLa,Yes,71.13,0.00,L,human,Epithelial,Adult,cervix,24.00,NR,toluylene red,107.87,1.93,Ag,1.09
52,Ag,28.41,-33.33,HaCat,No,19.15,0.00,L,human,Keratinocyte,Adult,skin,72.00,NR,toluylene red,107.87,1.93,Ag,1.09
53,Ag,28.41,-33.33,HeLa,Yes,44.90,0.00,L,human,Epithelial,Adult,cervix,72.00,NR,toluylene red,107.87,1.93,Ag,1.09
54,Ag,28.41,-33.33,HeLa,Yes,85.83,0.00,L,human,Epithelial,Adult,cervix,24.00,NR,toluylene red,107.87,1.93,Ag,1.09
55,Ag,28.41,-33.33,HaCat,No,22.80,0.00,L,human,Keratinocyte,Adult,skin,72.00,NR,toluylene red,107.87,1.93,Ag,1.09
56,Ag,28.41,-33.33,HaCat,No,23.26,0.00,L,human,Keratinocyte,Adult,skin,48.00,NR,toluylene red,107.87,1.93,Ag,1.09
57,Ag,28.41,-33.33,HaCat,No,35.11,0.00,L,human,Keratinocyte,Adult,skin,24.00,NR,toluylene red,107.87,1.93,Ag,1.09
58,Ag,28.41,-33.33,HaCat,No,22.35,0.00,L,human,Keratinocyte,Adult,skin,72.00,NR,toluylene red,107.87,1.93,Ag,1.09
59,Ag,28.41,-33.33,HeLa,Yes,27.02,0.00,L,human,Epithelial,Adult,cervix,48.00,NR,toluylene red,107.87,1.93,Ag,1.09
60,Ag,28.41,-33.33,HeLa,Yes,29.40,0.00,L,human,Epithelial,Adult,cervix,48.00,NR,toluylene red,107.87,1.93,Ag,1.09
61,Ag,28.41,-33.33,HeLa,Yes,60.79,0.00,L,human,Epithelial,Adult,cervix,24.00,NR,toluylene red,107.87,1.93,Ag,1.09
62,Ag,28.41,-33.33,HeLa,Yes,6.92,0.00,L,human,Epithelial,Adult,cervix,48.00,MTT,TetrazoliumSalt,107.87,1.93,Ag,1.09
63,Ag,28.41,-33.33,HeLa,Yes,58.98,0.00,L,human,Epithelial,Adult,cervix,24.00,MTT,TetrazoliumSalt,107.87,1.93,Ag,1.09
64,Ag,28.41,-33.33,HaCat,No,28.73,0.00,L,human,Keratinocyte,Adult,skin,48.00,NR,toluylene red,107.87,1.93,Ag,1.09
65,Ag,28.41,-33.33,HeLa,Yes,45.30,0.00,L,human,Epithelial,Adult,cervix,48.00,NR,toluylene red,107.87,1.93,Ag,1.09
66,Ag,28.41,-33.33,HaCat,No,55.02,0.00,L,human,Keratinocyte,Adult,skin,72.00,MTT,TetrazoliumSalt,107.87,1.93,Ag,1.09
67,Ag,28.41,-33.33,HeLa,Yes,40.13,0.00,L,human,Epithelial,Adult,cervix,72.00,NR,toluylene red,107.87,1.93,Ag,1.09
68,Ag,28.41,-33.33,HeLa,Yes,33.38,0.00,L,human,Epithelial,Adult,cervix,48.00,NR,toluylene red,107.87,1.93,Ag,1.09
69,Ag,28.41,-33.33,HaCat,No,70.17,0.00,L,human,Keratinocyte,Adult,skin,24.00,MTT,TetrazoliumSalt,107.87,1.93,Ag,1.09
70,Ag,28.41,-33.33,HeLa,Yes,19.87,0.00,L,human,Epithelial,Adult,cervix,72.00,NR,toluylene red,107.87,1.93,Ag,1.09
71,Ag,28.41,-33.33,HeLa,Yes,22.25,0.00,L,human,Epithelial,Adult,cervix,48.00,NR,toluylene red,107.87,1.93,Ag,1.09
72,Ag,28.41,-33.33,HeLa,Yes,43.31,0.00,L,human,Epithelial,Adult,cervix,24.00,NR,toluylene red,107.87,1.93,Ag,1.09
73,Ag,28.41,-33.33,HaCat,No,34.20,0.00,L,human,Keratinocyte,Adult,skin,24.00,NR,toluylene red,107.87,1.93,Ag,1.09
74,Ag,28.41,-33.33,HeLa,Yes,25.43,0.00,L,human,Epithelial,Adult,cervix,72.00,NR,toluylene red,107.87,1.93,Ag,1.09
75,Ag,28.41,-33.33,HeLa,Yes,49.67,0.00,L,human,Epithelial,Adult,cervix,24.00,NR,toluylene red,107.87,1.93,Ag,1.09
76,Ag,28.41,-33.33,HeLa,Yes,25.83,0.00,L,human,Epithelial,Adult,cervix,72.00,NR,toluylene red,107.87,1.93,Ag,1.09
77,Ag,28.41,-33.33,HeLa,Yes,26.62,0.00,L,human,Epithelial,Adult,cervix,48.00,NR,toluylene red,107.87,1.93,Ag,1.09
78,Ag,28.41,-33.33,HeLa,Yes,53.25,0.00,L,human,Epithelial,Adult,cervix,24.00,NR,toluylene red,107.87,1.93,Ag,1.09
79,Ag,28.41,-33.33,HeLa,Yes,27.81,0.00,L,human,Epithelial,Adult,cervix,72.00,NR,toluylene red,107.87,1.93,Ag,1.09
80,Ag,28.41,-33.33,HeLa,Yes,28.61,0.00,L,human,Epithelial,Adult,cervix,48.00,NR,toluylene red,107.87,1.93,Ag,1.09
81,Ag,28.41,-33.33,HeLa,Yes,27.81,0.00,L,human,Epithelial,Adult,cervix,72.00,NR,toluylene red,107.87,1.93,Ag,1.09
82,Ag,14.70,-20.00,Caco-2,Yes,18.06,0.00,L,human,Epithelial,Adult,colon,24.00,Promegas CTB Assay,AlamarBlue,107.87,1.93,Ag,1.09
83,Ag,14.70,-20.00,Caco-2,Yes,39.30,0.00,L,human,Epithelial,Adult,colon,24.00,Promegas CTB Assay,AlamarBlue,107.87,1.93,Ag,1.09
84,Ag,14.70,-20.00,Caco-2,Yes,72.23,0.00,L,human,Epithelial,Adult,colon,24.00,Promegas CTB Assay,AlamarBlue,107.87,1.93,Ag,1.09
85,Ag,28.41,-33.33,HeLa,Yes,10.98,0.00,L,human,Epithelial,Adult,cervix,24.00,MTT,TetrazoliumSalt,107.87,1.93,Ag,1.09
86,Ag,14.70,-20.00,Caco-2,Yes,43.13,0.00,L,human,Epithelial,Adult,colon,24.00,Promegas CTB Assay,AlamarBlue,107.87,1.93,Ag,1.09
87,Ag,14.70,-20.00,Caco-2,Yes,92.20,0.00,L,human,Epithelial,Adult,colon,24.00,Promegas CTB Assay,AlamarBlue,107.87,1.93,Ag,1.09
88,Ag,36.40,-23.10,KEC,No,84.48,0.00,P,human,Epithelial,Adult,skin,24.00,MTS,TetrazoliumSalt,107.87,1.93,Ag,1.09
89,Ag,28.41,-33.33,HeLa,Yes,3.25,0.00,L,human,Epithelial,Adult,cervix,72.00,MTT,TetrazoliumSalt,107.87,1.93,Ag,1.09
90,Ag,28.41,-33.33,HeLa,Yes,4.07,0.00,L,human,Epithelial,Adult,cervix,48.00,MTT,TetrazoliumSalt,107.87,1.93,Ag,1.09
91,Ag,14.70,-20.00,Caco-2,Yes,96.87,0.00,L,human,Epithelial,Adult,colon,24.00,Promegas CTB Assay,AlamarBlue,107.87,1.93,Ag,1.09
92,Ag,14.70,-20.00,Caco-2,Yes,96.02,0.00,L,human,Epithelial,Adult,colon,24.00,Promegas CTB Assay,AlamarBlue,107.87,1.93,Ag,1.09
93,Ag,27.02,-18.40,KEC,No,5.08,PVP,P,human,Epithelial,Adult,skin,48.00,MTS,TetrazoliumSalt,107.87,1.93,Ag,1.09
94,Ag,27.02,-18.40,KEC,No,17.29,PVP,P,human,Epithelial,Adult,skin,24.00,MTS,TetrazoliumSalt,107.87,1.93,Ag,1.09
95,Ag,27.02,-18.40,KEC,No,32.54,PVP,P,human,Epithelial,Adult,skin,48.00,MTS,TetrazoliumSalt,107.87,1.93,Ag,1.09
96,Ag,27.02,-18.40,KEC,No,75.25,PVP,P,human,Epithelial,Adult,skin,24.00,MTS,TetrazoliumSalt,107.87,1.93,Ag,1.09
97,Ag,27.02,-18.40,KEC,No,77.63,PVP,P,human,Epithelial,Adult,skin,48.00,MTS,TetrazoliumSalt,107.87,1.93,Ag,1.09
98,Ag,28.41,-33.33,HeLa,Yes,15.83,0.00,L,human,Epithelial,Adult,cervix,72.00,AlamarBlue,AlamarBlue,107.87,1.93,Ag,1.09
99,Ag,28.41,-33.33,HaCat,No,4.68,0.00,L,human,Keratinocyte,Adult,skin,72.00,AlamarBlue,AlamarBlue,107.87,1.93,Ag,1.09
100,Ag,28.41,-33.33,HeLa,Yes,7.92,0.00,L,human,Epithelial,Adult,cervix,72.00,AlamarBlue,AlamarBlue,107.87,1.93,Ag,1.09
101,Ag,28.41,-33.33,HeLa,Yes,57.92,0.00,L,human,Epithelial,Adult,cervix,24.00,AlamarBlue,AlamarBlue,107.87,1.93,Ag,1.09
102,Ag,28.41,-33.33,HeLa,Yes,10.83,0.00,L,human,Epithelial,Adult,cervix,48.00,AlamarBlue,AlamarBlue,107.87,1.93,Ag,1.09
103,Ag,28.41,-33.33,HeLa,Yes,67.15,0.00,L,human,Epithelial,Adult,cervix,24.00,NR,toluylene red,107.87,1.93,Ag,1.09
104,Ag,28.41,-33.33,HaCat,No,100.85,0.00,L,human,Keratinocyte,Adult,skin,24.00,AlamarBlue,AlamarBlue,107.87,1.93,Ag,1.09
105,Ag,27.02,-18.40,KEC,No,95.93,PVP,P,human,Epithelial,Adult,skin,24.00,MTS,TetrazoliumSalt,107.87,1.93,Ag,1.09
106,Ag,27.02,-18.40,KEC,No,102.71,PVP,P,human,Epithelial,Adult,skin,24.00,MTS,TetrazoliumSalt,107.87,1.93,Ag,1.09
107,Ag,36.40,-23.10,KEC,No,7.98,0.00,P,human,Epithelial,Adult,skin,48.00,MTS,TetrazoliumSalt,107.87,1.93,Ag,1.09
108,Ag,28.41,-33.33,HaCat,No,20.52,0.00,L,human,Keratinocyte,Adult,skin,72.00,NR,toluylene red,107.87,1.93,Ag,1.09
109,Ag,28.41,-33.33,HaCat,No,41.50,0.00,L,human,Keratinocyte,Adult,skin,24.00,NR,toluylene red,107.87,1.93,Ag,1.09
110,Ag,28.41,-33.33,HaCat,No,35.74,0.00,L,human,Keratinocyte,Adult,skin,72.00,AlamarBlue,AlamarBlue,107.87,1.93,Ag,1.09
111,Ag,28.41,-33.33,HaCat,No,38.72,0.00,L,human,Keratinocyte,Adult,skin,48.00,AlamarBlue,AlamarBlue,107.87,1.93,Ag,1.09
112,Ag,28.41,-33.33,HaCat,No,65.11,0.00,L,human,Keratinocyte,Adult,skin,24.00,AlamarBlue,AlamarBlue,107.87,1.93,Ag,1.09
113,Ag,28.41,-33.33,HaCat,No,55.32,0.00,L,human,Keratinocyte,Adult,skin,72.00,AlamarBlue,AlamarBlue,107.87,1.93,Ag,1.09
114,Ag,28.41,-33.33,HaCat,No,62.13,0.00,L,human,Keratinocyte,Adult,skin,48.00,AlamarBlue,AlamarBlue,107.87,1.93,Ag,1.09
115,Ag,28.41,-33.33,HaCat,No,34.47,0.00,L,human,Keratinocyte,Adult,skin,24.00,AlamarBlue,AlamarBlue,107.87,1.93,Ag,1.09
116,Ag,28.41,-33.33,HaCat,No,25.08,0.00,L,human,Keratinocyte,Adult,skin,72.00,NR,toluylene red,107.87,1.93,Ag,1.09
117,Ag,36.40,-23.10,KEC,No,26.88,0.00,P,human,Epithelial,Adult,skin,24.00,MTS,TetrazoliumSalt,107.87,1.93,Ag,1.09
118,Ag,36.40,-23.10,KEC,No,84.27,0.00,P,human,Epithelial,Adult,skin,48.00,MTS,TetrazoliumSalt,107.87,1.93,Ag,1.09
119,Ag,36.40,-23.10,KEC,No,77.49,0.00,P,human,Epithelial,Adult,skin,24.00,MTS,TetrazoliumSalt,107.87,1.93,Ag,1.09
120,Ag,36.40,-23.10,KEC,No,85.57,0.00,P,human,Epithelial,Adult,skin,48.00,MTS,TetrazoliumSalt,107.87,1.93,Ag,1.09
121,Ag,36.40,-23.10,KEC,No,82.17,0.00,P,human,Epithelial,Adult,skin,24.00,MTS,TetrazoliumSalt,107.87,1.93,Ag,1.09
122,Ag,36.40,-23.10,KEC,No,85.85,0.00,P,human,Epithelial,Adult,skin,48.00,MTS,TetrazoliumSalt,107.87,1.93,Ag,1.09
123,Ag,14.70,-20.00,Caco-2,Yes,100.06,0.00,L,human,Epithelial,Adult,colon,24.00,Promegas CTB Assay,AlamarBlue,107.87,1.93,Ag,1.09
124,Ag,27.02,-18.40,KEC,No,103.05,PVP,P,human,Epithelial,Adult,skin,48.00,MTS,TetrazoliumSalt,107.87,1.93,Ag,1.09
125,Ag,28.41,-33.33,HaCat,No,14.47,0.00,L,human,Keratinocyte,Adult,skin,48.00,AlamarBlue,AlamarBlue,107.87,1.93,Ag,1.09
126,Ag,28.41,-33.33,HaCat,No,9.36,0.00,L,human,Keratinocyte,Adult,skin,72.00,AlamarBlue,AlamarBlue,107.87,1.93,Ag,1.09
127,Ag,28.41,-33.33,HaCat,No,9.79,0.00,L,human,Keratinocyte,Adult,skin,24.00,AlamarBlue,AlamarBlue,107.87,1.93,Ag,1.09
128,Ag,28.41,-33.33,HaCat,No,8.94,0.00,L,human,Keratinocyte,Adult,skin,48.00,AlamarBlue,AlamarBlue,107.87,1.93,Ag,1.09
129,Ag,28.41,-33.33,HaCat,No,22.55,0.00,L,human,Keratinocyte,Adult,skin,48.00,AlamarBlue,AlamarBlue,107.87,1.93,Ag,1.09
130,Ag,28.41,-33.33,HaCat,No,17.02,0.00,L,human,Keratinocyte,Adult,skin,72.00,AlamarBlue,AlamarBlue,107.87,1.93,Ag,1.09
131,Ag,28.41,-33.33,HaCat,No,23.83,0.00,L,human,Keratinocyte,Adult,skin,24.00,AlamarBlue,AlamarBlue,107.87,1.93,Ag,1.09
132,Ag,28.41,-33.33,HeLa,Yes,92.50,0.00,L,human,Epithelial,Adult,cervix,24.00,AlamarBlue,AlamarBlue,107.87,1.93,Ag,1.09
133,Ag,28.41,-33.33,HaCat,No,4.26,0.00,L,human,Keratinocyte,Adult,skin,48.00,AlamarBlue,AlamarBlue,107.87,1.93,Ag,1.09
134,Ag,28.41,-33.33,HeLa,Yes,30.20,0.00,L,human,Epithelial,Adult,cervix,72.00,NR,toluylene red,107.87,1.93,Ag,1.09
135,Ag,28.41,-33.33,HaCat,No,38.76,0.00,L,human,Keratinocyte,Adult,skin,24.00,NR,toluylene red,107.87,1.93,Ag,1.09
136,Ag,28.41,-33.33,HeLa,Yes,32.08,0.00,L,human,Epithelial,Adult,cervix,48.00,AlamarBlue,AlamarBlue,107.87,1.93,Ag,1.09
137,Ag,28.41,-33.33,HaCat,No,4.26,0.00,L,human,Keratinocyte,Adult,skin,24.00,AlamarBlue,AlamarBlue,107.87,1.93,Ag,1.09
138,Ag,28.41,-33.33,HaCat,No,3.83,0.00,L,human,Keratinocyte,Adult,skin,72.00,AlamarBlue,AlamarBlue,107.87,1.93,Ag,1.09
139,Ag,28.41,-33.33,HaCat,No,6.81,0.00,L,human,Keratinocyte,Adult,skin,24.00,AlamarBlue,AlamarBlue,107.87,1.93,Ag,1.09
140,Ag,28.41,-33.33,HeLa,Yes,0.00,0.00,L,human,Epithelial,Adult,cervix,48.00,AlamarBlue,AlamarBlue,107.87,1.93,Ag,1.09
141,Ag,28.41,-33.33,HeLa,Yes,0.83,0.00,L,human,Epithelial,Adult,cervix,72.00,AlamarBlue,AlamarBlue,107.87,1.93,Ag,1.09
142,Ag,28.41,-33.33,HeLa,Yes,0.83,0.00,L,human,Epithelial,Adult,cervix,48.00,AlamarBlue,AlamarBlue,107.87,1.93,Ag,1.09
143,Ag,28.41,-33.33,HaCat,No,112.64,0.00,L,human,Keratinocyte,Adult,skin,24.00,NR,toluylene red,107.87,1.93,Ag,1.09
144,Ag,28.41,-33.33,HaCat,No,68.40,0.00,L,human,Keratinocyte,Adult,skin,24.00,NR,toluylene red,107.87,1.93,Ag,1.09
145,Ag,28.41,-33.33,HeLa,Yes,2.08,0.00,L,human,Epithelial,Adult,cervix,72.00,AlamarBlue,AlamarBlue,107.87,1.93,Ag,1.09
146,Ag,28.41,-33.33,HeLa,Yes,50.83,0.00,L,human,Epithelial,Adult,cervix,24.00,AlamarBlue,AlamarBlue,107.87,1.93,Ag,1.09
147,Ag,100.00,-20.00,hMSC,No,88.55,0.00,P,human,Mesenchymal,Adult,bone marrow,24.00,Live/Dead,CalceinAM,107.87,1.93,Ag,1.09
148,Ag,28.41,-33.33,HaCat,No,5.53,0.00,L,human,Keratinocyte,Adult,skin,48.00,AlamarBlue,AlamarBlue,107.87,1.93,Ag,1.09
149,Ag,28.41,-33.33,HeLa,Yes,2.08,0.00,L,human,Epithelial,Adult,cervix,48.00,AlamarBlue,AlamarBlue,107.87,1.93,Ag,1.09
150,Ag,28.41,-33.33,HeLa,Yes,0.00,0.00,L,human,Epithelial,Adult,cervix,72.00,AlamarBlue,AlamarBlue,107.87,1.93,Ag,1.09
151,Ag,28.41,-33.33,HaCat,No,65.67,0.00,L,human,Keratinocyte,Adult,skin,48.00,NR,toluylene red,107.87,1.93,Ag,1.09
152,Ag,28.41,-33.33,HaCat,No,92.57,0.00,L,human,Keratinocyte,Adult,skin,72.00,NR,toluylene red,107.87,1.93,Ag,1.09
153,Ag,28.41,-33.33,HaCat,No,104.43,0.00,L,human,Keratinocyte,Adult,skin,48.00,NR,toluylene red,107.87,1.93,Ag,1.09
154,Ag,28.41,-33.33,HaCat,No,39.22,0.00,L,human,Keratinocyte,Adult,skin,48.00,NR,toluylene red,107.87,1.93,Ag,1.09
155,Ag,28.41,-33.33,HaCat,No,4.68,0.00,L,human,Keratinocyte,Adult,skin,48.00,AlamarBlue,AlamarBlue,107.87,1.93,Ag,1.09
156,Ag,28.41,-33.33,HaCat,No,4.68,0.00,L,human,Keratinocyte,Adult,skin,72.00,AlamarBlue,AlamarBlue,107.87,1.93,Ag,1.09
157,Ag,28.41,-33.33,HaCat,No,3.40,0.00,L,human,Keratinocyte,Adult,skin,72.00,AlamarBlue,AlamarBlue,107.87,1.93,Ag,1.09
158,Ag,28.41,-33.33,HeLa,Yes,1.25,0.00,L,human,Epithelial,Adult,cervix,48.00,AlamarBlue,AlamarBlue,107.87,1.93,Ag,1.09
159,Ag,28.41,-33.33,HeLa,Yes,40.00,0.00,L,human,Epithelial,Adult,cervix,24.00,AlamarBlue,AlamarBlue,107.87,1.93,Ag,1.09
160,Ag,28.41,-33.33,HaCat,No,4.26,0.00,L,human,Keratinocyte,Adult,skin,24.00,AlamarBlue,AlamarBlue,107.87,1.93,Ag,1.09
161,Ag,28.41,-33.33,HeLa,Yes,1.25,0.00,L,human,Epithelial,Adult,cervix,72.00,AlamarBlue,AlamarBlue,107.87,1.93,Ag,1.09
162,Ag,28.41,-33.33,HeLa,Yes,39.17,0.00,L,human,Epithelial,Adult,cervix,24.00,AlamarBlue,AlamarBlue,107.87,1.93,Ag,1.09
163,Ag,28.41,-33.33,HeLa,Yes,0.42,0.00,L,human,Epithelial,Adult,cervix,48.00,AlamarBlue,AlamarBlue,107.87,1.93,Ag,1.09
164,Ag,28.41,-33.33,HeLa,Yes,1.25,0.00,L,human,Epithelial,Adult,cervix,72.00,AlamarBlue,AlamarBlue,107.87,1.93,Ag,1.09
165,Ag,28.41,-33.33,HeLa,Yes,36.25,0.00,L,human,Epithelial,Adult,cervix,24.00,AlamarBlue,AlamarBlue,107.87,1.93,Ag,1.09
166,Ag,28.41,-33.33,HaCat,No,46.97,0.00,L,human,Keratinocyte,Adult,skin,72.00,NR,toluylene red,107.87,1.93,Ag,1.09
167,Ag,28.41,-33.33,HeLa,Yes,0.00,0.00,L,human,Epithelial,Adult,cervix,72.00,AlamarBlue,AlamarBlue,107.87,1.93,Ag,1.09
168,Ag,28.41,-33.33,HeLa,Yes,1.25,0.00,L,human,Epithelial,Adult,cervix,48.00,AlamarBlue,AlamarBlue,107.87,1.93,Ag,1.09
169,Ag,28.41,-33.33,HeLa,Yes,48.33,0.00,L,human,Epithelial,Adult,cervix,24.00,AlamarBlue,AlamarBlue,107.87,1.93,Ag,1.09
170,Al2O3,239.00,8.67,HCMEC,No,26.58,0.00,P,human,Endothelial,Adult,heart,24.00,LDH,ldh activity assay kit,101.96,2.71,Al,0.68
171,Al2O3,239.00,8.67,HCMEC,No,26.55,0.00,P,human,Endothelial,Adult,heart,24.00,LDH,ldh activity assay kit,101.96,2.71,Al,0.68
172,Al2O3,45.00,8.67,SH-SY5Y,Yes,38.63,0.00,L,human,Epithelial,Adult,bone marrow,48.00,ApoTox-Glo™ Tripl,caspase-glo® 3/7 reagen,101.96,2.71,Al,0.68
173,Al2O3,45.00,8.67,SH-SY5Y,Yes,46.72,0.00,L,human,Epithelial,Adult,bone marrow,48.00,ApoTox-Glo™ Tripl,caspase-glo® 3/7 reagen,101.96,2.71,Al,0.68
174,Al2O3,28.00,8.67,CHO-K1,No,93.91,0.00,L,hamster,Epithelial,Adult,ovary,24.00,NR,toluylene red,101.96,2.71,Al,0.68
175,Al2O3,239.00,8.67,HCMEC,No,34.19,0.00,P,human,Endothelial,Adult,heart,24.00,LDH,ldh activity assay kit,101.96,2.71,Al,0.68
176,Al2O3,45.00,8.67,SH-SY5Y,Yes,57.90,0.00,L,human,Epithelial,Adult,bone marrow,48.00,ApoTox-Glo™ Tripl,caspase-glo® 3/7 reagen,101.96,2.71,Al,0.68
177,Al2O3,239.00,8.67,HCMEC,No,32.26,0.00,P,human,Endothelial,Adult,heart,24.00,LDH,ldh activity assay kit,101.96,2.71,Al,0.68
178,Al2O3,239.00,8.67,HCMEC,No,43.59,0.00,P,human,Endothelial,Adult,heart,24.00,LDH,ldh activity assay kit,101.96,2.71,Al,0.68
179,Al2O3,239.00,8.67,HCMEC,No,36.04,0.00,P,human,Endothelial,Adult,heart,24.00,LDH,ldh activity assay kit,101.96,2.71,Al,0.68
180,Al2O3,28.00,8.67,CHO-K1,No,99.57,0.00,L,hamster,Epithelial,Adult,ovary,24.00,NR,toluylene red,101.96,2.71,Al,0.68
181,Al2O3,239.00,8.67,HCMEC,No,43.65,0.00,P,human,Endothelial,Adult,heart,24.00,LDH,ldh activity assay kit,101.96,2.71,Al,0.68
182,Al2O3,239.00,8.67,HCMEC,No,98.88,0.00,P,human,Endothelial,Adult,heart,12.00,MTT,TetrazoliumSalt,101.96,2.71,Al,0.68
183,Al2O3,239.00,8.67,HCMEC,No,95.51,0.00,P,human,Endothelial,Adult,heart,12.00,MTT,TetrazoliumSalt,101.96,2.71,Al,0.68
184,Al2O3,239.00,8.67,HCMEC,No,37.11,0.00,P,human,Endothelial,Adult,heart,12.00,LDH,ldh activity assay kit,101.96,2.71,Al,0.68
185,Al2O3,239.00,8.67,HCMEC,No,32.24,0.00,P,human,Endothelial,Adult,heart,24.00,LDH,ldh activity assay kit,101.96,2.71,Al,0.68
186,Al2O3,239.00,8.67,HCMEC,No,95.51,0.00,P,human,Endothelial,Adult,heart,24.00,MTT,TetrazoliumSalt,101.96,2.71,Al,0.68
187,Al2O3,239.00,8.67,HCMEC,No,96.63,0.00,P,human,Endothelial,Adult,heart,12.00,MTT,TetrazoliumSalt,101.96,2.71,Al,0.68
188,Al2O3,239.00,8.67,HCMEC,No,44.64,0.00,P,human,Endothelial,Adult,heart,12.00,LDH,ldh activity assay kit,101.96,2.71,Al,0.68
189,Al2O3,239.00,8.67,HCMEC,No,93.26,0.00,P,human,Endothelial,Adult,heart,24.00,MTT,TetrazoliumSalt,101.96,2.71,Al,0.68
190,Al2O3,239.00,8.67,HCMEC,No,95.51,0.00,P,human,Endothelial,Adult,heart,12.00,MTT,TetrazoliumSalt,101.96,2.71,Al,0.68
191,Al2O3,239.00,8.67,HCMEC,No,40.92,0.00,P,human,Endothelial,Adult,heart,12.00,LDH,ldh activity assay kit,101.96,2.71,Al,0.68
192,Al2O3,28.00,8.67,CHO-K1,No,100.87,0.00,L,hamster,Epithelial,Adult,ovary,24.00,NR,toluylene red,101.96,2.71,Al,0.68
193,Al2O3,239.00,8.67,HCMEC,No,93.26,0.00,P,human,Endothelial,Adult,heart,12.00,MTT,TetrazoliumSalt,101.96,2.71,Al,0.68
194,Al2O3,239.00,8.67,HCMEC,No,96.63,0.00,P,human,Endothelial,Adult,heart,12.00,MTT,TetrazoliumSalt,101.96,2.71,Al,0.68
195,Al2O3,28.00,8.67,CHO-K1,No,79.43,0.00,L,hamster,Epithelial,Adult,ovary,24.00,MTT,TetrazoliumSalt,101.96,2.71,Al,0.68
196,Al2O3,239.00,8.67,HCMEC,No,45.50,0.00,P,human,Endothelial,Adult,heart,24.00,LDH,ldh activity assay kit,101.96,2.71,Al,0.68
197,Al2O3,28.00,8.67,CHO-K1,No,73.55,0.00,L,hamster,Epithelial,Adult,ovary,24.00,MTT,TetrazoliumSalt,101.96,2.71,Al,0.68
198,Al2O3,28.00,8.67,CHO-K1,No,80.66,0.00,L,hamster,Epithelial,Adult,ovary,24.00,MTT,TetrazoliumSalt,101.96,2.71,Al,0.68
199,Al2O3,239.00,8.67,HCMEC,No,101.12,0.00,P,human,Endothelial,Adult,heart,12.00,MTT,TetrazoliumSalt,101.96,2.71,Al,0.68
200,Al2O3,28.00,8.67,CHO-K1,No,76.09,0.00,L,hamster,Epithelial,Adult,ovary,24.00,NR,toluylene red,101.96,2.71,Al,0.68
201,Al2O3,239.00,8.67,HCMEC,No,97.75,0.00,P,human,Endothelial,Adult,heart,12.00,MTT,TetrazoliumSalt,101.96,2.71,Al,0.68
202,Al2O3,28.00,8.67,CHO-K1,No,67.10,0.00,L,hamster,Epithelial,Adult,ovary,24.00,MTT,TetrazoliumSalt,101.96,2.71,Al,0.68
203,Al2O3,239.00,8.67,HCMEC,No,94.38,0.00,P,human,Endothelial,Adult,heart,24.00,MTT,TetrazoliumSalt,101.96,2.71,Al,0.68
204,Al2O3,239.00,8.67,HCMEC,No,96.63,0.00,P,human,Endothelial,Adult,heart,24.00,MTT,TetrazoliumSalt,101.96,2.71,Al,0.68
205,Al2O3,239.00,8.67,HCMEC,No,33.22,0.00,P,human,Endothelial,Adult,heart,12.00,LDH,ldh activity assay kit,101.96,2.71,Al,0.68
206,Al2O3,239.00,8.67,HCMEC,No,33.25,0.00,P,human,Endothelial,Adult,heart,12.00,LDH,ldh activity assay kit,101.96,2.71,Al,0.68
207,Al2O3,239.00,8.67,HCMEC,No,35.18,0.00,P,human,Endothelial,Adult,heart,12.00,LDH,ldh activity assay kit,101.96,2.71,Al,0.68
208,Al2O3,239.00,8.67,HCMEC,No,33.34,0.00,P,human,Endothelial,Adult,heart,12.00,LDH,ldh activity assay kit,101.96,2.71,Al,0.68
209,Al2O3,28.00,8.67,CHO-K1,No,99.13,0.00,L,hamster,Epithelial,Adult,ovary,24.00,NR,toluylene red,101.96,2.71,Al,0.68
210,Al2O3,239.00,8.67,HCMEC,No,35.15,0.00,P,human,Endothelial,Adult,heart,12.00,LDH,ldh activity assay kit,101.96,2.71,Al,0.68
211,Al2O3,39.70,8.67,HCMEC,No,96.37,0.00,P,human,Epithelial,Adult,heart,12.00,MTT,TetrazoliumSalt,101.96,2.71,Al,0.68
212,Al2O3,239.00,8.67,HCMEC,No,83.15,0.00,P,human,Endothelial,Adult,heart,24.00,MTT,TetrazoliumSalt,101.96,2.71,Al,0.68
213,Al2O3,28.00,8.67,CHO-K1,No,98.79,0.00,L,hamster,Epithelial,Adult,ovary,24.00,NRU,NeutralRed,101.96,2.71,Al,0.68
214,Al2O3,39.70,8.67,HCMEC,No,91.80,0.00,P,human,Epithelial,Adult,heart,24.00,MTT,TetrazoliumSalt,101.96,2.71,Al,0.68
215,Al2O3,39.70,8.67,HCMEC,No,91.80,0.00,P,human,Epithelial,Adult,heart,24.00,MTT,TetrazoliumSalt,101.96,2.71,Al,0.68
216,Al2O3,39.70,8.67,HCMEC,No,95.74,0.00,P,human,Epithelial,Adult,heart,24.00,MTT,TetrazoliumSalt,101.96,2.71,Al,0.68
217,Al2O3,39.70,8.67,HCMEC,No,94.43,0.00,P,human,Epithelial,Adult,heart,24.00,MTT,TetrazoliumSalt,101.96,2.71,Al,0.68
218,Al2O3,39.70,8.67,HCMEC,No,93.77,0.00,P,human,Epithelial,Adult,heart,24.00,MTT,TetrazoliumSalt,101.96,2.71,Al,0.68
219,Al2O3,39.70,8.67,HCMEC,No,97.69,0.00,P,human,Epithelial,Adult,heart,12.00,MTT,TetrazoliumSalt,101.96,2.71,Al,0.68
220,Al2O3,39.70,8.67,HCMEC,No,92.46,0.00,P,human,Epithelial,Adult,heart,24.00,MTT,TetrazoliumSalt,101.96,2.71,Al,0.68
221,Al2O3,39.70,8.67,HCMEC,No,97.38,0.00,P,human,Epithelial,Adult,heart,24.00,MTT,TetrazoliumSalt,101.96,2.71,Al,0.68
222,Al2O3,39.70,8.67,HCMEC,No,96.37,0.00,P,human,Epithelial,Adult,heart,12.00,MTT,TetrazoliumSalt,101.96,2.71,Al,0.68
223,Al2O3,39.70,8.67,HCMEC,No,91.75,0.00,P,human,Epithelial,Adult,heart,12.00,MTT,TetrazoliumSalt,101.96,2.71,Al,0.68
224,Al2O3,39.70,8.67,HCMEC,No,97.03,0.00,P,human,Epithelial,Adult,heart,12.00,MTT,TetrazoliumSalt,101.96,2.71,Al,0.68
225,Al2O3,39.70,8.67,HCMEC,No,94.72,0.00,P,human,Epithelial,Adult,heart,12.00,MTT,TetrazoliumSalt,101.96,2.71,Al,0.68
226,Al2O3,39.70,8.67,HCMEC,No,95.38,0.00,P,human,Epithelial,Adult,heart,12.00,MTT,TetrazoliumSalt,101.96,2.71,Al,0.68
227,Al2O3,39.70,8.67,HCMEC,No,99.67,0.00,P,human,Epithelial,Adult,heart,12.00,MTT,TetrazoliumSalt,101.96,2.71,Al,0.68
228,Al2O3,39.70,8.67,HCMEC,No,82.30,0.00,P,human,Epithelial,Adult,heart,24.00,MTT,TetrazoliumSalt,101.96,2.71,Al,0.68
229,Al2O3,39.70,8.67,HCMEC,No,96.07,0.00,P,human,Epithelial,Adult,heart,24.00,MTT,TetrazoliumSalt,101.96,2.71,Al,0.68
230,Al2O3,28.00,8.67,CHO-K1,No,100.69,0.00,L,hamster,Epithelial,Adult,ovary,24.00,NRU,NeutralRed,101.96,2.71,Al,0.68
231,Al2O3,39.70,8.67,HCMEC,No,95.05,0.00,P,human,Epithelial,Adult,heart,12.00,MTT,TetrazoliumSalt,101.96,2.71,Al,0.68
232,Al2O3,239.00,8.67,HCMEC,No,42.82,0.00,P,human,Endothelial,Adult,heart,12.00,LDH,ldh activity assay kit,101.96,2.71,Al,0.68
233,Al2O3,13.00,8.67,HFL1,No,78.21,0.00,L,human,Fibroblast,Fetus,lung,48.00,MTT,TetrazoliumSalt,101.96,2.71,Al,0.68
234,Al2O3,28.00,8.67,CHO-K1,No,99.31,0.00,L,hamster,Epithelial,Adult,ovary,24.00,NRU,NeutralRed,101.96,2.71,Al,0.68
235,Al2O3,239.00,8.67,HCMEC,No,92.13,0.00,P,human,Endothelial,Adult,heart,24.00,MTT,TetrazoliumSalt,101.96,2.71,Al,0.68
236,Al2O3,239.00,8.67,HCMEC,No,96.63,0.00,P,human,Endothelial,Adult,heart,24.00,MTT,TetrazoliumSalt,101.96,2.71,Al,0.68
237,Al2O3,239.00,8.67,HCMEC,No,96.63,0.00,P,human,Endothelial,Adult,heart,12.00,MTT,TetrazoliumSalt,101.96,2.71,Al,0.68
238,Al2O3,239.00,8.67,HCMEC,No,97.75,0.00,P,human,Endothelial,Adult,heart,24.00,MTT,TetrazoliumSalt,101.96,2.71,Al,0.68
239,Al2O3,13.00,8.67,HFL1,No,85.48,0.00,L,human,Fibroblast,Fetus,lung,48.00,MTT,TetrazoliumSalt,101.96,2.71,Al,0.68
240,Al2O3,13.00,8.67,HFL1,No,88.45,0.00,L,human,Fibroblast,Fetus,lung,48.00,MTT,TetrazoliumSalt,101.96,2.71,Al,0.68
241,Al2O3,13.00,8.67,HFL1,No,90.88,0.00,L,human,Fibroblast,Fetus,lung,48.00,MTT,TetrazoliumSalt,101.96,2.71,Al,0.68
242,Al2O3,239.00,8.67,HCMEC,No,92.13,0.00,P,human,Endothelial,Adult,heart,24.00,MTT,TetrazoliumSalt,101.96,2.71,Al,0.68
243,Al2O3,13.00,8.67,HFL1,No,70.95,0.00,L,human,Fibroblast,Fetus,lung,48.00,MTT,TetrazoliumSalt,101.96,2.71,Al,0.68
244,Al2O3,28.00,8.67,CHO-K1,No,79.71,0.00,L,hamster,Epithelial,Adult,ovary,24.00,MTT,TetrazoliumSalt,101.96,2.71,Al,0.68
245,Al2O3,28.00,8.67,CHO-K1,No,67.68,0.00,L,hamster,Epithelial,Adult,ovary,24.00,MTT,TetrazoliumSalt,101.96,2.71,Al,0.68
246,Al2O3,28.00,8.67,CHO-K1,No,74.51,0.00,L,hamster,Epithelial,Adult,ovary,24.00,MTT,TetrazoliumSalt,101.96,2.71,Al,0.68
247,Al2O3,28.00,8.67,CHO-K1,No,81.15,0.00,L,hamster,Epithelial,Adult,ovary,24.00,MTT,TetrazoliumSalt,101.96,2.71,Al,0.68
248,Al2O3,28.00,8.67,CHO-K1,No,75.61,0.00,L,hamster,Epithelial,Adult,ovary,24.00,NRU,NeutralRed,101.96,2.71,Al,0.68
249,Al2O3,28.00,8.67,CHO-K1,No,93.08,0.00,L,hamster,Epithelial,Adult,ovary,24.00,NRU,NeutralRed,101.96,2.71,Al,0.68
250,Al2O3,13.00,8.67,RAW 264.7,Yes,54.03,0.00,L,mouse,Monocyte/Macrophage,Adult,ascites,24.00,CCK-8,TetrazoliumSalt,101.96,2.71,Al,0.68
251,Al2O3,13.00,8.67,RAW 264.7,Yes,54.32,0.00,L,mouse,Monocyte/Macrophage,Adult,ascites,24.00,CCK-8,TetrazoliumSalt,101.96,2.71,Al,0.68
252,Au,21.70,-7.60,HUVEC,No,96.99,PEG,P,human,Endothelial,Embryonic,umbilical cord,24.00,MTT,TetrazoliumSalt,196.97,2.54,Au,1.07
253,Au,25.00,24.40,MDA-MB-231,Yes,80.00,0.00,L,human,Epithelial,Adult,breast,48.00,MTT,TetrazoliumSalt,196.97,2.54,Au,1.07
254,Au,21.70,-7.60,HUVEC,No,94.15,PEG,P,human,Endothelial,Embryonic,umbilical cord,24.00,MTT,TetrazoliumSalt,196.97,2.54,Au,1.07
255,Au,21.70,-7.60,PC12,Yes,92.25,PEG,L,rat,Irregular,Adult,adrenal gland,24.00,MTT,TetrazoliumSalt,196.97,2.54,Au,1.07
256,Au,21.70,-7.60,HUVEC,No,85.69,PEG,P,human,Endothelial,Embryonic,umbilical cord,24.00,MTT,TetrazoliumSalt,196.97,2.54,Au,1.07
257,Au,21.70,-7.60,HUVEC,No,72.00,PEG,P,human,Endothelial,Embryonic,umbilical cord,24.00,MTT,TetrazoliumSalt,196.97,2.54,Au,1.07
258,Au,21.70,-7.60,HUVEC,No,53.66,PEG,P,human,Endothelial,Embryonic,umbilical cord,24.00,MTT,TetrazoliumSalt,196.97,2.54,Au,1.07
259,Au,21.70,-7.60,PC12,Yes,94.15,PEG,L,rat,Irregular,Adult,adrenal gland,24.00,MTT,TetrazoliumSalt,196.97,2.54,Au,1.07
260,Au,21.70,-7.60,PC12,Yes,96.37,PEG,L,rat,Irregular,Adult,adrenal gland,24.00,MTT,TetrazoliumSalt,196.97,2.54,Au,1.07
261,Au,21.70,-7.60,PC12,Yes,95.30,PEG,L,rat,Irregular,Adult,adrenal gland,24.00,MTT,TetrazoliumSalt,196.97,2.54,Au,1.07
262,Au,21.70,-7.60,PC12,Yes,84.10,PEG,L,rat,Irregular,Adult,adrenal gland,24.00,MTT,TetrazoliumSalt,196.97,2.54,Au,1.07
263,Au,21.70,-7.60,PC12,Yes,77.54,PEG,L,rat,Irregular,Adult,adrenal gland,24.00,MTT,TetrazoliumSalt,196.97,2.54,Au,1.07
264,Au,25.00,24.40,MDA-MB-231,Yes,62.41,0.00,L,human,Epithelial,Adult,breast,48.00,MTT,TetrazoliumSalt,196.97,2.54,Au,1.07
265,Au,21.70,-7.60,PC12,Yes,96.72,PEG,L,rat,Irregular,Adult,adrenal gland,24.00,MTT,TetrazoliumSalt,196.97,2.54,Au,1.07
266,Au,25.00,24.40,MDA-MB-231,Yes,66.21,0.00,L,human,Epithelial,Adult,breast,48.00,MTT,TetrazoliumSalt,196.97,2.54,Au,1.07
267,Au,25.00,24.40,MDA-MB-231,Yes,77.59,0.00,L,human,Epithelial,Adult,breast,48.00,MTT,TetrazoliumSalt,196.97,2.54,Au,1.07
268,Au,21.70,-7.60,C17.2,No,93.27,PEG,L,mouse,Neuronal,Adult,brain,24.00,MTT,TetrazoliumSalt,196.97,2.54,Au,1.07
269,Au,21.70,-7.60,C17.2,No,95.39,PEG,L,mouse,Neuronal,Adult,brain,24.00,MTT,TetrazoliumSalt,196.97,2.54,Au,1.07
270,Au,21.70,-7.60,C17.2,No,71.34,PEG,L,mouse,Neuronal,Adult,brain,24.00,MTT,TetrazoliumSalt,196.97,2.54,Au,1.07
271,Au,21.70,-7.60,C17.2,No,82.24,PEG,L,mouse,Neuronal,Adult,brain,24.00,MTT,TetrazoliumSalt,196.97,2.54,Au,1.07
272,Au,21.70,-7.60,C17.2,No,88.17,PEG,L,mouse,Neuronal,Adult,brain,24.00,MTT,TetrazoliumSalt,196.97,2.54,Au,1.07
273,Au,21.70,-7.60,C17.2,No,91.45,PEG,L,mouse,Neuronal,Adult,brain,24.00,MTT,TetrazoliumSalt,196.97,2.54,Au,1.07
274,Au,21.70,-7.60,HUVEC,No,91.94,PEG,P,human,Endothelial,Embryonic,umbilical cord,24.00,MTT,TetrazoliumSalt,196.97,2.54,Au,1.07
275,Au,90.00,24.40,NHDF,No,81.46,0.00,L,human,Fibroblast,Adult,skin,48.00,MTT,TetrazoliumSalt,196.97,2.54,Au,1.07
276,Au,215.00,24.40,MG-63,Yes,90.36,0.00,L,human,Fibroblast,Adult,bone,24.00,MTT,TetrazoliumSalt,196.97,2.54,Au,1.07
277,Au,90.00,24.40,NHDF,No,99.14,0.00,L,human,Fibroblast,Adult,skin,48.00,MTT,TetrazoliumSalt,196.97,2.54,Au,1.07
278,Au,90.00,24.40,NHDF,No,85.91,0.00,L,human,Fibroblast,Adult,skin,48.00,MTT,TetrazoliumSalt,196.97,2.54,Au,1.07
279,Au,90.00,24.40,NHDF,No,71.20,0.00,L,human,Fibroblast,Adult,skin,48.00,MTT,TetrazoliumSalt,196.97,2.54,Au,1.07
280,Au,18.00,24.40,MG-63,Yes,66.24,0.00,L,human,Fibroblast,Adult,bone,24.00,MTT,TetrazoliumSalt,196.97,2.54,Au,1.07
281,Au,18.00,24.40,MG-63,Yes,64.85,0.00,L,human,Fibroblast,Adult,bone,24.00,MTT,TetrazoliumSalt,196.97,2.54,Au,1.07
282,Au,18.00,24.40,MG-63,Yes,88.20,0.00,L,human,Fibroblast,Adult,bone,24.00,MTT,TetrazoliumSalt,196.97,2.54,Au,1.07
283,Au,50.00,24.40,NHDF,No,7.11,0.00,L,human,Fibroblast,Adult,skin,48.00,MTT,TetrazoliumSalt,196.97,2.54,Au,1.07
284,Au,50.00,24.40,NHDF,No,68.40,0.00,L,human,Fibroblast,Adult,skin,48.00,MTT,TetrazoliumSalt,196.97,2.54,Au,1.07
285,Au,50.00,24.40,NHDF,No,77.28,0.00,L,human,Fibroblast,Adult,skin,48.00,MTT,TetrazoliumSalt,196.97,2.54,Au,1.07
286,Au,50.00,24.40,NHDF,No,83.12,0.00,L,human,Fibroblast,Adult,skin,48.00,MTT,TetrazoliumSalt,196.97,2.54,Au,1.07
287,Au,50.00,24.40,NHDF,No,97.46,0.00,L,human,Fibroblast,Adult,skin,48.00,MTT,TetrazoliumSalt,196.97,2.54,Au,1.07
288,Au,6.00,24.40,HEK-293,No,81.48,0.00,L,human,Epithelial,Embryonic,kidney,24.00,MTT,TetrazoliumSalt,196.97,2.54,Au,1.07
289,Au,6.00,24.40,HEK-293,No,89.92,0.00,L,human,Epithelial,Embryonic,kidney,24.00,MTT,TetrazoliumSalt,196.97,2.54,Au,1.07
290,Au,6.00,24.40,HEK-293,No,93.53,0.00,L,human,Epithelial,Embryonic,kidney,24.00,MTT,TetrazoliumSalt,196.97,2.54,Au,1.07
291,Au,6.00,24.40,HEK-293,No,94.30,0.00,L,human,Epithelial,Embryonic,kidney,24.00,MTT,TetrazoliumSalt,196.97,2.54,Au,1.07
292,Au,6.30,24.40,hFOB1.19,No,100.29,0.00,L,human,Osteoblast,Fetus,bone,24.00,NRU,NeutralRed,196.97,2.54,Au,1.07
293,Au,6.30,24.40,hFOB1.19,No,99.42,0.00,L,human,Osteoblast,Fetus,bone,24.00,NRU,NeutralRed,196.97,2.54,Au,1.07
294,Au,6.30,24.40,hFOB1.19,No,100.29,0.00,L,human,Osteoblast,Fetus,bone,24.00,NRU,NeutralRed,196.97,2.54,Au,1.07
295,Au,6.30,24.40,hFOB1.19,No,98.71,0.00,L,human,Osteoblast,Fetus,bone,24.00,NRU,NeutralRed,196.97,2.54,Au,1.07
296,Au,18.00,24.40,MG-63,Yes,94.42,0.00,L,human,Fibroblast,Adult,bone,24.00,MTT,TetrazoliumSalt,196.97,2.54,Au,1.07
297,Au,18.00,24.40,MG-63,Yes,92.89,0.00,L,human,Fibroblast,Adult,bone,24.00,MTT,TetrazoliumSalt,196.97,2.54,Au,1.07
298,Au,30.00,24.40,NHDF,No,80.58,0.00,L,human,Fibroblast,Adult,skin,48.00,MTT,TetrazoliumSalt,196.97,2.54,Au,1.07
299,Au,30.00,24.40,NHDF,No,67.39,0.00,L,human,Fibroblast,Adult,skin,48.00,MTT,TetrazoliumSalt,196.97,2.54,Au,1.07
300,Au,215.00,24.40,MG-63,Yes,88.20,0.00,L,human,Fibroblast,Adult,bone,24.00,MTT,TetrazoliumSalt,196.97,2.54,Au,1.07
301,Au,30.00,24.40,NHDF,No,96.19,0.00,L,human,Fibroblast,Adult,skin,72.00,MTT,TetrazoliumSalt,196.97,2.54,Au,1.07
302,Au,30.00,24.40,NHDF,No,5.71,0.00,L,human,Fibroblast,Adult,skin,48.00,MTT,TetrazoliumSalt,196.97,2.54,Au,1.07
303,Au,90.00,24.40,NHDF,No,13.23,0.00,L,human,Fibroblast,Adult,skin,72.00,MTT,TetrazoliumSalt,196.97,2.54,Au,1.07
304,Au,90.00,24.40,NHDF,No,68.36,0.00,L,human,Fibroblast,Adult,skin,72.00,MTT,TetrazoliumSalt,196.97,2.54,Au,1.07
305,Au,6.30,24.40,143B,Yes,102.45,0.00,L,human,Mixed,Adult,bone,24.00,NRU,NeutralRed,196.97,2.54,Au,1.07
306,Au,90.00,24.40,NHDF,No,84.92,0.00,L,human,Fibroblast,Adult,skin,72.00,MTT,TetrazoliumSalt,196.97,2.54,Au,1.07
307,Au,90.00,24.40,NHDF,No,97.78,0.00,L,human,Fibroblast,Adult,skin,72.00,MTT,TetrazoliumSalt,196.97,2.54,Au,1.07
308,Au,50.00,24.40,NHDF,No,7.11,0.00,L,human,Fibroblast,Adult,skin,72.00,MTT,TetrazoliumSalt,196.97,2.54,Au,1.07
309,Au,50.00,24.40,NHDF,No,66.12,0.00,L,human,Fibroblast,Adult,skin,72.00,MTT,TetrazoliumSalt,196.97,2.54,Au,1.07
310,Au,50.00,24.40,NHDF,No,77.03,0.00,L,human,Fibroblast,Adult,skin,72.00,MTT,TetrazoliumSalt,196.97,2.54,Au,1.07
311,Au,50.00,24.40,NHDF,No,82.49,0.00,L,human,Fibroblast,Adult,skin,72.00,MTT,TetrazoliumSalt,196.97,2.54,Au,1.07
312,Au,50.00,24.40,NHDF,No,96.70,0.00,L,human,Fibroblast,Adult,skin,72.00,MTT,TetrazoliumSalt,196.97,2.54,Au,1.07
313,Au,30.00,24.40,NHDF,No,5.46,0.00,L,human,Fibroblast,Adult,skin,72.00,MTT,TetrazoliumSalt,196.97,2.54,Au,1.07
314,Au,30.00,24.40,NHDF,No,65.61,0.00,L,human,Fibroblast,Adult,skin,72.00,MTT,TetrazoliumSalt,196.97,2.54,Au,1.07
315,Au,30.00,24.40,NHDF,No,74.11,0.00,L,human,Fibroblast,Adult,skin,72.00,MTT,TetrazoliumSalt,196.97,2.54,Au,1.07
316,Au,30.00,24.40,NHDF,No,80.58,0.00,L,human,Fibroblast,Adult,skin,72.00,MTT,TetrazoliumSalt,196.97,2.54,Au,1.07
317,Au,90.00,24.40,NHDF,No,13.23,0.00,L,human,Fibroblast,Adult,skin,48.00,MTT,TetrazoliumSalt,196.97,2.54,Au,1.07
318,Au,6.00,24.40,MCF-7,Yes,86.15,0.00,L,human,Epithelial,Adult,breast,24.00,MTT,TetrazoliumSalt,196.97,2.54,Au,1.07
319,Au,6.00,24.40,MCF-7,Yes,32.09,0.00,L,human,Epithelial,Adult,breast,24.00,MTT,TetrazoliumSalt,196.97,2.54,Au,1.07
320,Au,6.30,24.40,hFOB1.19,No,99.74,0.00,L,human,Osteoblast,Fetus,bone,24.00,MTT,TetrazoliumSalt,196.97,2.54,Au,1.07
321,Au,215.00,24.40,hFOB1.19,No,40.81,0.00,L,human,Osteoblast,Fetus,bone,24.00,MTT,TetrazoliumSalt,196.97,2.54,Au,1.07
322,Au,6.30,24.40,hFOB1.19,No,97.26,0.00,L,human,Osteoblast,Fetus,bone,24.00,MTT,TetrazoliumSalt,196.97,2.54,Au,1.07
323,Au,6.00,24.40,HeLa,Yes,96.19,0.00,L,human,Epithelial,Adult,cervix,24.00,MTT,TetrazoliumSalt,196.97,2.54,Au,1.07
324,Au,6.00,24.40,A549,Yes,30.26,0.00,L,human,Epithelial,Adult,lung,24.00,MTT,TetrazoliumSalt,196.97,2.54,Au,1.07
325,Au,215.00,24.40,hFOB1.19,No,44.33,0.00,L,human,Osteoblast,Fetus,bone,24.00,MTT,TetrazoliumSalt,196.97,2.54,Au,1.07
326,Au,6.30,24.40,hFOB1.19,No,99.09,0.00,L,human,Osteoblast,Fetus,bone,24.00,MTT,TetrazoliumSalt,196.97,2.54,Au,1.07
327,Au,6.30,24.40,143B,Yes,101.36,0.00,L,human,Mixed,Adult,bone,24.00,NRU,NeutralRed,196.97,2.54,Au,1.07
328,Au,6.00,24.40,A549,Yes,78.22,0.00,L,human,Epithelial,Adult,lung,24.00,MTT,TetrazoliumSalt,196.97,2.54,Au,1.07
329,Au,6.00,24.40,A549,Yes,68.80,0.00,L,human,Epithelial,Adult,lung,24.00,MTT,TetrazoliumSalt,196.97,2.54,Au,1.07
330,Au,6.00,24.40,A549,Yes,52.14,0.00,L,human,Epithelial,Adult,lung,24.00,MTT,TetrazoliumSalt,196.97,2.54,Au,1.07
331,Au,6.00,24.40,MCF-7,Yes,43.92,0.00,L,human,Epithelial,Adult,breast,24.00,MTT,TetrazoliumSalt,196.97,2.54,Au,1.07
332,Au,25.00,24.40,A549,Yes,96.78,0.00,L,human,Epithelial,Adult,lung,4.00,CCK-8,TetrazoliumSalt,196.97,2.54,Au,1.07
333,Au,25.00,24.40,A549,Yes,69.44,0.00,L,human,Epithelial,Adult,lung,4.00,CCK-8,TetrazoliumSalt,196.97,2.54,Au,1.07
334,Au,25.00,24.40,A549,Yes,21.72,0.00,L,human,Epithelial,Adult,lung,4.00,CCK-8,TetrazoliumSalt,196.97,2.54,Au,1.07
335,Au,25.00,24.40,A549,Yes,15.01,0.00,L,human,Epithelial,Adult,lung,4.00,CCK-8,TetrazoliumSalt,196.97,2.54,Au,1.07
336,Au,25.00,24.40,A549,Yes,7.77,0.00,L,human,Epithelial,Adult,lung,4.00,CCK-8,TetrazoliumSalt,196.97,2.54,Au,1.07
337,Au,25.00,24.40,A549,Yes,6.97,0.00,L,human,Epithelial,Adult,lung,4.00,CCK-8,TetrazoliumSalt,196.97,2.54,Au,1.07
338,Au,6.00,24.40,HeLa,Yes,47.09,0.00,L,human,Epithelial,Adult,cervix,24.00,MTT,TetrazoliumSalt,196.97,2.54,Au,1.07
339,Au,6.00,24.40,HeLa,Yes,37.25,0.00,L,human,Epithelial,Adult,cervix,24.00,MTT,TetrazoliumSalt,196.97,2.54,Au,1.07
340,Au,18.00,24.40,hFOB1.19,No,75.88,0.00,L,human,Osteoblast,Fetus,bone,24.00,MTT,TetrazoliumSalt,196.97,2.54,Au,1.07
341,Au,18.00,24.40,hFOB1.19,No,79.27,0.00,L,human,Osteoblast,Fetus,bone,24.00,MTT,TetrazoliumSalt,196.97,2.54,Au,1.07
342,Au,18.00,24.40,hFOB1.19,No,82.01,0.00,L,human,Osteoblast,Fetus,bone,24.00,MTT,TetrazoliumSalt,196.97,2.54,Au,1.07
343,Au,18.00,24.40,hFOB1.19,No,84.88,0.00,L,human,Osteoblast,Fetus,bone,24.00,MTT,TetrazoliumSalt,196.97,2.54,Au,1.07
344,Au,215.00,24.40,hFOB1.19,No,76.69,0.00,L,human,Osteoblast,Fetus,bone,24.00,NRU,NeutralRed,196.97,2.54,Au,1.07
345,Au,215.00,24.40,hFOB1.19,No,77.41,0.00,L,human,Osteoblast,Fetus,bone,24.00,NRU,NeutralRed,196.97,2.54,Au,1.07
346,Au,215.00,24.40,hFOB1.19,No,84.75,0.00,L,human,Osteoblast,Fetus,bone,24.00,NRU,NeutralRed,196.97,2.54,Au,1.07
347,Au,215.00,24.40,hFOB1.19,No,98.99,0.00,L,human,Osteoblast,Fetus,bone,24.00,NRU,NeutralRed,196.97,2.54,Au,1.07
348,Au,18.00,24.40,hFOB1.19,No,72.81,0.00,L,human,Osteoblast,Fetus,bone,24.00,NRU,NeutralRed,196.97,2.54,Au,1.07
349,Au,18.00,24.40,hFOB1.19,No,96.55,0.00,L,human,Osteoblast,Fetus,bone,24.00,NRU,NeutralRed,196.97,2.54,Au,1.07
350,Au,18.00,24.40,hFOB1.19,No,100.58,0.00,L,human,Osteoblast,Fetus,bone,24.00,NRU,NeutralRed,196.97,2.54,Au,1.07
351,Au,18.00,24.40,hFOB1.19,No,72.49,0.00,L,human,Osteoblast,Fetus,bone,24.00,MTT,TetrazoliumSalt,196.97,2.54,Au,1.07
352,Au,215.00,24.40,MG-63,Yes,26.42,0.00,L,human,Fibroblast,Adult,bone,24.00,NRU,NeutralRed,196.97,2.54,Au,1.07
353,Au,215.00,24.40,hFOB1.19,No,91.27,0.00,L,human,Osteoblast,Fetus,bone,24.00,MTT,TetrazoliumSalt,196.97,2.54,Au,1.07
354,Au,215.00,24.40,hFOB1.19,No,66.62,0.00,L,human,Osteoblast,Fetus,bone,24.00,MTT,TetrazoliumSalt,196.97,2.54,Au,1.07
355,Au,6.30,24.40,hFOB1.19,No,97.52,0.00,L,human,Osteoblast,Fetus,bone,24.00,MTT,TetrazoliumSalt,196.97,2.54,Au,1.07
356,Au,215.00,24.40,hFOB1.19,No,41.73,0.00,L,human,Osteoblast,Fetus,bone,24.00,NRU,NeutralRed,196.97,2.54,Au,1.07
357,Au,6.30,24.40,hFOB1.19,No,100.00,0.00,L,human,Osteoblast,Fetus,bone,24.00,NRU,NeutralRed,196.97,2.54,Au,1.07
358,Au,6.30,24.40,MG-63,Yes,99.11,0.00,L,human,Fibroblast,Adult,bone,24.00,MTT,TetrazoliumSalt,196.97,2.54,Au,1.07
359,Au,6.30,24.40,MG-63,Yes,99.11,0.00,L,human,Fibroblast,Adult,bone,24.00,MTT,TetrazoliumSalt,196.97,2.54,Au,1.07
360,Au,6.30,24.40,MG-63,Yes,99.11,0.00,L,human,Fibroblast,Adult,bone,24.00,MTT,TetrazoliumSalt,196.97,2.54,Au,1.07
361,Au,6.30,24.40,hFOB1.19,No,96.61,0.00,L,human,Osteoblast,Fetus,bone,24.00,MTT,TetrazoliumSalt,196.97,2.54,Au,1.07
362,Au,18.00,24.40,hFOB1.19,No,98.71,0.00,L,human,Osteoblast,Fetus,bone,24.00,NRU,NeutralRed,196.97,2.54,Au,1.07
363,Au,18.00,24.40,hFOB1.19,No,100.29,0.00,L,human,Osteoblast,Fetus,bone,24.00,NRU,NeutralRed,196.97,2.54,Au,1.07
364,Au,215.00,24.40,hFOB1.19,No,90.35,0.00,L,human,Osteoblast,Fetus,bone,24.00,MTT,TetrazoliumSalt,196.97,2.54,Au,1.07
365,Au,6.30,24.40,143B,Yes,102.99,0.00,L,human,Mixed,Adult,bone,24.00,NRU,NeutralRed,196.97,2.54,Au,1.07
366,Au,215.00,24.40,143B,Yes,14.76,0.00,L,human,Mixed,Adult,bone,24.00,MTT,TetrazoliumSalt,196.97,2.54,Au,1.07
367,Au,215.00,24.40,MG-63,Yes,83.50,0.00,L,human,Fibroblast,Adult,bone,24.00,MTT,TetrazoliumSalt,196.97,2.54,Au,1.07
368,Au,90.00,24.40,NHDF,No,81.46,0.00,L,human,Fibroblast,Adult,skin,72.00,MTT,TetrazoliumSalt,196.97,2.54,Au,1.07
369,Au,215.00,24.40,MG-63,Yes,13.33,0.00,L,human,Fibroblast,Adult,bone,24.00,MTT,TetrazoliumSalt,196.97,2.54,Au,1.07
370,Au,215.00,24.40,143B,Yes,16.38,0.00,L,human,Mixed,Adult,bone,24.00,MTT,TetrazoliumSalt,196.97,2.54,Au,1.07
371,Au,18.00,24.40,143B,Yes,70.72,0.00,L,human,Mixed,Adult,bone,24.00,MTT,TetrazoliumSalt,196.97,2.54,Au,1.07
372,Au,18.00,24.40,143B,Yes,84.99,0.00,L,human,Mixed,Adult,bone,24.00,MTT,TetrazoliumSalt,196.97,2.54,Au,1.07
373,Au,6.30,24.40,MG-63,Yes,100.00,0.00,L,human,Fibroblast,Adult,bone,24.00,NRU,NeutralRed,196.97,2.54,Au,1.07
374,Au,6.30,24.40,MG-63,Yes,98.74,0.00,L,human,Fibroblast,Adult,bone,24.00,NRU,NeutralRed,196.97,2.54,Au,1.07
375,Au,6.30,24.40,MG-63,Yes,99.49,0.00,L,human,Fibroblast,Adult,bone,24.00,NRU,NeutralRed,196.97,2.54,Au,1.07
376,Au,6.30,24.40,MG-63,Yes,99.75,0.00,L,human,Fibroblast,Adult,bone,24.00,NRU,NeutralRed,196.97,2.54,Au,1.07
377,Au,215.00,24.40,MG-63,Yes,82.43,0.00,L,human,Fibroblast,Adult,bone,24.00,NRU,NeutralRed,196.97,2.54,Au,1.07
378,Au,18.00,24.40,143B,Yes,86.85,0.00,L,human,Mixed,Adult,bone,24.00,MTT,TetrazoliumSalt,196.97,2.54,Au,1.07
379,Au,215.00,24.40,MG-63,Yes,87.11,0.00,L,human,Fibroblast,Adult,bone,24.00,NRU,NeutralRed,196.97,2.54,Au,1.07
380,Au,215.00,24.40,MG-63,Yes,99.75,0.00,L,human,Fibroblast,Adult,bone,24.00,NRU,NeutralRed,196.97,2.54,Au,1.07
381,Au,18.00,24.40,MG-63,Yes,74.21,0.00,L,human,Fibroblast,Adult,bone,24.00,NRU,NeutralRed,196.97,2.54,Au,1.07
382,Au,18.00,24.40,MG-63,Yes,80.03,0.00,L,human,Fibroblast,Adult,bone,24.00,NRU,NeutralRed,196.97,2.54,Au,1.07
383,Au,215.00,24.40,143B,Yes,26.22,0.00,L,human,Mixed,Adult,bone,24.00,NRU,NeutralRed,196.97,2.54,Au,1.07
384,Au,215.00,24.40,143B,Yes,66.17,0.00,L,human,Mixed,Adult,bone,24.00,NRU,NeutralRed,196.97,2.54,Au,1.07
385,Au,215.00,24.40,143B,Yes,82.34,0.00,L,human,Mixed,Adult,bone,24.00,NRU,NeutralRed,196.97,2.54,Au,1.07
386,Au,215.00,24.40,143B,Yes,97.01,0.00,L,human,Mixed,Adult,bone,24.00,NRU,NeutralRed,196.97,2.54,Au,1.07
387,Au,18.00,24.40,143B,Yes,79.35,0.00,L,human,Mixed,Adult,bone,24.00,NRU,NeutralRed,196.97,2.54,Au,1.07
388,Au,18.00,24.40,143B,Yes,87.09,0.00,L,human,Mixed,Adult,bone,24.00,NRU,NeutralRed,196.97,2.54,Au,1.07
389,Au,18.00,24.40,143B,Yes,98.37,0.00,L,human,Mixed,Adult,bone,24.00,NRU,NeutralRed,196.97,2.54,Au,1.07
390,Au,18.00,24.40,143B,Yes,98.37,0.00,L,human,Mixed,Adult,bone,24.00,NRU,NeutralRed,196.97,2.54,Au,1.07
391,Au,18.00,24.40,143B,Yes,101.63,0.00,L,human,Mixed,Adult,bone,24.00,NRU,NeutralRed,196.97,2.54,Au,1.07
392,Au,6.30,24.40,143B,Yes,86.10,0.00,L,human,Mixed,Adult,bone,24.00,MTT,TetrazoliumSalt,196.97,2.54,Au,1.07
393,Au,6.30,24.40,143B,Yes,88.83,0.00,L,human,Mixed,Adult,bone,24.00,MTT,TetrazoliumSalt,196.97,2.54,Au,1.07
394,Au,6.30,24.40,143B,Yes,89.83,0.00,L,human,Mixed,Adult,bone,24.00,MTT,TetrazoliumSalt,196.97,2.54,Au,1.07
395,Au,6.30,24.40,143B,Yes,89.58,0.00,L,human,Mixed,Adult,bone,24.00,MTT,TetrazoliumSalt,196.97,2.54,Au,1.07
396,Au,6.30,24.40,143B,Yes,94.54,0.00,L,human,Mixed,Adult,bone,24.00,MTT,TetrazoliumSalt,196.97,2.54,Au,1.07
397,Au,215.00,24.40,143B,Yes,13.90,0.00,L,human,Mixed,Adult,bone,24.00,MTT,TetrazoliumSalt,196.97,2.54,Au,1.07
398,Au,215.00,24.40,MG-63,Yes,23.22,0.00,L,human,Fibroblast,Adult,bone,24.00,MTT,TetrazoliumSalt,196.97,2.54,Au,1.07
399,Au,215.00,24.40,143B,Yes,16.38,0.00,L,human,Mixed,Adult,bone,24.00,MTT,TetrazoliumSalt,196.97,2.54,Au,1.07
400,Au,215.00,24.40,143B,Yes,17.12,0.00,L,human,Mixed,Adult,bone,24.00,NRU,NeutralRed,196.97,2.54,Au,1.07
401,Au,18.00,24.40,MG-63,Yes,81.04,0.00,L,human,Fibroblast,Adult,bone,24.00,NRU,NeutralRed,196.97,2.54,Au,1.07
402,Au,18.00,24.40,MG-63,Yes,90.65,0.00,L,human,Fibroblast,Adult,bone,24.00,NRU,NeutralRed,196.97,2.54,Au,1.07
403,Au,18.00,24.40,MG-63,Yes,95.07,0.00,L,human,Fibroblast,Adult,bone,24.00,NRU,NeutralRed,196.97,2.54,Au,1.07
404,Au,6.30,24.40,MG-63,Yes,95.31,0.00,L,human,Fibroblast,Adult,bone,24.00,MTT,TetrazoliumSalt,196.97,2.54,Au,1.07
405,Au,6.30,24.40,MG-63,Yes,94.16,0.00,L,human,Fibroblast,Adult,bone,24.00,MTT,TetrazoliumSalt,196.97,2.54,Au,1.07
406,Au,6.30,24.40,MG-63,Yes,100.00,0.00,L,human,Fibroblast,Adult,bone,24.00,NRU,NeutralRed,196.97,2.54,Au,1.07
407,Au,18.00,24.40,143B,Yes,85.48,0.00,L,human,Mixed,Adult,bone,24.00,MTT,TetrazoliumSalt,196.97,2.54,Au,1.07
408,Au,18.00,24.40,143B,Yes,54.09,0.00,L,human,Mixed,Adult,bone,24.00,MTT,TetrazoliumSalt,196.97,2.54,Au,1.07
409,Au,6.30,24.40,143B,Yes,103.26,0.00,L,human,Mixed,Adult,bone,24.00,NRU,NeutralRed,196.97,2.54,Au,1.07
410,Au,215.00,24.40,143B,Yes,67.99,0.00,L,human,Mixed,Adult,bone,24.00,MTT,TetrazoliumSalt,196.97,2.54,Au,1.07
411,Au,270.00,24.40,RAW 264.7,Yes,93.16,0.00,L,mouse,Monocyte/Macrophage,Adult,ascites,48.00,Live/Dead,PropidiumIodide,196.97,2.54,Au,1.07
412,Au,6.30,24.40,143B,Yes,103.26,0.00,L,human,Mixed,Adult,bone,24.00,NRU,NeutralRed,196.97,2.54,Au,1.07
413,Au,6.00,24.40,MCF-7,Yes,69.68,0.00,L,human,Epithelial,Adult,breast,24.00,MTT,TetrazoliumSalt,196.97,2.54,Au,1.07
414,Au,61.46,24.40,CCL-110,Yes,46.85,0.00,L,human,Fibroblast,Fetus,skin,24.00,MTS,TetrazoliumSalt,196.97,2.54,Au,1.07
415,Au,61.46,24.40,CCL-110,Yes,71.56,0.00,L,human,Fibroblast,Fetus,skin,24.00,MTS,TetrazoliumSalt,196.97,2.54,Au,1.07
416,Au,61.46,24.40,CCL-110,Yes,75.52,0.00,L,human,Fibroblast,Fetus,skin,24.00,MTS,TetrazoliumSalt,196.97,2.54,Au,1.07
417,Au,61.46,24.40,CCL-110,Yes,79.49,0.00,L,human,Fibroblast,Fetus,skin,24.00,MTS,TetrazoliumSalt,196.97,2.54,Au,1.07
418,Au,61.46,24.40,CCL-110,Yes,72.49,0.00,L,human,Fibroblast,Fetus,skin,24.00,MTS,TetrazoliumSalt,196.97,2.54,Au,1.07
419,Au,61.46,24.40,CCL-110,Yes,2.10,0.00,L,human,Fibroblast,Fetus,skin,24.00,MTS,TetrazoliumSalt,196.97,2.54,Au,1.07
420,Au,61.46,24.40,CCL-110,Yes,86.25,0.00,L,human,Fibroblast,Fetus,skin,96.00,MTS,TetrazoliumSalt,196.97,2.54,Au,1.07
421,Au,61.46,24.40,CCL-110,Yes,59.44,0.00,L,human,Fibroblast,Fetus,skin,96.00,MTS,TetrazoliumSalt,196.97,2.54,Au,1.07
422,Au,61.46,24.40,RFPEC,No,99.39,0.00,L,rat,Endothelial,Adult,fatpad,24.00,MTS,TetrazoliumSalt,196.97,2.54,Au,1.07
423,Au,33.69,24.40,RFPEC,No,113.39,0.00,L,rat,Endothelial,Adult,fatpad,96.00,MTS,TetrazoliumSalt,196.97,2.54,Au,1.07
424,Au,61.46,24.40,RFPEC,No,81.21,0.00,L,rat,Endothelial,Adult,fatpad,24.00,MTS,TetrazoliumSalt,196.97,2.54,Au,1.07
425,Au,61.46,24.40,RFPEC,No,1.21,0.00,L,rat,Endothelial,Adult,fatpad,24.00,MTS,TetrazoliumSalt,196.97,2.54,Au,1.07
426,Au,61.46,24.40,RFPEC,No,94.24,0.00,L,rat,Endothelial,Adult,fatpad,24.00,MTS,TetrazoliumSalt,196.97,2.54,Au,1.07
427,Au,61.46,24.40,CCL-110,Yes,82.28,0.00,L,human,Fibroblast,Fetus,skin,96.00,MTS,TetrazoliumSalt,196.97,2.54,Au,1.07
428,Au,61.46,24.40,CCL-110,Yes,84.15,0.00,L,human,Fibroblast,Fetus,skin,96.00,MTS,TetrazoliumSalt,196.97,2.54,Au,1.07
429,Au,61.46,24.40,CCL-110,Yes,81.82,0.00,L,human,Fibroblast,Fetus,skin,96.00,MTS,TetrazoliumSalt,196.97,2.54,Au,1.07
430,Au,61.46,24.40,RFPEC,No,119.70,0.00,L,rat,Endothelial,Adult,fatpad,96.00,MTS,TetrazoliumSalt,196.97,2.54,Au,1.07
431,Au,61.46,24.40,RFPEC,No,118.79,0.00,L,rat,Endothelial,Adult,fatpad,96.00,MTS,TetrazoliumSalt,196.97,2.54,Au,1.07
432,Au,61.46,24.40,RFPEC,No,6.67,0.00,L,rat,Endothelial,Adult,fatpad,96.00,MTS,TetrazoliumSalt,196.97,2.54,Au,1.07
433,Au,61.46,24.40,RFPEC,No,1.21,0.00,L,rat,Endothelial,Adult,fatpad,96.00,MTS,TetrazoliumSalt,196.97,2.54,Au,1.07
434,Au,33.69,24.40,CCL-110,Yes,108.99,0.00,L,human,Fibroblast,Fetus,skin,24.00,MTS,TetrazoliumSalt,196.97,2.54,Au,1.07
435,Au,33.69,24.40,CCL-110,Yes,135.36,0.00,L,human,Fibroblast,Fetus,skin,24.00,MTS,TetrazoliumSalt,196.97,2.54,Au,1.07
436,Au,33.69,24.40,CCL-110,Yes,131.59,0.00,L,human,Fibroblast,Fetus,skin,24.00,MTS,TetrazoliumSalt,196.97,2.54,Au,1.07
437,Au,33.69,24.40,CCL-110,Yes,153.91,0.00,L,human,Fibroblast,Fetus,skin,24.00,MTS,TetrazoliumSalt,196.97,2.54,Au,1.07
438,Au,33.69,24.40,CCL-110,Yes,145.22,0.00,L,human,Fibroblast,Fetus,skin,24.00,MTS,TetrazoliumSalt,196.97,2.54,Au,1.07
439,Au,33.69,24.40,CCL-110,Yes,140.00,0.00,L,human,Fibroblast,Fetus,skin,24.00,MTS,TetrazoliumSalt,196.97,2.54,Au,1.07
440,Au,50.00,24.40,HepG2,Yes,102.43,0.00,L,human,Epithelial,Adult,liver,72.00,MTT,TetrazoliumSalt,196.97,2.54,Au,1.07
441,Au,65.00,24.40,CCL-110,Yes,72.44,0.00,P,human,Fibroblast,Fetus,skin,24.00,MTS,TetrazoliumSalt,196.97,2.54,Au,1.07
442,Au,65.00,24.40,CCL-110,Yes,75.78,0.00,P,human,Fibroblast,Fetus,skin,24.00,MTS,TetrazoliumSalt,196.97,2.54,Au,1.07
443,Au,65.00,24.40,CCL-110,Yes,89.11,0.00,P,human,Fibroblast,Fetus,skin,24.00,MTS,TetrazoliumSalt,196.97,2.54,Au,1.07
444,Au,6.00,24.40,H1299,Yes,89.18,0.00,L,human,Epithelial,Adult,lung,24.00,MTT,TetrazoliumSalt,196.97,2.54,Au,1.07
445,Au,6.00,24.40,H1299,Yes,57.02,0.00,L,human,Epithelial,Adult,lung,24.00,MTT,TetrazoliumSalt,196.97,2.54,Au,1.07
446,Au,20.00,24.40,L-02,Yes,94.71,0.00,L,human,Epithelial,Embryonic,liver,72.00,MTT,TetrazoliumSalt,196.97,2.54,Au,1.07
447,Au,50.00,24.40,L-02,Yes,99.22,0.00,L,human,Epithelial,Embryonic,liver,72.00,MTT,TetrazoliumSalt,196.97,2.54,Au,1.07
448,Au,50.00,24.40,L-02,Yes,96.08,0.00,L,human,Epithelial,Embryonic,liver,72.00,MTT,TetrazoliumSalt,196.97,2.54,Au,1.07
449,Au,50.00,24.40,L-02,Yes,95.69,0.00,L,human,Epithelial,Embryonic,liver,72.00,MTT,TetrazoliumSalt,196.97,2.54,Au,1.07
450,Au,20.00,24.40,L-02,Yes,91.57,0.00,L,human,Epithelial,Embryonic,liver,72.00,MTT,TetrazoliumSalt,196.97,2.54,Au,1.07
451,Au,61.46,24.40,RFPEC,No,90.30,0.00,L,rat,Endothelial,Adult,fatpad,24.00,MTS,TetrazoliumSalt,196.97,2.54,Au,1.07
452,Au,5.00,24.40,L-02,Yes,6.67,0.00,L,human,Epithelial,Embryonic,liver,72.00,MTT,TetrazoliumSalt,196.97,2.54,Au,1.07
453,Au,20.00,24.40,L-02,Yes,92.55,0.00,L,human,Epithelial,Embryonic,liver,72.00,MTT,TetrazoliumSalt,196.97,2.54,Au,1.07
454,Au,20.00,24.40,L-02,Yes,92.75,0.00,L,human,Epithelial,Embryonic,liver,72.00,MTT,TetrazoliumSalt,196.97,2.54,Au,1.07
455,Au,5.00,24.40,L-02,Yes,20.78,0.00,L,human,Epithelial,Embryonic,liver,72.00,MTT,TetrazoliumSalt,196.97,2.54,Au,1.07
456,Au,5.00,24.40,L-02,Yes,33.73,0.00,L,human,Epithelial,Embryonic,liver,72.00,MTT,TetrazoliumSalt,196.97,2.54,Au,1.07
457,Au,5.00,24.40,L-02,Yes,73.33,0.00,L,human,Epithelial,Embryonic,liver,72.00,MTT,TetrazoliumSalt,196.97,2.54,Au,1.07
458,Au,50.00,24.40,HepG2,Yes,96.35,0.00,L,human,Epithelial,Adult,liver,72.00,MTT,TetrazoliumSalt,196.97,2.54,Au,1.07
459,Au,50.00,24.40,HepG2,Yes,98.38,0.00,L,human,Epithelial,Adult,liver,72.00,MTT,TetrazoliumSalt,196.97,2.54,Au,1.07
460,Au,33.69,24.40,CCL-110,Yes,137.68,0.00,L,human,Fibroblast,Fetus,skin,24.00,MTS,TetrazoliumSalt,196.97,2.54,Au,1.07
461,Au,50.00,24.40,L-02,Yes,93.14,0.00,L,human,Epithelial,Embryonic,liver,72.00,MTT,TetrazoliumSalt,196.97,2.54,Au,1.07
462,Au,5.00,24.40,L-02,Yes,10.00,0.00,L,human,Epithelial,Embryonic,liver,72.00,MTT,TetrazoliumSalt,196.97,2.54,Au,1.07
463,Au,50.00,24.40,L-02,Yes,96.47,0.00,L,human,Epithelial,Embryonic,liver,72.00,MTT,TetrazoliumSalt,196.97,2.54,Au,1.07
464,Au,20.00,24.40,L-02,Yes,93.14,0.00,L,human,Epithelial,Embryonic,liver,72.00,MTT,TetrazoliumSalt,196.97,2.54,Au,1.07
465,Au,33.69,24.40,CCL-110,Yes,78.55,0.00,L,human,Fibroblast,Fetus,skin,96.00,MTS,TetrazoliumSalt,196.97,2.54,Au,1.07
466,Au,33.69,24.40,CCL-110,Yes,128.70,0.00,L,human,Fibroblast,Fetus,skin,24.00,MTS,TetrazoliumSalt,196.97,2.54,Au,1.07
467,Au,50.00,24.40,HepG2,Yes,102.03,0.00,L,human,Epithelial,Adult,liver,72.00,MTT,TetrazoliumSalt,196.97,2.54,Au,1.07
468,Au,90.00,24.40,NHDF,No,72.93,0.00,L,human,Fibroblast,Adult,skin,24.00,MTT,TetrazoliumSalt,196.97,2.54,Au,1.07
469,Au,90.00,24.40,NHDF,No,87.64,0.00,L,human,Fibroblast,Adult,skin,24.00,MTT,TetrazoliumSalt,196.97,2.54,Au,1.07
470,Au,90.00,24.40,NHDF,No,90.85,0.00,L,human,Fibroblast,Adult,skin,24.00,MTT,TetrazoliumSalt,196.97,2.54,Au,1.07
471,Au,90.00,24.40,NHDF,No,99.63,0.00,L,human,Fibroblast,Adult,skin,24.00,MTT,TetrazoliumSalt,196.97,2.54,Au,1.07
472,Au,50.00,24.40,NHDF,No,7.23,0.00,L,human,Fibroblast,Adult,skin,24.00,MTT,TetrazoliumSalt,196.97,2.54,Au,1.07
473,Au,50.00,24.40,NHDF,No,68.78,0.00,L,human,Fibroblast,Adult,skin,24.00,MTT,TetrazoliumSalt,196.97,2.54,Au,1.07
474,Au,50.00,24.40,NHDF,No,80.46,0.00,L,human,Fibroblast,Adult,skin,24.00,MTT,TetrazoliumSalt,196.97,2.54,Au,1.07
475,Au,50.00,24.40,NHDF,No,98.86,0.00,L,human,Fibroblast,Adult,skin,24.00,MTT,TetrazoliumSalt,196.97,2.54,Au,1.07
476,Au,30.00,24.40,NHDF,No,6.60,0.00,L,human,Fibroblast,Adult,skin,24.00,MTT,TetrazoliumSalt,196.97,2.54,Au,1.07
477,Au,30.00,24.40,NHDF,No,68.66,0.00,L,human,Fibroblast,Adult,skin,24.00,MTT,TetrazoliumSalt,196.97,2.54,Au,1.07
478,Au,30.00,24.40,NHDF,No,77.92,0.00,L,human,Fibroblast,Adult,skin,24.00,MTT,TetrazoliumSalt,196.97,2.54,Au,1.07
479,Au,30.00,24.40,NHDF,No,81.98,0.00,L,human,Fibroblast,Adult,skin,24.00,MTT,TetrazoliumSalt,196.97,2.54,Au,1.07
480,Au,30.00,24.40,NHDF,No,98.60,0.00,L,human,Fibroblast,Adult,skin,24.00,MTT,TetrazoliumSalt,196.97,2.54,Au,1.07
481,Au,6.00,24.40,H1299,Yes,47.13,0.00,L,human,Epithelial,Adult,lung,24.00,MTT,TetrazoliumSalt,196.97,2.54,Au,1.07
482,Au,90.00,24.40,NHDF,No,19.78,0.00,L,human,Fibroblast,Adult,skin,24.00,MTT,TetrazoliumSalt,196.97,2.54,Au,1.07
483,Au,6.00,24.40,H1299,Yes,72.85,0.00,L,human,Epithelial,Adult,lung,24.00,MTT,TetrazoliumSalt,196.97,2.54,Au,1.07
484,Au,30.00,24.40,NHDF,No,96.70,0.00,L,human,Fibroblast,Adult,skin,48.00,MTT,TetrazoliumSalt,196.97,2.54,Au,1.07
485,Au,6.00,24.40,HeLa,Yes,75.87,0.00,L,human,Epithelial,Adult,cervix,24.00,MTT,TetrazoliumSalt,196.97,2.54,Au,1.07
486,Au,61.46,24.40,RFPEC,No,23.03,0.00,L,rat,Endothelial,Adult,fatpad,24.00,MTS,TetrazoliumSalt,196.97,2.54,Au,1.07
487,Au,50.00,24.40,NHDF,No,84.26,0.00,L,human,Fibroblast,Adult,skin,24.00,MTT,TetrazoliumSalt,196.97,2.54,Au,1.07
488,Au,61.46,24.40,RFPEC,No,120.00,0.00,L,rat,Endothelial,Adult,fatpad,96.00,MTS,TetrazoliumSalt,196.97,2.54,Au,1.07
489,Au,215.00,24.40,MG-63,Yes,43.36,0.00,L,human,Fibroblast,Adult,bone,24.00,NRU,NeutralRed,196.97,2.54,Au,1.07
490,Au,30.00,24.40,NHDF,No,77.28,0.00,L,human,Fibroblast,Adult,skin,48.00,MTT,TetrazoliumSalt,196.97,2.54,Au,1.07
491,Au,38.00,24.40,MG-63,Yes,79.53,0.00,L,human,Fibroblast,Adult,bone,24.00,MTT,TetrazoliumSalt,196.97,2.54,Au,1.07
492,Au,61.46,24.40,RFPEC,No,109.39,0.00,L,rat,Endothelial,Adult,fatpad,96.00,MTS,TetrazoliumSalt,196.97,2.54,Au,1.07
493,Au,21.70,-7.60,C17.2,No,92.56,PEG,L,mouse,Neuronal,Adult,brain,24.00,MTT,TetrazoliumSalt,196.97,2.54,Au,1.07
494,Au,21.70,-7.60,HUVEC,No,95.48,PEG,P,human,Endothelial,Embryonic,umbilical cord,24.00,MTT,TetrazoliumSalt,196.97,2.54,Au,1.07
495,Au,20.00,24.40,HEK-293,No,42.93,0.00,L,human,Epithelial,Embryonic,kidney,48.00,WST-1,TetrazoliumSalt,196.97,2.54,Au,1.07
496,Au,33.69,24.40,RFPEC,No,108.26,0.00,L,rat,Endothelial,Adult,fatpad,96.00,MTS,TetrazoliumSalt,196.97,2.54,Au,1.07
497,Au,33.69,24.40,RFPEC,No,70.94,0.00,L,rat,Endothelial,Adult,fatpad,96.00,MTS,TetrazoliumSalt,196.97,2.54,Au,1.07
498,Au,33.69,24.40,RFPEC,No,92.31,0.00,L,rat,Endothelial,Adult,fatpad,96.00,MTS,TetrazoliumSalt,196.97,2.54,Au,1.07
499,Au,50.00,24.40,HepG2,Yes,102.43,0.00,L,human,Epithelial,Adult,liver,72.00,MTT,TetrazoliumSalt,196.97,2.54,Au,1.07
500,Au,33.69,24.40,RFPEC,No,126.78,0.00,L,rat,Endothelial,Adult,fatpad,96.00,MTS,TetrazoliumSalt,196.97,2.54,Au,1.07
501,Au,20.00,24.40,HepG2,Yes,98.38,0.00,L,human,Epithelial,Adult,liver,72.00,MTT,TetrazoliumSalt,196.97,2.54,Au,1.07
502,Au,20.00,24.40,HEK-293,No,100.76,0.00,L,human,Epithelial,Embryonic,kidney,48.00,WST-1,TetrazoliumSalt,196.97,2.54,Au,1.07
503,Au,20.00,24.40,HEK-293,No,101.52,0.00,L,human,Epithelial,Embryonic,kidney,48.00,WST-1,TetrazoliumSalt,196.97,2.54,Au,1.07
504,Au,5.00,24.40,HepG2,Yes,109.53,0.00,L,human,Epithelial,Adult,liver,72.00,MTT,TetrazoliumSalt,196.97,2.54,Au,1.07
505,Au,20.00,24.40,HEK-293,No,100.25,0.00,L,human,Epithelial,Embryonic,kidney,48.00,WST-1,TetrazoliumSalt,196.97,2.54,Au,1.07
506,Au,20.00,24.40,HEK-293,No,94.18,0.00,L,human,Epithelial,Embryonic,kidney,48.00,WST-1,TetrazoliumSalt,196.97,2.54,Au,1.07
507,Au,20.00,24.40,HEK-293,No,88.10,0.00,L,human,Epithelial,Embryonic,kidney,48.00,WST-1,TetrazoliumSalt,196.97,2.54,Au,1.07
508,Au,20.00,24.40,HEK-293,No,101.52,0.00,L,human,Epithelial,Embryonic,kidney,48.00,WST-1,TetrazoliumSalt,196.97,2.54,Au,1.07
509,Au,65.00,24.40,CCL-110,Yes,90.89,0.00,P,human,Fibroblast,Fetus,skin,24.00,MTS,TetrazoliumSalt,196.97,2.54,Au,1.07
510,Au,65.00,24.40,CCL-110,Yes,83.33,0.00,P,human,Fibroblast,Fetus,skin,24.00,MTS,TetrazoliumSalt,196.97,2.54,Au,1.07
511,Au,65.00,24.40,CCL-110,Yes,79.56,0.00,P,human,Fibroblast,Fetus,skin,24.00,MTS,TetrazoliumSalt,196.97,2.54,Au,1.07
512,Au,65.00,24.40,CCL-110,Yes,77.33,0.00,P,human,Fibroblast,Fetus,skin,96.00,MTS,TetrazoliumSalt,196.97,2.54,Au,1.07
513,Au,65.00,24.40,CCL-110,Yes,80.44,0.00,P,human,Fibroblast,Fetus,skin,96.00,MTS,TetrazoliumSalt,196.97,2.54,Au,1.07
514,Au,65.00,24.40,CCL-110,Yes,83.11,0.00,P,human,Fibroblast,Fetus,skin,96.00,MTS,TetrazoliumSalt,196.97,2.54,Au,1.07
515,Au,65.00,24.40,CCL-110,Yes,72.44,0.00,P,human,Fibroblast,Fetus,skin,96.00,MTS,TetrazoliumSalt,196.97,2.54,Au,1.07
516,Au,5.00,24.40,HepG2,Yes,81.47,0.00,L,human,Epithelial,Adult,liver,72.00,MTT,TetrazoliumSalt,196.97,2.54,Au,1.07
517,Au,38.00,24.40,MG-63,Yes,98.83,0.00,L,human,Fibroblast,Adult,bone,24.00,MTT,TetrazoliumSalt,196.97,2.54,Au,1.07
518,Au,20.00,24.40,HepG2,Yes,107.91,0.00,L,human,Epithelial,Adult,liver,72.00,MTT,TetrazoliumSalt,196.97,2.54,Au,1.07
519,Au,20.00,24.40,HepG2,Yes,106.49,0.00,L,human,Epithelial,Adult,liver,72.00,MTT,TetrazoliumSalt,196.97,2.54,Au,1.07
520,Au,65.00,24.40,CCL-110,Yes,86.00,0.00,P,human,Fibroblast,Fetus,skin,24.00,MTS,TetrazoliumSalt,196.97,2.54,Au,1.07
521,Au,20.00,24.40,HepG2,Yes,101.01,0.00,L,human,Epithelial,Adult,liver,72.00,MTT,TetrazoliumSalt,196.97,2.54,Au,1.07
522,Au,20.00,24.40,HepG2,Yes,98.38,0.00,L,human,Epithelial,Adult,liver,72.00,MTT,TetrazoliumSalt,196.97,2.54,Au,1.07
523,Au,65.00,24.40,CCL-110,Yes,77.33,0.00,P,human,Fibroblast,Fetus,skin,96.00,MTS,TetrazoliumSalt,196.97,2.54,Au,1.07
524,Au,5.00,24.40,HepG2,Yes,116.63,0.00,L,human,Epithelial,Adult,liver,72.00,MTT,TetrazoliumSalt,196.97,2.54,Au,1.07
525,Au,5.00,24.40,HepG2,Yes,102.43,0.00,L,human,Epithelial,Adult,liver,72.00,MTT,TetrazoliumSalt,196.97,2.54,Au,1.07
526,Au,46.00,24.40,MG-63,Yes,91.13,0.00,L,human,Fibroblast,Adult,bone,24.00,MTT,TetrazoliumSalt,196.97,2.54,Au,1.07
527,Au,65.00,24.40,CCL-110,Yes,83.78,0.00,P,human,Fibroblast,Fetus,skin,24.00,MTS,TetrazoliumSalt,196.97,2.54,Au,1.07
528,Au,46.00,24.40,MG-63,Yes,47.85,0.00,L,human,Fibroblast,Adult,bone,24.00,MTT,TetrazoliumSalt,196.97,2.54,Au,1.07
529,Au,60.00,24.40,MG-63,Yes,91.13,0.00,L,human,Fibroblast,Adult,bone,24.00,MTT,TetrazoliumSalt,196.97,2.54,Au,1.07
530,Au,60.00,24.40,MG-63,Yes,87.35,0.00,L,human,Fibroblast,Adult,bone,24.00,MTT,TetrazoliumSalt,196.97,2.54,Au,1.07
531,Au,60.00,24.40,MG-63,Yes,56.85,0.00,L,human,Fibroblast,Adult,bone,24.00,MTT,TetrazoliumSalt,196.97,2.54,Au,1.07
532,Au,46.00,24.40,MG-63,Yes,87.22,0.00,L,human,Fibroblast,Adult,bone,24.00,MTT,TetrazoliumSalt,196.97,2.54,Au,1.07
533,Au,5.00,24.40,HepG2,Yes,106.09,0.00,L,human,Epithelial,Adult,liver,72.00,MTT,TetrazoliumSalt,196.97,2.54,Au,1.07
534,Au,38.00,24.40,MG-63,Yes,91.13,0.00,L,human,Fibroblast,Adult,bone,24.00,MTT,TetrazoliumSalt,196.97,2.54,Au,1.07
535,Au,33.69,24.40,RFPEC,No,121.08,0.00,L,rat,Endothelial,Adult,fatpad,96.00,MTS,TetrazoliumSalt,196.97,2.54,Au,1.07
536,Au,65.00,24.40,CCL-110,Yes,62.00,0.00,P,human,Fibroblast,Fetus,skin,96.00,MTS,TetrazoliumSalt,196.97,2.54,Au,1.07
537,Au,65.00,24.40,CCL-110,Yes,83.56,0.00,P,human,Fibroblast,Fetus,skin,96.00,MTS,TetrazoliumSalt,196.97,2.54,Au,1.07
538,Au,65.00,24.40,CCL-110,Yes,77.56,0.00,P,human,Fibroblast,Fetus,skin,96.00,MTS,TetrazoliumSalt,196.97,2.54,Au,1.07
539,Au,33.69,24.40,CCL-110,Yes,94.20,0.00,L,human,Fibroblast,Fetus,skin,96.00,MTS,TetrazoliumSalt,196.97,2.54,Au,1.07
540,Au,33.69,24.40,RFPEC,No,106.84,0.00,L,rat,Endothelial,Adult,fatpad,96.00,MTS,TetrazoliumSalt,196.97,2.54,Au,1.07
541,Au,33.69,24.40,RFPEC,No,116.24,0.00,L,rat,Endothelial,Adult,fatpad,24.00,MTS,TetrazoliumSalt,196.97,2.54,Au,1.07
542,Au,33.69,24.40,RFPEC,No,110.54,0.00,L,rat,Endothelial,Adult,fatpad,96.00,MTS,TetrazoliumSalt,196.97,2.54,Au,1.07
543,Au,33.69,24.40,RFPEC,No,105.13,0.00,L,rat,Endothelial,Adult,fatpad,24.00,MTS,TetrazoliumSalt,196.97,2.54,Au,1.07
544,Au,33.69,24.40,RFPEC,No,121.65,0.00,L,rat,Endothelial,Adult,fatpad,24.00,MTS,TetrazoliumSalt,196.97,2.54,Au,1.07
545,Au,33.69,24.40,RFPEC,No,117.66,0.00,L,rat,Endothelial,Adult,fatpad,24.00,MTS,TetrazoliumSalt,196.97,2.54,Au,1.07
546,Au,33.69,24.40,RFPEC,No,120.51,0.00,L,rat,Endothelial,Adult,fatpad,24.00,MTS,TetrazoliumSalt,196.97,2.54,Au,1.07
547,Au,33.69,24.40,CCL-110,Yes,85.51,0.00,L,human,Fibroblast,Fetus,skin,96.00,MTS,TetrazoliumSalt,196.97,2.54,Au,1.07
548,Au,33.69,24.40,CCL-110,Yes,98.84,0.00,L,human,Fibroblast,Fetus,skin,96.00,MTS,TetrazoliumSalt,196.97,2.54,Au,1.07
549,Au,33.69,24.40,RFPEC,No,78.63,0.00,L,rat,Endothelial,Adult,fatpad,96.00,MTS,TetrazoliumSalt,196.97,2.54,Au,1.07
550,Au,33.69,24.40,CCL-110,Yes,99.13,0.00,L,human,Fibroblast,Fetus,skin,96.00,MTS,TetrazoliumSalt,196.97,2.54,Au,1.07
551,Au,33.69,24.40,CCL-110,Yes,92.17,0.00,L,human,Fibroblast,Fetus,skin,96.00,MTS,TetrazoliumSalt,196.97,2.54,Au,1.07
552,Au,33.69,24.40,CCL-110,Yes,88.41,0.00,L,human,Fibroblast,Fetus,skin,96.00,MTS,TetrazoliumSalt,196.97,2.54,Au,1.07
553,Au,33.69,24.40,RFPEC,No,85.76,0.00,L,rat,Endothelial,Adult,fatpad,96.00,MTS,TetrazoliumSalt,196.97,2.54,Au,1.07
554,Au,33.69,24.40,CCL-110,Yes,78.26,0.00,L,human,Fibroblast,Fetus,skin,96.00,MTS,TetrazoliumSalt,196.97,2.54,Au,1.07
555,Au,33.69,24.40,RFPEC,No,116.24,0.00,L,rat,Endothelial,Adult,fatpad,96.00,MTS,TetrazoliumSalt,196.97,2.54,Au,1.07
556,CdO,179.30,88.18,Neuro-2a,Yes,2.58,0.00,L,mouse,Neuronal,Adult,brain,24.00,MTT,TetrazoliumSalt,128.41,2.57,Cd,1.09
557,CdO,179.30,88.18,Neuro-2a,Yes,13.75,0.00,L,mouse,Neuronal,Adult,brain,24.00,MTT,TetrazoliumSalt,128.41,2.57,Cd,1.09
558,CdO,179.30,88.18,Neuro-2a,Yes,1.15,0.00,L,mouse,Neuronal,Adult,brain,24.00,MTT,TetrazoliumSalt,128.41,2.57,Cd,1.09
559,CdO,179.30,88.18,Neuro-2a,Yes,2.58,0.00,L,mouse,Neuronal,Adult,brain,24.00,MTT,TetrazoliumSalt,128.41,2.57,Cd,1.09
560,CdO,179.30,88.18,Neuro-2a,Yes,14.61,0.00,L,mouse,Neuronal,Adult,brain,24.00,MTT,TetrazoliumSalt,128.41,2.57,Cd,1.09
561,CeO2,25.00,20.02,HT-1080,Yes,106.02,0.00,L,human,Epithelial,Adult,connective tissue,24.00,MTT,TetrazoliumSalt,172.11,2.67,Ce,1.08
562,CeO2,25.00,20.02,MCF-7,Yes,112.00,0.00,L,human,Epithelial,Adult,breast,24.00,NRU,NeutralRed,172.11,2.67,Ce,1.08
563,CeO2,12.50,20.02,HT29,Yes,95.41,0.00,L,human,Epithelial,Adult,colon,24.00,MTT,TetrazoliumSalt,172.11,2.67,Ce,1.08
564,CeO2,25.00,20.02,HT-1080,Yes,105.14,0.00,L,human,Epithelial,Adult,connective tissue,24.00,NRU,NeutralRed,172.11,2.67,Ce,1.08
565,CeO2,12.50,20.02,HT29,Yes,79.37,0.00,L,human,Epithelial,Adult,colon,24.00,MTT,TetrazoliumSalt,172.11,2.67,Ce,1.08
566,CeO2,12.50,20.02,HT29,Yes,89.07,0.00,L,human,Epithelial,Adult,colon,24.00,MTT,TetrazoliumSalt,172.11,2.67,Ce,1.08
567,CeO2,12.50,20.02,HT29,Yes,95.41,0.00,L,human,Epithelial,Adult,colon,24.00,MTT,TetrazoliumSalt,172.11,2.67,Ce,1.08
568,CeO2,4.70,20.02,neuro2A,Yes,84.67,0.00,L,mouse,Neuronal,Adult,brain,24.00,MTT,TetrazoliumSalt,172.11,2.67,Ce,1.08
569,CeO2,12.50,20.02,HT29,Yes,96.65,0.00,L,human,Epithelial,Adult,colon,24.00,MTT,TetrazoliumSalt,172.11,2.67,Ce,1.08
570,CeO2,12.50,20.02,HT29,Yes,98.24,0.00,L,human,Epithelial,Adult,colon,24.00,MTT,TetrazoliumSalt,172.11,2.67,Ce,1.08
571,CeO2,12.50,20.02,HT29,Yes,98.24,0.00,L,human,Epithelial,Adult,colon,24.00,MTT,TetrazoliumSalt,172.11,2.67,Ce,1.08
572,CeO2,12.50,20.02,HT29,Yes,96.12,0.00,L,human,Epithelial,Adult,colon,24.00,MTT,TetrazoliumSalt,172.11,2.67,Ce,1.08
573,CeO2,25.00,20.02,MCF-7,Yes,116.04,0.00,L,human,Epithelial,Adult,breast,24.00,NRU,NeutralRed,172.11,2.67,Ce,1.08
574,CeO2,33.00,20.02,SIRC,No,92.56,0.00,L,rabbit,Fibroblast,Adult,cornea,24.00,MTT,TetrazoliumSalt,172.11,2.67,Ce,1.08
575,CeO2,20.30,20.02,L929,No,103.06,0.00,L,mouse,Fibroblast,Adult,connective tissue,24.00,MTT,TetrazoliumSalt,172.11,2.67,Ce,1.08
576,CeO2,33.00,20.02,SIRC,No,95.77,0.00,L,rabbit,Fibroblast,Adult,cornea,24.00,MTT,TetrazoliumSalt,172.11,2.67,Ce,1.08
577,CeO2,25.00,20.02,HT-1080,Yes,107.02,0.00,L,human,Epithelial,Adult,connective tissue,24.00,MTT,TetrazoliumSalt,172.11,2.67,Ce,1.08
578,CeO2,25.00,20.02,MCF-7,Yes,100.00,0.00,L,human,Epithelial,Adult,breast,24.00,NRU,NeutralRed,172.11,2.67,Ce,1.08
579,CeO2,33.00,20.02,SIRC,No,97.80,0.00,L,rabbit,Fibroblast,Adult,cornea,24.00,MTT,TetrazoliumSalt,172.11,2.67,Ce,1.08
580,CeO2,25.00,20.02,MCF-7,Yes,104.01,0.00,L,human,Epithelial,Adult,breast,24.00,MTT,TetrazoliumSalt,172.11,2.67,Ce,1.08
581,CeO2,25.00,20.02,HT-1080,Yes,102.01,0.00,L,human,Epithelial,Adult,connective tissue,24.00,MTT,TetrazoliumSalt,172.11,2.67,Ce,1.08
582,CeO2,12.50,20.02,HT29,Yes,77.60,0.00,L,human,Epithelial,Adult,colon,24.00,MTT,TetrazoliumSalt,172.11,2.67,Ce,1.08
583,CeO2,25.00,20.02,HT-1080,Yes,99.00,0.00,L,human,Epithelial,Adult,connective tissue,24.00,MTT,TetrazoliumSalt,172.11,2.67,Ce,1.08
584,CeO2,20.30,20.02,L929,No,103.03,0.00,L,mouse,Fibroblast,Adult,areolar tissue,24.00,MTT,TetrazoliumSalt,172.11,2.67,Ce,1.08
585,CeO2,20.30,20.02,L929,No,104.86,0.00,L,mouse,Fibroblast,Adult,areolar tissue,24.00,MTT,TetrazoliumSalt,172.11,2.67,Ce,1.08
586,CeO2,20.30,20.02,L929,No,100.10,0.00,L,mouse,Fibroblast,Adult,areolar tissue,24.00,MTT,TetrazoliumSalt,172.11,2.67,Ce,1.08
587,CeO2,20.30,20.02,L929,No,97.53,0.00,L,mouse,Fibroblast,Adult,areolar tissue,24.00,MTT,TetrazoliumSalt,172.11,2.67,Ce,1.08
588,CeO2,20.30,20.02,L929,No,105.59,0.00,L,mouse,Fibroblast,Adult,areolar tissue,24.00,MTT,TetrazoliumSalt,172.11,2.67,Ce,1.08
589,CeO2,4.70,20.02,neuro2A,Yes,66.80,0.00,L,mouse,Neuronal,Adult,brain,24.00,MTT,TetrazoliumSalt,172.11,2.67,Ce,1.08
590,CeO2,25.00,20.02,MCF-7,Yes,104.05,0.00,L,human,Epithelial,Adult,breast,24.00,NRU,NeutralRed,172.11,2.67,Ce,1.08
591,CeO2,25.00,20.02,MCF-7,Yes,106.02,0.00,L,human,Epithelial,Adult,breast,24.00,MTT,TetrazoliumSalt,172.11,2.67,Ce,1.08
592,CeO2,25.00,20.02,MCF-7,Yes,104.01,0.00,L,human,Epithelial,Adult,breast,24.00,MTT,TetrazoliumSalt,172.11,2.67,Ce,1.08
593,CeO2,20.30,20.02,L929,No,105.86,0.00,L,mouse,Fibroblast,Adult,connective tissue,24.00,MTT,TetrazoliumSalt,172.11,2.67,Ce,1.08
594,CeO2,20.30,20.02,L929,No,100.00,0.00,L,mouse,Fibroblast,Adult,connective tissue,24.00,MTT,TetrazoliumSalt,172.11,2.67,Ce,1.08
595,CeO2,12.50,20.02,HT29,Yes,98.24,0.00,L,human,Epithelial,Adult,colon,24.00,MTT,TetrazoliumSalt,172.11,2.67,Ce,1.08
596,CeO2,25.00,20.02,HT-1080,Yes,107.94,0.00,L,human,Epithelial,Adult,connective tissue,24.00,NRU,NeutralRed,172.11,2.67,Ce,1.08
597,CeO2,33.00,20.02,SIRC,No,97.80,0.00,L,rabbit,Fibroblast,Adult,cornea,24.00,MTT,TetrazoliumSalt,172.11,2.67,Ce,1.08
598,CeO2,25.00,20.02,HT-1080,Yes,111.06,0.00,L,human,Epithelial,Adult,connective tissue,24.00,NRU,NeutralRed,172.11,2.67,Ce,1.08
599,CeO2,25.00,20.02,HT-1080,Yes,114.95,0.00,L,human,Epithelial,Adult,connective tissue,24.00,NRU,NeutralRed,172.11,2.67,Ce,1.08
600,CeO2,20.30,20.02,L929,No,104.97,0.00,L,mouse,Fibroblast,Adult,connective tissue,24.00,MTT,TetrazoliumSalt,172.11,2.67,Ce,1.08
601,CeO2,25.00,20.02,MCF-7,Yes,102.01,0.00,L,human,Epithelial,Adult,breast,24.00,MTT,TetrazoliumSalt,172.11,2.67,Ce,1.08
602,CeO2,33.00,20.02,SIRC,No,95.60,0.00,L,rabbit,Fibroblast,Adult,cornea,24.00,MTT,TetrazoliumSalt,172.11,2.67,Ce,1.08
603,CeO2,4.70,20.02,neuro2A,Yes,67.73,0.00,L,mouse,Neuronal,Adult,brain,24.00,MTT,TetrazoliumSalt,172.11,2.67,Ce,1.08
604,CeO2,4.70,20.02,neuro2A,Yes,75.47,0.00,L,mouse,Neuronal,Adult,brain,24.00,MTT,TetrazoliumSalt,172.11,2.67,Ce,1.08
605,CeO2,4.70,20.02,neuro2A,Yes,74.93,0.00,L,mouse,Neuronal,Adult,brain,24.00,MTT,TetrazoliumSalt,172.11,2.67,Ce,1.08
606,CeO2,4.70,20.02,neuro2A,Yes,82.40,0.00,L,mouse,Neuronal,Adult,brain,24.00,MTT,TetrazoliumSalt,172.11,2.67,Ce,1.08
607,CeO2,20.30,20.02,L929,No,96.94,0.00,L,mouse,Fibroblast,Adult,connective tissue,24.00,MTT,TetrazoliumSalt,172.11,2.67,Ce,1.08
608,CeO2,33.00,20.02,SIRC,No,95.77,0.00,L,rabbit,Fibroblast,Adult,cornea,24.00,MTT,TetrazoliumSalt,172.11,2.67,Ce,1.08
609,Co3O4,200.00,45.31,BEAS-2B,No,90.66,0.00,L,human,Epithelial,Adult,lung,24.00,CellTiterGlo,luciferase,240.80,2.77,Co,0.77
610,Co3O4,200.00,45.31,BEAS-2B,No,97.53,0.00,L,human,Epithelial,Adult,lung,24.00,Live/Dead,TrypanBlue,240.80,2.77,Co,0.77
611,Co3O4,200.00,45.31,BEAS-2B,No,95.21,0.00,L,human,Epithelial,Adult,lung,24.00,CellTiterGlo,luciferase,240.80,2.77,Co,0.77
612,Co3O4,200.00,45.31,BEAS-2B,No,97.90,0.00,L,human,Epithelial,Adult,lung,24.00,Live/Dead,TrypanBlue,240.80,2.77,Co,0.77
613,Co3O4,200.00,45.31,BEAS-2B,No,100.17,0.00,L,human,Epithelial,Adult,lung,24.00,Live/Dead,TrypanBlue,240.80,2.77,Co,0.77
614,Co3O4,200.00,45.31,BEAS-2B,No,88.00,0.00,L,human,Epithelial,Adult,lung,24.00,CellTiterGlo,luciferase,240.80,2.77,Co,0.77
615,Co3O4,200.00,45.31,BEAS-2B,No,84.59,0.00,L,human,Epithelial,Adult,lung,24.00,CellTiterGlo,luciferase,240.80,2.77,Co,0.77
616,Co3O4,200.00,45.31,BEAS-2B,No,79.66,0.00,L,human,Epithelial,Adult,lung,24.00,CellTiterGlo,luciferase,240.80,2.77,Co,0.77
617,Co3O4,200.00,45.31,BEAS-2B,No,78.52,0.00,L,human,Epithelial,Adult,lung,24.00,CellTiterGlo,luciferase,240.80,2.77,Co,0.77
618,Co3O4,200.00,45.31,BEAS-2B,No,96.16,0.00,L,human,Epithelial,Adult,lung,72.00,CellTiterGlo,luciferase,240.80,2.77,Co,0.77
619,Co3O4,78.30,45.31,HepG2,Yes,12.06,0.00,L,human,Epithelial,Adult,liver,48.00,MTT,TetrazoliumSalt,240.80,2.77,Co,0.77
620,Co3O4,200.00,45.31,BEAS-2B,No,86.43,0.00,L,human,Epithelial,Adult,lung,72.00,CellTiterGlo,luciferase,240.80,2.77,Co,0.77
621,Co3O4,200.00,45.31,BEAS-2B,No,68.47,0.00,L,human,Epithelial,Adult,lung,72.00,CellTiterGlo,luciferase,240.80,2.77,Co,0.77
622,Co3O4,200.00,45.31,BEAS-2B,No,93.54,0.00,L,human,Epithelial,Adult,lung,72.00,CellTiterGlo,luciferase,240.80,2.77,Co,0.77
623,Co3O4,200.00,45.31,BEAS-2B,No,97.53,0.00,L,human,Epithelial,Adult,lung,24.00,Live/Dead,TrypanBlue,240.80,2.77,Co,0.77
624,Co3O4,200.00,45.31,BEAS-2B,No,91.10,0.00,L,human,Epithelial,Adult,lung,24.00,Live/Dead,TrypanBlue,240.80,2.77,Co,0.77
625,Co3O4,78.30,45.31,Hepatocytes,No,137.90,0.00,P,catfish,Epithelial,Adult,liver,48.00,MTT,TetrazoliumSalt,240.80,2.77,Co,0.77
626,Co3O4,78.30,45.31,Hepatocytes,No,70.10,0.00,P,catfish,Epithelial,Adult,liver,48.00,MTT,TetrazoliumSalt,240.80,2.77,Co,0.77
627,Co3O4,78.30,45.31,HepG2,Yes,70.64,0.00,L,human,Epithelial,Adult,liver,48.00,MTT,TetrazoliumSalt,240.80,2.77,Co,0.77
628,Co3O4,78.30,45.31,HepG2,Yes,42.38,0.00,L,human,Epithelial,Adult,liver,48.00,MTT,TetrazoliumSalt,240.80,2.77,Co,0.77
629,Co3O4,78.30,45.31,HepG2,Yes,23.97,0.00,L,human,Epithelial,Adult,liver,48.00,MTT,TetrazoliumSalt,240.80,2.77,Co,0.77
630,Co3O4,78.30,45.31,Hepatocytes,No,82.10,0.00,P,catfish,Epithelial,Adult,liver,48.00,MTT,TetrazoliumSalt,240.80,2.77,Co,0.77
631,Co3O4,78.30,45.31,Hepatocytes,No,114.10,0.00,P,catfish,Epithelial,Adult,liver,48.00,MTT,TetrazoliumSalt,240.80,2.77,Co,0.77
632,Co3O4,200.00,45.31,BEAS-2B,No,99.42,0.00,L,human,Epithelial,Adult,lung,24.00,Live/Dead,TrypanBlue,240.80,2.77,Co,0.77
633,Co3O4,200.00,45.31,BEAS-2B,No,98.28,0.00,L,human,Epithelial,Adult,lung,24.00,Live/Dead,TrypanBlue,240.80,2.77,Co,0.77
634,Co3O4,200.00,45.31,BEAS-2B,No,79.32,0.00,L,human,Epithelial,Adult,lung,72.00,CellTiterGlo,luciferase,240.80,2.77,Co,0.77
635,Co3O4,200.00,45.31,BEAS-2B,No,44.15,0.00,L,human,Epithelial,Adult,lung,72.00,CellTiterGlo,luciferase,240.80,2.77,Co,0.77
636,Cu2O,88.50,118.73,A549,Yes,94.41,0.00,L,human,Epithelial,Adult,lung,3.00,NR,toluylene red,143.09,2.41,Cu,0.82
637,Cu2O,88.50,118.73,PMA activated THP-1,Yes,11.85,0.00,L,human,Macrophage,Adult,blood,3.00,MTT,TetrazoliumSalt,143.09,2.41,Cu,0.82
638,Cu2O,88.50,118.73,A549,Yes,78.01,0.00,L,human,Epithelial,Adult,lung,3.00,NR,toluylene red,143.09,2.41,Cu,0.82
639,Cu2O,88.50,118.73,A549,Yes,112.80,0.00,L,human,Epithelial,Adult,lung,3.00,MTT,TetrazoliumSalt,143.09,2.41,Cu,0.82
640,Cu2O,88.50,118.73,A549,Yes,69.07,0.00,L,human,Epithelial,Adult,lung,3.00,NR,toluylene red,143.09,2.41,Cu,0.82
641,Cu2O,88.50,118.73,A549,Yes,108.32,0.00,L,human,Epithelial,Adult,lung,24.00,MTT,TetrazoliumSalt,143.09,2.41,Cu,0.82
642,Cu2O,88.50,118.73,A549,Yes,101.86,0.00,L,human,Epithelial,Adult,lung,24.00,MTT,TetrazoliumSalt,143.09,2.41,Cu,0.82
643,Cu2O,88.50,118.73,A549,Yes,95.40,0.00,L,human,Epithelial,Adult,lung,24.00,MTT,TetrazoliumSalt,143.09,2.41,Cu,0.82
644,Cu2O,88.50,118.73,A549,Yes,96.40,0.00,L,human,Epithelial,Adult,lung,24.00,MTT,TetrazoliumSalt,143.09,2.41,Cu,0.82
645,Cu2O,88.50,118.73,A549,Yes,67.08,0.00,L,human,Epithelial,Adult,lung,24.00,MTT,TetrazoliumSalt,143.09,2.41,Cu,0.82
646,Cu2O,88.50,118.73,A549,Yes,3.98,0.00,L,human,Epithelial,Adult,lung,24.00,MTT,TetrazoliumSalt,143.09,2.41,Cu,0.82
647,Cu2O,88.50,118.73,PMA activated THP-1,Yes,3.39,0.00,L,human,Macrophage,Adult,blood,3.00,MTT,TetrazoliumSalt,143.09,2.41,Cu,0.82
648,Cu2O,88.50,118.73,PMA activated THP-1,Yes,85.08,0.00,L,human,Macrophage,Adult,blood,3.00,MTT,TetrazoliumSalt,143.09,2.41,Cu,0.82
649,Cu2O,88.50,118.73,A549,Yes,23.35,0.00,L,human,Epithelial,Adult,lung,24.00,NR,toluylene red,143.09,2.41,Cu,0.82
650,Cu2O,88.50,118.73,A549,Yes,0.00,0.00,L,human,Epithelial,Adult,lung,24.00,MTT,TetrazoliumSalt,143.09,2.41,Cu,0.82
651,Cu2O,88.50,118.73,A549,Yes,107.33,0.00,L,human,Epithelial,Adult,lung,3.00,MTT,TetrazoliumSalt,143.09,2.41,Cu,0.82
652,Cu2O,88.50,118.73,A549,Yes,31.30,0.00,L,human,Epithelial,Adult,lung,24.00,NR,toluylene red,143.09,2.41,Cu,0.82
653,Cu2O,88.50,118.73,PMA activated THP-1,Yes,79.15,0.00,L,human,Macrophage,Adult,blood,11.00,NR,toluylene red,143.09,2.41,Cu,0.82
654,Cu2O,88.50,118.73,A549,Yes,20.87,0.00,L,human,Epithelial,Adult,lung,24.00,NR,toluylene red,143.09,2.41,Cu,0.82
655,Cu2O,88.50,118.73,A549,Yes,43.23,0.00,L,human,Epithelial,Adult,lung,24.00,NR,toluylene red,143.09,2.41,Cu,0.82
656,Cu2O,88.50,118.73,A549,Yes,95.40,0.00,L,human,Epithelial,Adult,lung,24.00,NR,toluylene red,143.09,2.41,Cu,0.82
657,Cu2O,88.50,118.73,A549,Yes,3.98,0.00,L,human,Epithelial,Adult,lung,24.00,MTT,TetrazoliumSalt,143.09,2.41,Cu,0.82
658,Cu2O,88.50,118.73,A549,Yes,82.48,0.00,L,human,Epithelial,Adult,lung,24.00,NR,toluylene red,143.09,2.41,Cu,0.82
659,Cu2O,88.50,118.73,A549,Yes,94.41,0.00,L,human,Epithelial,Adult,lung,24.00,NR,toluylene red,143.09,2.41,Cu,0.82
660,Cu2O,88.50,118.73,A549,Yes,96.89,0.00,L,human,Epithelial,Adult,lung,24.00,NR,toluylene red,143.09,2.41,Cu,0.82
661,Cu2O,88.50,118.73,A549,Yes,113.79,0.00,L,human,Epithelial,Adult,lung,3.00,MTT,TetrazoliumSalt,143.09,2.41,Cu,0.82
662,Cu2O,88.50,118.73,PMA activated THP-1,Yes,109.21,0.00,L,human,Macrophage,Adult,blood,4.00,NR,toluylene red,143.09,2.41,Cu,0.82
663,Cu2O,88.50,118.73,A549,Yes,77.02,0.00,L,human,Epithelial,Adult,lung,3.00,NR,toluylene red,143.09,2.41,Cu,0.82
664,Cu2O,88.50,118.73,A549,Yes,96.40,0.00,L,human,Epithelial,Adult,lung,3.00,NR,toluylene red,143.09,2.41,Cu,0.82
665,Cu2O,88.50,118.73,A549,Yes,42.73,0.00,L,human,Epithelial,Adult,lung,24.00,NR,toluylene red,143.09,2.41,Cu,0.82
666,Cu2O,88.50,118.73,PMA activated THP-1,Yes,88.04,0.00,L,human,Macrophage,Adult,blood,24.00,MTT,TetrazoliumSalt,143.09,2.41,Cu,0.82
667,Cu2O,88.50,118.73,PMA activated THP-1,Yes,93.54,0.00,L,human,Macrophage,Adult,blood,3.00,MTT,TetrazoliumSalt,143.09,2.41,Cu,0.82
668,Cu2O,88.50,118.73,PMA activated THP-1,Yes,95.24,0.00,L,human,Macrophage,Adult,blood,24.00,MTT,TetrazoliumSalt,143.09,2.41,Cu,0.82
669,Cu2O,88.50,118.73,PMA activated THP-1,Yes,46.98,0.00,L,human,Macrophage,Adult,blood,24.00,MTT,TetrazoliumSalt,143.09,2.41,Cu,0.82
670,Cu2O,88.50,118.73,PMA activated THP-1,Yes,31.75,0.00,L,human,Macrophage,Adult,blood,24.00,MTT,TetrazoliumSalt,143.09,2.41,Cu,0.82
671,Cu2O,88.50,118.73,PMA activated THP-1,Yes,10.16,0.00,L,human,Macrophage,Adult,blood,24.00,MTT,TetrazoliumSalt,143.09,2.41,Cu,0.82
672,Cu2O,88.50,118.73,PMA activated THP-1,Yes,10.16,0.00,L,human,Macrophage,Adult,blood,24.00,MTT,TetrazoliumSalt,143.09,2.41,Cu,0.82
673,Cu2O,88.50,118.73,PMA activated THP-1,Yes,5.93,0.00,L,human,Macrophage,Adult,blood,24.00,MTT,TetrazoliumSalt,143.09,2.41,Cu,0.82
674,Cu2O,88.50,118.73,PMA activated THP-1,Yes,0.00,0.00,L,human,Macrophage,Adult,blood,24.00,MTT,TetrazoliumSalt,143.09,2.41,Cu,0.82
675,Cu2O,88.50,118.73,A549,Yes,94.91,0.00,L,human,Epithelial,Adult,lung,3.00,NR,toluylene red,143.09,2.41,Cu,0.82
676,Cu2O,88.50,118.73,PMA activated THP-1,Yes,83.81,0.00,L,human,Macrophage,Adult,blood,24.00,MTT,TetrazoliumSalt,143.09,2.41,Cu,0.82
677,Cu2O,88.50,118.73,PMA activated THP-1,Yes,104.55,0.00,L,human,Macrophage,Adult,blood,3.00,MTT,TetrazoliumSalt,143.09,2.41,Cu,0.82
678,Cu2O,88.50,118.73,PMA activated THP-1,Yes,95.24,0.00,L,human,Macrophage,Adult,blood,3.00,MTT,TetrazoliumSalt,143.09,2.41,Cu,0.82
679,Cu2O,88.50,118.73,PMA activated THP-1,Yes,84.23,0.00,L,human,Macrophage,Adult,blood,5.00,NR,toluylene red,143.09,2.41,Cu,0.82
680,Cu2O,88.50,118.73,A549,Yes,0.00,0.00,L,human,Epithelial,Adult,lung,3.00,MTT,TetrazoliumSalt,143.09,2.41,Cu,0.82
681,Cu2O,88.50,118.73,A549,Yes,13.91,0.00,L,human,Epithelial,Adult,lung,24.00,MTT,TetrazoliumSalt,143.09,2.41,Cu,0.82
682,Cu2O,88.50,118.73,A549,Yes,101.86,0.00,L,human,Epithelial,Adult,lung,24.00,MTT,TetrazoliumSalt,143.09,2.41,Cu,0.82
683,Cu2O,88.50,118.73,A549,Yes,11.43,0.00,L,human,Epithelial,Adult,lung,3.00,MTT,TetrazoliumSalt,143.09,2.41,Cu,0.82
684,Cu2O,88.50,118.73,A549,Yes,93.42,0.00,L,human,Epithelial,Adult,lung,3.00,MTT,TetrazoliumSalt,143.09,2.41,Cu,0.82
685,Cu2O,88.50,118.73,A549,Yes,110.81,0.00,L,human,Epithelial,Adult,lung,3.00,MTT,TetrazoliumSalt,143.09,2.41,Cu,0.82
686,Cu2O,88.50,118.73,A549,Yes,0.00,0.00,L,human,Epithelial,Adult,lung,3.00,MTT,TetrazoliumSalt,143.09,2.41,Cu,0.82
687,Cu2O,88.50,118.73,A549,Yes,119.25,0.00,L,human,Epithelial,Adult,lung,3.00,MTT,TetrazoliumSalt,143.09,2.41,Cu,0.82
688,Cu2O,88.50,118.73,A549,Yes,54.66,0.00,L,human,Epithelial,Adult,lung,24.00,NR,toluylene red,143.09,2.41,Cu,0.82
689,Cu2O,88.50,118.73,PMA activated THP-1,Yes,93.12,0.00,L,human,Macrophage,Adult,blood,6.00,NR,toluylene red,143.09,2.41,Cu,0.82
690,Cu2O,88.50,118.73,PMA activated THP-1,Yes,106.67,0.00,L,human,Macrophage,Adult,blood,24.00,MTT,TetrazoliumSalt,143.09,2.41,Cu,0.82
691,Cu2O,88.50,118.73,PMA activated THP-1,Yes,109.21,0.00,L,human,Macrophage,Adult,blood,3.00,MTT,TetrazoliumSalt,143.09,2.41,Cu,0.82
692,Cu2O,88.50,118.73,PMA activated THP-1,Yes,98.20,0.00,L,human,Macrophage,Adult,blood,9.00,NR,toluylene red,143.09,2.41,Cu,0.82
693,Cu2O,88.50,118.73,A549,Yes,94.91,0.00,L,human,Epithelial,Adult,lung,3.00,NR,toluylene red,143.09,2.41,Cu,0.82
694,Cu2O,88.50,118.73,PMA activated THP-1,Yes,92.28,0.00,L,human,Macrophage,Adult,blood,7.00,NR,toluylene red,143.09,2.41,Cu,0.82
695,Cu2O,88.50,118.73,A549,Yes,102.86,0.00,L,human,Epithelial,Adult,lung,3.00,NR,toluylene red,143.09,2.41,Cu,0.82
696,Cu2O,88.50,118.73,A549,Yes,95.90,0.00,L,human,Epithelial,Adult,lung,3.00,NR,toluylene red,143.09,2.41,Cu,0.82
697,Cu2O,88.50,118.73,A549,Yes,103.35,0.00,L,human,Epithelial,Adult,lung,3.00,NR,toluylene red,143.09,2.41,Cu,0.82
698,Cu2O,88.50,118.73,PMA activated THP-1,Yes,13.12,0.00,L,human,Macrophage,Adult,blood,3.00,MTT,TetrazoliumSalt,143.09,2.41,Cu,0.82
699,Cu2O,88.50,118.73,PMA activated THP-1,Yes,0.00,0.00,L,human,Macrophage,Adult,blood,3.00,MTT,TetrazoliumSalt,143.09,2.41,Cu,0.82
700,Cu2O,88.50,118.73,PMA activated THP-1,Yes,113.02,0.00,L,human,Macrophage,Adult,blood,8.00,NR,toluylene red,143.09,2.41,Cu,0.82
701,Cu2O,88.50,118.73,PMA activated THP-1,Yes,74.07,0.00,L,human,Macrophage,Adult,blood,12.00,NR,toluylene red,143.09,2.41,Cu,0.82
702,Cu2O,88.50,118.73,PMA activated THP-1,Yes,109.63,0.00,L,human,Macrophage,Adult,blood,24.00,NR,toluylene red,143.09,2.41,Cu,0.82
703,Cu2O,88.50,118.73,PMA activated THP-1,Yes,103.70,0.00,L,human,Macrophage,Adult,blood,24.00,NR,toluylene red,143.09,2.41,Cu,0.82
704,Cu2O,88.50,118.73,PMA activated THP-1,Yes,68.15,0.00,L,human,Macrophage,Adult,blood,24.00,NR,toluylene red,143.09,2.41,Cu,0.82
705,Cu2O,88.50,118.73,A549,Yes,0.00,0.00,L,human,Epithelial,Adult,lung,3.00,MTT,TetrazoliumSalt,143.09,2.41,Cu,0.82
706,Cu2O,88.50,118.73,PMA activated THP-1,Yes,93.12,0.00,L,human,Macrophage,Adult,blood,24.00,NR,toluylene red,143.09,2.41,Cu,0.82
707,Cu2O,88.50,118.73,PMA activated THP-1,Yes,113.86,0.00,L,human,Macrophage,Adult,blood,3.00,NR,toluylene red,143.09,2.41,Cu,0.82
708,Cu2O,88.50,118.73,PMA activated THP-1,Yes,105.40,0.00,L,human,Macrophage,Adult,blood,3.00,MTT,TetrazoliumSalt,143.09,2.41,Cu,0.82
709,Cu2O,88.50,118.73,PMA activated THP-1,Yes,96.93,0.00,L,human,Macrophage,Adult,blood,10.00,NR,toluylene red,143.09,2.41,Cu,0.82
710,Cu2O,88.50,118.73,PMA activated THP-1,Yes,21.16,0.00,L,human,Macrophage,Adult,blood,24.00,NR,toluylene red,143.09,2.41,Cu,0.82
711,Cu2O,88.50,118.73,PMA activated THP-1,Yes,25.82,0.00,L,human,Macrophage,Adult,blood,24.00,NR,toluylene red,143.09,2.41,Cu,0.82
712,Cu2O,88.50,118.73,PMA activated THP-1,Yes,18.62,0.00,L,human,Macrophage,Adult,blood,24.00,NR,toluylene red,143.09,2.41,Cu,0.82
713,Cu2O,88.50,118.73,PMA activated THP-1,Yes,17.78,0.00,L,human,Macrophage,Adult,blood,24.00,NR,toluylene red,143.09,2.41,Cu,0.82
714,Cu2O,88.50,118.73,PMA activated THP-1,Yes,22.86,0.00,L,human,Macrophage,Adult,blood,24.00,NR,toluylene red,143.09,2.41,Cu,0.82
715,Cu2O,88.50,118.73,PMA activated THP-1,Yes,30.05,0.00,L,human,Macrophage,Adult,blood,24.00,NR,toluylene red,143.09,2.41,Cu,0.82
716,CuO,28.00,-39.67,Hepatocytes,No,67.81,0.00,P,catfish,Epithelial,Adult,liver,48.00,MTT,TetrazoliumSalt,79.55,2.67,Cu,0.82
717,CuO,28.00,-39.67,Hepatocytes,No,89.33,0.00,P,catfish,Epithelial,Adult,liver,48.00,MTT,TetrazoliumSalt,79.55,2.67,Cu,0.82
718,CuO,30.00,-39.67,A549,Yes,103.70,0.00,L,human,Epithelial,Adult,lung,24.00,CCK-8,TetrazoliumSalt,79.55,2.67,Cu,0.82
719,CuO,28.00,-39.67,Hepatocytes,No,48.95,0.00,P,catfish,Epithelial,Adult,liver,48.00,MTT,TetrazoliumSalt,79.55,2.67,Cu,0.82
720,CuO,28.00,-39.67,Hepatocytes,No,90.67,0.00,P,catfish,Epithelial,Adult,liver,48.00,MTT,TetrazoliumSalt,79.55,2.67,Cu,0.82
721,CuO,22.83,-39.67,HepG2,Yes,33.33,0.00,L,human,Epithelial,Adult,liver,24.00,NRU,NeutralRed,79.55,2.67,Cu,0.82
722,CuO,46.30,-39.67,HCMEC,No,96.04,0.00,P,human,Epithelial,Adult,heart,12.00,MTT,TetrazoliumSalt,79.55,2.67,Cu,0.82
723,CuO,46.30,-39.67,HCMEC,No,98.02,0.00,P,human,Epithelial,Adult,heart,12.00,MTT,TetrazoliumSalt,79.55,2.67,Cu,0.82
724,CuO,46.30,-39.67,HCMEC,No,96.07,0.00,P,human,Epithelial,Adult,heart,24.00,MTT,TetrazoliumSalt,79.55,2.67,Cu,0.82
725,CuO,46.30,-39.67,HCMEC,No,95.71,0.00,P,human,Epithelial,Adult,heart,12.00,MTT,TetrazoliumSalt,79.55,2.67,Cu,0.82
726,CuO,46.30,-39.67,HCMEC,No,82.84,0.00,P,human,Epithelial,Adult,heart,12.00,MTT,TetrazoliumSalt,79.55,2.67,Cu,0.82
727,CuO,28.00,-39.67,HepG2,Yes,51.75,0.00,L,human,Epithelial,Adult,liver,48.00,MTT,TetrazoliumSalt,79.55,2.67,Cu,0.82
728,CuO,46.30,-39.67,HCMEC,No,99.01,0.00,P,human,Epithelial,Adult,heart,12.00,MTT,TetrazoliumSalt,79.55,2.67,Cu,0.82
729,CuO,22.83,-39.67,HepG2,Yes,40.16,0.00,L,human,Epithelial,Adult,liver,24.00,NRU,NeutralRed,79.55,2.67,Cu,0.82
730,CuO,28.00,-39.67,HepG2,Yes,38.89,0.00,L,human,Epithelial,Adult,liver,48.00,MTT,TetrazoliumSalt,79.55,2.67,Cu,0.82
731,CuO,46.30,-39.67,HCMEC,No,14.43,0.00,P,human,Epithelial,Adult,heart,24.00,MTT,TetrazoliumSalt,79.55,2.67,Cu,0.82
732,CuO,30.00,-39.67,A549,Yes,97.86,0.00,L,human,Epithelial,Adult,lung,24.00,CCK-8,TetrazoliumSalt,79.55,2.67,Cu,0.82
733,CuO,46.30,-39.67,HCMEC,No,45.22,0.00,P,human,Epithelial,Adult,heart,12.00,MTT,TetrazoliumSalt,79.55,2.67,Cu,0.82
734,CuO,30.00,-39.67,A549,Yes,84.24,0.00,L,human,Epithelial,Adult,lung,24.00,CCK-8,TetrazoliumSalt,79.55,2.67,Cu,0.82
735,CuO,46.30,-39.67,HCMEC,No,63.37,0.00,P,human,Epithelial,Adult,heart,12.00,MTT,TetrazoliumSalt,79.55,2.67,Cu,0.82
736,CuO,46.30,-39.67,HCMEC,No,42.95,0.00,P,human,Epithelial,Adult,heart,24.00,MTT,TetrazoliumSalt,79.55,2.67,Cu,0.82
737,CuO,46.30,-39.67,HCMEC,No,16.17,0.00,P,human,Epithelial,Adult,heart,12.00,MTT,TetrazoliumSalt,79.55,2.67,Cu,0.82
738,CuO,46.30,-39.67,HCMEC,No,14.19,0.00,P,human,Epithelial,Adult,heart,12.00,MTT,TetrazoliumSalt,79.55,2.67,Cu,0.82
739,CuO,30.00,-39.67,A549,Yes,19.84,0.00,L,human,Epithelial,Adult,lung,24.00,CCK-8,TetrazoliumSalt,79.55,2.67,Cu,0.82
740,CuO,46.30,-39.67,HCMEC,No,12.79,0.00,P,human,Epithelial,Adult,heart,24.00,MTT,TetrazoliumSalt,79.55,2.67,Cu,0.82
741,CuO,46.30,-39.67,HCMEC,No,74.75,0.00,P,human,Epithelial,Adult,heart,24.00,MTT,TetrazoliumSalt,79.55,2.67,Cu,0.82
742,CuO,28.20,-39.67,A549,Yes,126.30,0.00,L,human,Epithelial,Adult,lung,4.00,CellTiterBlue,AlamarBlue,79.55,2.67,Cu,0.82
743,CuO,28.20,-39.67,A549,Yes,124.78,0.00,L,human,Epithelial,Adult,lung,4.00,CellTiterBlue,AlamarBlue,79.55,2.67,Cu,0.82
744,CuO,46.30,-39.67,HCMEC,No,95.08,0.00,P,human,Epithelial,Adult,heart,24.00,MTT,TetrazoliumSalt,79.55,2.67,Cu,0.82
745,CuO,30.00,-39.67,A549,Yes,2.53,0.00,L,human,Epithelial,Adult,lung,48.00,CCK-8,TetrazoliumSalt,79.55,2.67,Cu,0.82
746,CuO,30.00,-39.67,A549,Yes,109.73,0.00,L,human,Epithelial,Adult,lung,24.00,CCK-8,TetrazoliumSalt,79.55,2.67,Cu,0.82
747,CuO,46.30,-39.67,HCMEC,No,99.67,0.00,P,human,Epithelial,Adult,heart,24.00,MTT,TetrazoliumSalt,79.55,2.67,Cu,0.82
748,CuO,22.83,-39.67,HepG2,Yes,27.94,0.00,L,human,Epithelial,Adult,liver,24.00,MTT,TetrazoliumSalt,79.55,2.67,Cu,0.82
749,CuO,28.20,-39.67,A549,Yes,101.09,0.00,L,human,Epithelial,Adult,lung,4.00,CellTiterBlue,AlamarBlue,79.55,2.67,Cu,0.82
750,CuO,30.00,-39.67,A549,Yes,2.92,0.00,L,human,Epithelial,Adult,lung,48.00,CCK-8,TetrazoliumSalt,79.55,2.67,Cu,0.82
751,CuO,33.00,-39.67,SH-SY5Y,Yes,35.00,0.00,L,human,Epithelial,Adult,bone marrow,48.00,MTS,TetrazoliumSalt,79.55,2.67,Cu,0.82
752,CuO,239.00,-39.67,HCMEC,No,5.74,0.00,P,human,Endothelial,Adult,heart,24.00,LDH,ldh activity assay kit,79.55,2.67,Cu,0.82
753,CuO,10.00,-39.67,A549,Yes,103.31,0.00,L,human,Epithelial,Adult,lung,24.00,MTS,TetrazoliumSalt,79.55,2.67,Cu,0.82
754,CuO,22.83,-39.67,HepG2,Yes,83.40,0.00,L,human,Epithelial,Adult,liver,24.00,MTT,TetrazoliumSalt,79.55,2.67,Cu,0.82
755,CuO,22.83,-39.67,HepG2,Yes,69.09,0.00,L,human,Epithelial,Adult,liver,24.00,MTT,TetrazoliumSalt,79.55,2.67,Cu,0.82
756,CuO,22.83,-39.67,HepG2,Yes,51.41,0.00,L,human,Epithelial,Adult,liver,24.00,MTT,TetrazoliumSalt,79.55,2.67,Cu,0.82
757,CuO,22.83,-39.67,HepG2,Yes,34.03,0.00,L,human,Epithelial,Adult,liver,24.00,MTT,TetrazoliumSalt,79.55,2.67,Cu,0.82
758,CuO,22.83,-39.67,HepG2,Yes,81.40,0.00,L,human,Epithelial,Adult,liver,24.00,NRU,NeutralRed,79.55,2.67,Cu,0.82
759,CuO,22.83,-39.67,HepG2,Yes,66.20,0.00,L,human,Epithelial,Adult,liver,24.00,NRU,NeutralRed,79.55,2.67,Cu,0.82
760,CuO,22.83,-39.67,HepG2,Yes,51.16,0.00,L,human,Epithelial,Adult,liver,24.00,NRU,NeutralRed,79.55,2.67,Cu,0.82
761,CuO,30.00,-39.67,A549,Yes,56.42,0.00,L,human,Epithelial,Adult,lung,24.00,CCK-8,TetrazoliumSalt,79.55,2.67,Cu,0.82
762,CuO,28.00,-39.67,HepG2,Yes,13.65,0.00,L,human,Epithelial,Adult,liver,48.00,MTT,TetrazoliumSalt,79.55,2.67,Cu,0.82
763,CuO,30.00,-39.67,A549,Yes,4.28,0.00,L,human,Epithelial,Adult,lung,24.00,CCK-8,TetrazoliumSalt,79.55,2.67,Cu,0.82
764,CuO,46.30,-39.67,HCMEC,No,95.74,0.00,P,human,Epithelial,Adult,heart,24.00,MTT,TetrazoliumSalt,79.55,2.67,Cu,0.82
765,CuO,30.00,-39.67,A549,Yes,3.31,0.00,L,human,Epithelial,Adult,lung,24.00,CCK-8,TetrazoliumSalt,79.55,2.67,Cu,0.82
766,CuO,10.00,-39.67,A549,Yes,98.46,0.00,L,human,Epithelial,Adult,lung,24.00,MTS,TetrazoliumSalt,79.55,2.67,Cu,0.82
767,CuO,28.20,-39.67,A549,Yes,128.04,0.00,L,human,Epithelial,Adult,lung,4.00,CellTiterBlue,AlamarBlue,79.55,2.67,Cu,0.82
768,CuO,10.00,-39.67,A549,Yes,84.77,0.00,L,human,Epithelial,Adult,lung,24.00,MTS,TetrazoliumSalt,79.55,2.67,Cu,0.82
769,CuO,10.00,-39.67,A549,Yes,56.29,0.00,L,human,Epithelial,Adult,lung,24.00,MTS,TetrazoliumSalt,79.55,2.67,Cu,0.82
770,CuO,10.00,-39.67,A549,Yes,15.01,0.00,L,human,Epithelial,Adult,lung,24.00,MTS,TetrazoliumSalt,79.55,2.67,Cu,0.82
771,CuO,28.00,-39.67,HepG2,Yes,20.32,0.00,L,human,Epithelial,Adult,liver,48.00,MTT,TetrazoliumSalt,79.55,2.67,Cu,0.82
772,CuO,28.20,-39.67,A549,Yes,7.17,0.00,L,human,Epithelial,Adult,lung,48.00,CellTiterBlue,AlamarBlue,79.55,2.67,Cu,0.82
773,CuO,28.20,-39.67,A549,Yes,17.61,0.00,L,human,Epithelial,Adult,lung,48.00,CellTiterBlue,AlamarBlue,79.55,2.67,Cu,0.82
774,CuO,28.20,-39.67,A549,Yes,66.74,0.00,L,human,Epithelial,Adult,lung,48.00,CellTiterBlue,AlamarBlue,79.55,2.67,Cu,0.82
775,CuO,28.20,-39.67,A549,Yes,20.00,0.00,L,human,Epithelial,Adult,lung,24.00,CellTiterBlue,AlamarBlue,79.55,2.67,Cu,0.82
776,CuO,55.80,-39.67,HaCat,No,92.96,0.00,L,human,Keratinocyte,Adult,skin,48.00,MTT,TetrazoliumSalt,79.55,2.67,Cu,0.82
777,CuO,28.20,-39.67,A549,Yes,45.22,0.00,L,human,Epithelial,Adult,lung,24.00,CellTiterBlue,AlamarBlue,79.55,2.67,Cu,0.82
778,CuO,28.20,-39.67,A549,Yes,98.26,0.00,L,human,Epithelial,Adult,lung,24.00,CellTiterBlue,AlamarBlue,79.55,2.67,Cu,0.82
779,CuO,28.20,-39.67,A549,Yes,110.22,0.00,L,human,Epithelial,Adult,lung,24.00,CellTiterBlue,AlamarBlue,79.55,2.67,Cu,0.82
780,CuO,40.00,-39.67,A549,Yes,52.76,0.00,L,human,Epithelial,Adult,lung,24.00,MTS,TetrazoliumSalt,79.55,2.67,Cu,0.82
781,CuO,30.00,-39.67,A549,Yes,27.82,0.00,L,human,Epithelial,Adult,lung,48.00,CCK-8,TetrazoliumSalt,79.55,2.67,Cu,0.82
782,CuO,46.30,-39.67,HCMEC,No,12.79,0.00,P,human,Epithelial,Adult,heart,24.00,MTT,TetrazoliumSalt,79.55,2.67,Cu,0.82
783,CuO,30.00,-39.67,A549,Yes,65.56,0.00,L,human,Epithelial,Adult,lung,48.00,CCK-8,TetrazoliumSalt,79.55,2.67,Cu,0.82
784,CuO,239.00,-39.67,HCMEC,No,46.29,0.00,P,human,Endothelial,Adult,heart,12.00,LDH,ldh activity assay kit,79.55,2.67,Cu,0.82
785,CuO,239.00,-39.67,HCMEC,No,84.27,0.00,P,human,Endothelial,Adult,heart,12.00,MTT,TetrazoliumSalt,79.55,2.67,Cu,0.82
786,CuO,33.00,-39.67,SH-SY5Y,Yes,32.01,0.00,L,human,Epithelial,Adult,bone marrow,48.00,MTS,TetrazoliumSalt,79.55,2.67,Cu,0.82
787,CuO,33.00,-39.67,H4,Yes,60.68,0.00,L,human,Epithelial,Adult,brain,48.00,Live/Dead,"calcein am, ethidium homodimer-1",79.55,2.67,Cu,0.82
788,CuO,239.00,-39.67,HCMEC,No,12.40,0.00,P,human,Endothelial,Adult,heart,12.00,LDH,ldh activity assay kit,79.55,2.67,Cu,0.82
789,CuO,239.00,-39.67,HCMEC,No,12.38,0.00,P,human,Endothelial,Adult,heart,12.00,LDH,ldh activity assay kit,79.55,2.67,Cu,0.82
790,CuO,239.00,-39.67,HCMEC,No,43.37,0.00,P,human,Endothelial,Adult,heart,24.00,LDH,ldh activity assay kit,79.55,2.67,Cu,0.82
791,CuO,239.00,-39.67,HCMEC,No,41.47,0.00,P,human,Endothelial,Adult,heart,24.00,LDH,ldh activity assay kit,79.55,2.67,Cu,0.82
792,CuO,239.00,-39.67,HCMEC,No,45.20,0.00,P,human,Endothelial,Adult,heart,24.00,LDH,ldh activity assay kit,79.55,2.67,Cu,0.82
793,CuO,239.00,-39.67,HCMEC,No,30.16,0.00,P,human,Endothelial,Adult,heart,24.00,LDH,ldh activity assay kit,79.55,2.67,Cu,0.82
794,CuO,52.51,-39.67,A549,Yes,74.59,0.00,L,human,Epithelial,Adult,lung,24.00,MTT,TetrazoliumSalt,79.55,2.67,Cu,0.82
795,CuO,239.00,-39.67,HCMEC,No,13.48,0.00,P,human,Endothelial,Adult,heart,24.00,MTT,TetrazoliumSalt,79.55,2.67,Cu,0.82
796,CuO,239.00,-39.67,HCMEC,No,13.48,0.00,P,human,Endothelial,Adult,heart,24.00,0,TetrazoliumSalt,79.55,2.67,Cu,0.82
797,CuO,239.00,-39.67,HCMEC,No,15.73,0.00,P,human,Endothelial,Adult,heart,24.00,MTT,TetrazoliumSalt,79.55,2.67,Cu,0.82
798,CuO,239.00,-39.67,HCMEC,No,43.82,0.00,P,human,Endothelial,Adult,heart,24.00,MTT,TetrazoliumSalt,79.55,2.67,Cu,0.82
799,CuO,239.00,-39.67,HCMEC,No,75.28,0.00,P,human,Endothelial,Adult,heart,24.00,MTT,TetrazoliumSalt,79.55,2.67,Cu,0.82
800,CuO,239.00,-39.67,HCMEC,No,96.63,0.00,P,human,Endothelial,Adult,heart,24.00,MTT,TetrazoliumSalt,79.55,2.67,Cu,0.82
801,CuO,239.00,-39.67,HCMEC,No,95.51,0.00,P,human,Endothelial,Adult,heart,24.00,MTT,TetrazoliumSalt,79.55,2.67,Cu,0.82
802,CuO,239.00,-39.67,HCMEC,No,100.00,0.00,P,human,Endothelial,Adult,heart,24.00,MTT,TetrazoliumSalt,79.55,2.67,Cu,0.82
803,CuO,239.00,-39.67,HCMEC,No,96.63,0.00,P,human,Endothelial,Adult,heart,12.00,MTT,TetrazoliumSalt,79.55,2.67,Cu,0.82
804,CuO,239.00,-39.67,HCMEC,No,96.63,0.00,P,human,Endothelial,Adult,heart,24.00,MTT,TetrazoliumSalt,79.55,2.67,Cu,0.82
805,CuO,33.00,-39.67,H4,Yes,90.07,0.00,L,human,Epithelial,Adult,brain,48.00,Live/Dead,"calcein am, ethidium homodimer-1",79.55,2.67,Cu,0.82
806,CuO,239.00,-39.67,HCMEC,No,98.88,0.00,P,human,Endothelial,Adult,heart,12.00,MTT,TetrazoliumSalt,79.55,2.67,Cu,0.82
807,CuO,33.00,-39.67,H4,Yes,98.60,0.00,L,human,Epithelial,Adult,brain,48.00,Live/Dead,"calcein am, ethidium homodimer-1",79.55,2.67,Cu,0.82
808,CuO,33.00,-39.67,H4,Yes,98.28,0.00,L,human,Epithelial,Adult,brain,48.00,Live/Dead,"calcein am, ethidium homodimer-1",79.55,2.67,Cu,0.82
809,CuO,33.00,-39.67,SH-SY5Y,Yes,41.08,0.00,L,human,Epithelial,Adult,bone marrow,48.00,Live/Dead,"calcein am, ethidium homodimer-1",79.55,2.67,Cu,0.82
810,CuO,33.00,-39.67,SH-SY5Y,Yes,89.75,0.00,L,human,Epithelial,Adult,bone marrow,48.00,Live/Dead,"calcein am, ethidium homodimer-1",79.55,2.67,Cu,0.82
811,CuO,33.00,-39.67,SH-SY5Y,Yes,97.65,0.00,L,human,Epithelial,Adult,bone marrow,48.00,Live/Dead,"calcein am, ethidium homodimer-1",79.55,2.67,Cu,0.82
812,CuO,33.00,-39.67,SH-SY5Y,Yes,98.92,0.00,L,human,Epithelial,Adult,bone marrow,48.00,Live/Dead,"calcein am, ethidium homodimer-1",79.55,2.67,Cu,0.82
813,CuO,33.00,-39.67,H4,Yes,38.43,0.00,L,human,Epithelial,Adult,brain,48.00,MTS,TetrazoliumSalt,79.55,2.67,Cu,0.82
814,CuO,33.00,-39.67,H4,Yes,68.20,0.00,L,human,Epithelial,Adult,brain,48.00,MTS,TetrazoliumSalt,79.55,2.67,Cu,0.82
815,CuO,33.00,-39.67,SH-SY5Y,Yes,41.71,0.00,L,human,Epithelial,Adult,bone marrow,48.00,MTS,TetrazoliumSalt,79.55,2.67,Cu,0.82
816,CuO,239.00,-39.67,HCMEC,No,27.44,0.00,P,human,Endothelial,Adult,heart,12.00,LDH,ldh activity assay kit,79.55,2.67,Cu,0.82
817,CuO,239.00,-39.67,HCMEC,No,96.63,0.00,P,human,Endothelial,Adult,heart,12.00,MTT,TetrazoliumSalt,79.55,2.67,Cu,0.82
818,CuO,33.00,-39.67,H4,Yes,97.34,0.00,L,human,Epithelial,Adult,brain,48.00,Live/Dead,"calcein am, ethidium homodimer-1",79.55,2.67,Cu,0.82
819,CuO,33.00,-39.67,H4,Yes,59.06,0.00,L,human,Epithelial,Adult,brain,48.00,MTS,TetrazoliumSalt,79.55,2.67,Cu,0.82
820,CuO,239.00,-39.67,HCMEC,No,44.39,0.00,P,human,Endothelial,Adult,heart,12.00,LDH,ldh activity assay kit,79.55,2.67,Cu,0.82
821,CuO,239.00,-39.67,HCMEC,No,11.39,0.00,P,human,Endothelial,Adult,heart,24.00,LDH,ldh activity assay kit,79.55,2.67,Cu,0.82
822,CuO,52.51,-39.67,A549,Yes,84.71,0.00,L,human,Epithelial,Adult,lung,24.00,NR,toluylene red,79.55,2.67,Cu,0.82
823,CuO,52.51,-39.67,A549,Yes,68.67,0.00,L,human,Epithelial,Adult,lung,24.00,NR,toluylene red,79.55,2.67,Cu,0.82
824,CuO,52.51,-39.67,A549,Yes,45.38,0.00,L,human,Epithelial,Adult,lung,24.00,NR,toluylene red,79.55,2.67,Cu,0.82
825,CuO,33.00,-39.67,H4,Yes,71.83,0.00,L,human,Epithelial,Adult,brain,48.00,MTS,TetrazoliumSalt,79.55,2.67,Cu,0.82
826,CuO,52.51,-39.67,A549,Yes,48.17,0.00,L,human,Epithelial,Adult,lung,24.00,MTT,TetrazoliumSalt,79.55,2.67,Cu,0.82
827,CuO,239.00,-39.67,HCMEC,No,33.08,0.00,P,human,Endothelial,Adult,heart,12.00,LDH,ldh activity assay kit,79.55,2.67,Cu,0.82
828,CuO,239.00,-39.67,HCMEC,No,14.61,0.00,P,human,Endothelial,Adult,heart,12.00,MTT,TetrazoliumSalt,79.55,2.67,Cu,0.82
829,CuO,239.00,-39.67,HCMEC,No,46.07,0.00,P,human,Endothelial,Adult,heart,12.00,MTT,TetrazoliumSalt,79.55,2.67,Cu,0.82
830,CuO,52.51,-39.67,A549,Yes,48.00,0.00,L,human,Epithelial,Adult,lung,24.00,MTT,TetrazoliumSalt,79.55,2.67,Cu,0.82
831,CuO,52.51,-39.67,A549,Yes,66.00,0.00,L,human,Epithelial,Adult,lung,24.00,MTT,TetrazoliumSalt,79.55,2.67,Cu,0.82
832,CuO,52.51,-39.67,A549,Yes,75.00,0.00,L,human,Epithelial,Adult,lung,24.00,MTT,TetrazoliumSalt,79.55,2.67,Cu,0.82
833,CuO,40.00,-39.67,A549,Yes,100.00,0.00,L,human,Epithelial,Adult,lung,24.00,MTS,TetrazoliumSalt,79.55,2.67,Cu,0.82
834,CuO,40.00,-39.67,A549,Yes,102.87,0.00,L,human,Epithelial,Adult,lung,24.00,MTS,TetrazoliumSalt,79.55,2.67,Cu,0.82
835,CuO,40.00,-39.67,A549,Yes,94.70,0.00,L,human,Epithelial,Adult,lung,24.00,MTS,TetrazoliumSalt,79.55,2.67,Cu,0.82
836,CuO,40.00,-39.67,A549,Yes,85.87,0.00,L,human,Epithelial,Adult,lung,24.00,MTS,TetrazoliumSalt,79.55,2.67,Cu,0.82
837,CuO,55.80,-39.67,HaCat,No,70.00,0.00,L,human,Keratinocyte,Adult,skin,24.00,MTT,TetrazoliumSalt,79.55,2.67,Cu,0.82
838,CuO,55.80,-39.67,HaCat,No,86.01,0.00,L,human,Keratinocyte,Adult,skin,24.00,MTT,TetrazoliumSalt,79.55,2.67,Cu,0.82
839,CuO,55.80,-39.67,HaCat,No,49.70,0.00,L,human,Keratinocyte,Adult,skin,24.00,MTT,TetrazoliumSalt,79.55,2.67,Cu,0.82
840,CuO,28.20,-39.67,A549,Yes,100.00,0.00,L,human,Epithelial,Adult,lung,48.00,CellTiterBlue,AlamarBlue,79.55,2.67,Cu,0.82
841,CuO,55.80,-39.67,HaCat,No,79.90,0.00,L,human,Keratinocyte,Adult,skin,48.00,MTT,TetrazoliumSalt,79.55,2.67,Cu,0.82
842,CuO,55.80,-39.67,HaCat,No,58.43,0.00,L,human,Keratinocyte,Adult,skin,48.00,MTT,TetrazoliumSalt,79.55,2.67,Cu,0.82
843,CuO,30.00,-39.67,A549,Yes,0.78,0.00,L,human,Epithelial,Adult,lung,48.00,CCK-8,TetrazoliumSalt,79.55,2.67,Cu,0.82
844,CuO,55.80,-39.67,HaCat,No,96.20,0.00,L,human,Keratinocyte,Adult,skin,24.00,MTT,TetrazoliumSalt,79.55,2.67,Cu,0.82
845,CuO,30.00,-39.67,A549,Yes,1.17,0.00,L,human,Epithelial,Adult,lung,48.00,CCK-8,TetrazoliumSalt,79.55,2.67,Cu,0.82
846,CuO,55.80,-39.67,HaCat,No,30.40,0.00,L,human,Keratinocyte,Adult,skin,48.00,MTT,TetrazoliumSalt,79.55,2.67,Cu,0.82
847,CuO,30.00,-39.67,A549,Yes,104.67,0.00,L,human,Epithelial,Adult,lung,48.00,CCK-8,TetrazoliumSalt,79.55,2.67,Cu,0.82
848,CuO,30.00,-39.67,A549,Yes,101.36,0.00,L,human,Epithelial,Adult,lung,48.00,CCK-8,TetrazoliumSalt,79.55,2.67,Cu,0.82
849,CuO,52.51,-39.67,A549,Yes,85.00,0.00,L,human,Epithelial,Adult,lung,24.00,NRU,NeutralRed,79.55,2.67,Cu,0.82
850,CuO,239.00,-39.67,HCMEC,No,16.85,0.00,P,human,Endothelial,Adult,heart,12.00,MTT,TetrazoliumSalt,79.55,2.67,Cu,0.82
851,CuO,52.51,-39.67,A549,Yes,69.00,0.00,L,human,Epithelial,Adult,lung,24.00,NRU,NeutralRed,79.55,2.67,Cu,0.82
852,CuO,30.09,-39.67,hMSC,No,78.04,0.00,P,human,Spindle,Adult,bone marrow,48.00,NRU,NeutralRed,79.55,2.67,Cu,0.82
853,CuO,239.00,-39.67,HCMEC,No,65.17,0.00,P,human,Endothelial,Adult,heart,12.00,MTT,TetrazoliumSalt,79.55,2.67,Cu,0.82
854,CuO,239.00,-39.67,HCMEC,No,44.36,0.00,P,human,Endothelial,Adult,heart,12.00,LDH,ldh activity assay kit,79.55,2.67,Cu,0.82
855,CuO,239.00,-39.67,HCMEC,No,98.88,0.00,P,human,Endothelial,Adult,heart,12.00,MTT,TetrazoliumSalt,79.55,2.67,Cu,0.82
856,CuO,33.00,-39.67,SH-SY5Y,Yes,37.41,0.00,L,human,Epithelial,Adult,bone marrow,48.00,MTS,TetrazoliumSalt,79.55,2.67,Cu,0.82
857,CuO,52.51,-39.67,A549,Yes,66.06,0.00,L,human,Epithelial,Adult,lung,24.00,MTT,TetrazoliumSalt,79.55,2.67,Cu,0.82
858,CuO,10.00,-39.67,Caco-2,Yes,64.72,0.00,L,human,Epithelial,Adult,colon,48.00,MTS,TetrazoliumSalt,79.55,2.67,Cu,0.82
859,CuO,10.00,-39.67,Caco-2,Yes,75.86,0.00,L,human,Epithelial,Adult,colon,24.00,MTS,TetrazoliumSalt,79.55,2.67,Cu,0.82
860,CuO,40.00,-39.67,Caco-2,Yes,75.33,0.00,L,human,Epithelial,Adult,colon,48.00,MTS,TetrazoliumSalt,79.55,2.67,Cu,0.82
861,CuO,40.00,-39.67,Caco-2,Yes,114.06,0.00,L,human,Epithelial,Adult,colon,24.00,MTS,TetrazoliumSalt,79.55,2.67,Cu,0.82
862,CuO,23.00,-39.67,A549,Yes,31.44,0.00,L,human,Epithelial,Adult,lung,24.00,MTT,TetrazoliumSalt,79.55,2.67,Cu,0.82
863,CuO,23.00,-39.67,A549,Yes,56.48,0.00,L,human,Epithelial,Adult,lung,24.00,MTT,TetrazoliumSalt,79.55,2.67,Cu,0.82
864,CuO,23.00,-39.67,A549,Yes,81.51,0.00,L,human,Epithelial,Adult,lung,24.00,MTT,TetrazoliumSalt,79.55,2.67,Cu,0.82
865,CuO,30.09,-39.67,hMSC,No,0.39,0.00,P,human,Spindle,Adult,bone marrow,48.00,NRU,NeutralRed,79.55,2.67,Cu,0.82
866,CuO,30.09,-39.67,hMSC,No,0.39,0.00,P,human,Spindle,Adult,bone marrow,48.00,NRU,NeutralRed,79.55,2.67,Cu,0.82
867,CuO,30.09,-39.67,hMSC,No,1.16,0.00,P,human,Spindle,Adult,bone marrow,48.00,NRU,NeutralRed,79.55,2.67,Cu,0.82
868,CuO,30.09,-39.67,hMSC,No,2.12,0.00,P,human,Spindle,Adult,bone marrow,48.00,NRU,NeutralRed,79.55,2.67,Cu,0.82
869,CuO,30.09,-39.67,hMSC,No,4.24,0.00,P,human,Spindle,Adult,bone marrow,48.00,NRU,NeutralRed,79.55,2.67,Cu,0.82
870,CuO,30.09,-39.67,hMSC,No,10.41,0.00,P,human,Spindle,Adult,bone marrow,48.00,NRU,NeutralRed,79.55,2.67,Cu,0.82
871,CuO,30.09,-39.67,hMSC,No,31.99,0.00,P,human,Spindle,Adult,bone marrow,48.00,NRU,NeutralRed,79.55,2.67,Cu,0.82
872,CuO,52.51,-39.67,A549,Yes,46.00,0.00,L,human,Epithelial,Adult,lung,24.00,NRU,NeutralRed,79.55,2.67,Cu,0.82
873,CuO,33.00,-39.67,SH-SY5Y,Yes,97.65,0.00,L,human,Epithelial,Adult,bone marrow,48.00,Live/Dead,"calcein am, ethidium homodimer-1",79.55,2.67,Cu,0.82
874,Fe3O4,28.33,49.26,hPDLF,No,76.07,0.00,P,human,Fibroblast,Adult,teeth,6.00,MTT,TetrazoliumSalt,231.53,2.75,Fe,0.85
875,Fe3O4,28.33,49.26,hPDLF,No,95.73,0.00,P,human,Fibroblast,Adult,teeth,6.00,MTT,TetrazoliumSalt,231.53,2.75,Fe,0.85
876,Fe3O4,42.50,49.26,HCMEC,No,99.01,0.00,P,human,Epithelial,Adult,heart,12.00,MTT,TetrazoliumSalt,231.53,2.75,Fe,0.85
877,Fe3O4,42.50,49.26,HCMEC,No,97.04,0.00,P,human,Epithelial,Adult,heart,12.00,MTT,TetrazoliumSalt,231.53,2.75,Fe,0.85
878,Fe3O4,6.00,49.26,HEK-293,No,67.17,0.00,L,human,Epithelial,Embryonic,kidney,48.00,MTT,TetrazoliumSalt,231.53,2.75,Fe,0.85
879,Fe3O4,6.00,49.26,HEK-293,No,75.20,0.00,L,human,Epithelial,Embryonic,kidney,48.00,MTT,TetrazoliumSalt,231.53,2.75,Fe,0.85
880,Fe3O4,6.00,49.26,HEK-293,No,87.05,0.00,L,human,Epithelial,Embryonic,kidney,48.00,MTT,TetrazoliumSalt,231.53,2.75,Fe,0.85
881,Fe3O4,28.33,49.26,hPDLF,No,43.64,0.00,P,human,Fibroblast,Adult,teeth,48.00,MTT,TetrazoliumSalt,231.53,2.75,Fe,0.85
882,Fe3O4,28.33,49.26,hPDLF,No,39.83,0.00,P,human,Fibroblast,Adult,teeth,48.00,MTT,TetrazoliumSalt,231.53,2.75,Fe,0.85
883,Fe3O4,42.50,49.26,HCMEC,No,99.01,0.00,P,human,Epithelial,Adult,heart,12.00,MTT,TetrazoliumSalt,231.53,2.75,Fe,0.85
884,Fe3O4,42.50,49.26,HCMEC,No,98.36,0.00,P,human,Epithelial,Adult,heart,12.00,MTT,TetrazoliumSalt,231.53,2.75,Fe,0.85
885,Fe3O4,28.33,49.26,hPDLF,No,49.65,0.00,P,human,Fibroblast,Adult,teeth,24.00,MTT,TetrazoliumSalt,231.53,2.75,Fe,0.85
886,Fe3O4,42.50,49.26,HCMEC,No,95.07,0.00,P,human,Epithelial,Adult,heart,12.00,MTT,TetrazoliumSalt,231.53,2.75,Fe,0.85
887,Fe3O4,42.50,49.26,HCMEC,No,95.07,0.00,P,human,Epithelial,Adult,heart,12.00,MTT,TetrazoliumSalt,231.53,2.75,Fe,0.85
888,Fe3O4,46.80,49.26,HCMEC,No,99.01,0.00,P,human,Epithelial,Adult,heart,12.00,MTT,TetrazoliumSalt,231.53,2.75,Fe,0.85
889,Fe3O4,6.00,49.26,HEK-293,No,74.47,0.00,L,human,Epithelial,Embryonic,kidney,24.00,MTT,TetrazoliumSalt,231.53,2.75,Fe,0.85
890,Fe3O4,28.33,49.26,hPDLF,No,86.61,0.00,P,human,Fibroblast,Adult,teeth,6.00,MTT,TetrazoliumSalt,231.53,2.75,Fe,0.85
891,Fe3O4,46.80,49.26,HCMEC,No,95.40,0.00,P,human,Epithelial,Adult,heart,12.00,MTT,TetrazoliumSalt,231.53,2.75,Fe,0.85
892,Fe3O4,46.80,49.26,HCMEC,No,98.36,0.00,P,human,Epithelial,Adult,heart,12.00,MTT,TetrazoliumSalt,231.53,2.75,Fe,0.85
893,Fe3O4,46.80,49.26,HCMEC,No,100.33,0.00,P,human,Epithelial,Adult,heart,12.00,MTT,TetrazoliumSalt,231.53,2.75,Fe,0.85
894,Fe3O4,46.80,49.26,HCMEC,No,97.04,0.00,P,human,Epithelial,Adult,heart,12.00,MTT,TetrazoliumSalt,231.53,2.75,Fe,0.85
895,Fe3O4,46.80,49.26,HCMEC,No,100.00,0.00,P,human,Epithelial,Adult,heart,12.00,MTT,TetrazoliumSalt,231.53,2.75,Fe,0.85
896,Fe3O4,46.80,49.26,HCMEC,No,97.04,0.00,P,human,Epithelial,Adult,heart,12.00,MTT,TetrazoliumSalt,231.53,2.75,Fe,0.85
897,Fe3O4,46.80,49.26,HCMEC,No,99.01,0.00,P,human,Epithelial,Adult,heart,12.00,MTT,TetrazoliumSalt,231.53,2.75,Fe,0.85
898,Fe3O4,46.80,49.26,HCMEC,No,97.04,0.00,P,human,Epithelial,Adult,heart,12.00,MTT,TetrazoliumSalt,231.53,2.75,Fe,0.85
899,Fe3O4,6.00,49.26,HEK-293,No,88.88,0.00,L,human,Epithelial,Embryonic,kidney,24.00,MTT,TetrazoliumSalt,231.53,2.75,Fe,0.85
900,Fe3O4,6.00,49.26,HEK-293,No,93.80,0.00,L,human,Epithelial,Embryonic,kidney,24.00,MTT,TetrazoliumSalt,231.53,2.75,Fe,0.85
901,Fe3O4,145.80,17.70,RAW 264.7,Yes,104.84,PEI,L,mouse,Monocyte/Macrophage,Adult,blood,72.00,MTS,TetrazoliumSalt,231.53,2.75,Fe,0.85
902,Fe3O4,145.80,17.70,SH-SY5Y,Yes,42.65,PEI,L,human,Epithelial,Adult,bone marrow,24.00,Live/Dead,TrypanBlue,231.53,2.75,Fe,0.85
903,Fe3O4,145.80,17.70,SH-SY5Y,Yes,39.94,PEI,L,human,Epithelial,Adult,bone marrow,24.00,Live/Dead,TrypanBlue,231.53,2.75,Fe,0.85
904,Fe3O4,145.80,17.70,SH-SY5Y,Yes,60.19,PEI,L,human,Epithelial,Adult,bone marrow,72.00,Live/Dead,TrypanBlue,231.53,2.75,Fe,0.85
905,Fe3O4,145.80,17.70,SH-SY5Y,Yes,40.91,PEI,L,human,Epithelial,Adult,bone marrow,72.00,Live/Dead,TrypanBlue,231.53,2.75,Fe,0.85
906,Fe3O4,361.40,12.10,RAW 264.7,Yes,60.80,PEG to the PEI,L,mouse,Monocyte/Macrophage,Adult,blood,72.00,Live/Dead,TrypanBlue,231.53,2.75,Fe,0.85
907,Fe3O4,145.80,17.70,SH-SY5Y,Yes,32.68,PEI,L,human,Epithelial,Adult,bone marrow,120.00,Live/Dead,TrypanBlue,231.53,2.75,Fe,0.85
908,Fe3O4,361.40,12.10,RAW 264.7,Yes,86.36,PEG to the PEI,L,mouse,Monocyte/Macrophage,Adult,blood,72.00,Live/Dead,TrypanBlue,231.53,2.75,Fe,0.85
909,Fe3O4,145.80,17.70,RAW 264.7,Yes,100.00,PEI,L,mouse,Monocyte/Macrophage,Adult,blood,72.00,MTS,TetrazoliumSalt,231.53,2.75,Fe,0.85
910,Fe3O4,145.80,17.70,RAW 264.7,Yes,104.84,PEI,L,mouse,Monocyte/Macrophage,Adult,blood,72.00,CellTiterBlue,AlamarBlue,231.53,2.75,Fe,0.85
911,Fe3O4,145.80,17.70,RAW 264.7,Yes,99.19,PEI,L,mouse,Monocyte/Macrophage,Adult,blood,72.00,CellTiterBlue,AlamarBlue,231.53,2.75,Fe,0.85
912,Fe3O4,145.80,17.70,SH-SY5Y,Yes,56.05,PEI,L,human,Epithelial,Adult,bone marrow,24.00,Live/Dead,TrypanBlue,231.53,2.75,Fe,0.85
913,Fe3O4,145.80,17.70,SH-SY5Y,Yes,67.31,PEI,L,human,Epithelial,Adult,bone marrow,24.00,Live/Dead,TrypanBlue,231.53,2.75,Fe,0.85
914,Fe3O4,145.80,17.70,SH-SY5Y,Yes,82.85,PEI,L,human,Epithelial,Adult,bone marrow,24.00,Live/Dead,TrypanBlue,231.53,2.75,Fe,0.85
915,Fe3O4,145.80,17.70,RAW 264.7,Yes,58.06,PEI,L,mouse,Monocyte/Macrophage,Adult,blood,72.00,CellTiterBlue,AlamarBlue,231.53,2.75,Fe,0.85
916,Fe3O4,145.80,17.70,RAW 264.7,Yes,85.48,PEI,L,mouse,Monocyte/Macrophage,Adult,blood,72.00,CellTiterBlue,AlamarBlue,231.53,2.75,Fe,0.85
917,Fe3O4,145.80,17.70,RAW 264.7,Yes,106.45,PEI,L,mouse,Monocyte/Macrophage,Adult,blood,72.00,CellTiterBlue,AlamarBlue,231.53,2.75,Fe,0.85
918,Fe3O4,145.80,17.70,RAW 264.7,Yes,115.32,PEI,L,mouse,Monocyte/Macrophage,Adult,blood,72.00,CellTiterBlue,AlamarBlue,231.53,2.75,Fe,0.85
919,Fe3O4,145.80,17.70,RAW 264.7,Yes,131.45,PEI,L,mouse,Monocyte/Macrophage,Adult,blood,72.00,CellTiterBlue,AlamarBlue,231.53,2.75,Fe,0.85
920,Fe3O4,145.80,17.70,RAW 264.7,Yes,100.00,PEI,L,mouse,Monocyte/Macrophage,Adult,blood,72.00,CellTiterBlue,AlamarBlue,231.53,2.75,Fe,0.85
921,Fe3O4,145.80,17.70,RAW 264.7,Yes,96.77,PEI,L,mouse,Monocyte/Macrophage,Adult,blood,72.00,CellTiterBlue,AlamarBlue,231.53,2.75,Fe,0.85
922,Fe3O4,145.80,17.70,RAW 264.7,Yes,102.42,PEI,L,mouse,Monocyte/Macrophage,Adult,blood,72.00,CellTiterBlue,AlamarBlue,231.53,2.75,Fe,0.85
923,Fe3O4,326.50,-23.50,SKOV-3,Yes,92.67,folic acid with intermediate organic (PEG) coating,L,human,Epithelial,Adult,ovary,48.00,MTT,TetrazoliumSalt,231.53,2.75,Fe,0.85
924,Fe3O4,13.50,49.26,H4,Yes,99.81,0.00,L,human,Epithelial,Adult,brain,48.00,Live/Dead,"calcein am, ethidium homodimer-1",231.53,2.75,Fe,0.85
925,Fe3O4,326.50,-23.50,SKOV-3,Yes,88.36,folic acid with intermediate organic (PEG) coating,L,human,Epithelial,Adult,ovary,24.00,MTT,TetrazoliumSalt,231.53,2.75,Fe,0.85
926,Fe3O4,326.50,-23.50,SKOV-3,Yes,87.29,folic acid with intermediate organic (PEG) coating,L,human,Epithelial,Adult,ovary,24.00,MTT,TetrazoliumSalt,231.53,2.75,Fe,0.85
927,Fe3O4,42.50,49.26,HCMEC,No,98.03,0.00,P,human,Epithelial,Adult,heart,24.00,MTT,TetrazoliumSalt,231.53,2.75,Fe,0.85
928,Fe3O4,42.50,49.26,HCMEC,No,97.04,0.00,P,human,Epithelial,Adult,heart,12.00,MTT,TetrazoliumSalt,231.53,2.75,Fe,0.85
929,Fe3O4,28.33,49.26,hPDLF,No,51.62,0.00,P,human,Fibroblast,Adult,teeth,24.00,MTT,TetrazoliumSalt,231.53,2.75,Fe,0.85
930,Fe3O4,28.33,49.26,hPDLF,No,55.01,0.00,P,human,Fibroblast,Adult,teeth,24.00,MTT,TetrazoliumSalt,231.53,2.75,Fe,0.85
931,Fe3O4,28.33,49.26,hPDLF,No,53.03,0.00,P,human,Fibroblast,Adult,teeth,24.00,MTT,TetrazoliumSalt,231.53,2.75,Fe,0.85
932,Fe3O4,28.33,49.26,hPDLF,No,55.29,0.00,P,human,Fibroblast,Adult,teeth,24.00,MTT,TetrazoliumSalt,231.53,2.75,Fe,0.85
933,Fe3O4,6.00,49.26,A549,Yes,45.32,0.00,L,human,Epithelial,Adult,lung,72.00,MTT,TetrazoliumSalt,231.53,2.75,Fe,0.85
934,Fe3O4,6.00,49.26,A549,Yes,85.75,0.00,L,human,Epithelial,Adult,lung,72.00,MTT,TetrazoliumSalt,231.53,2.75,Fe,0.85
935,Fe3O4,46.80,49.26,HCMEC,No,89.18,0.00,P,human,Epithelial,Adult,heart,24.00,MTT,TetrazoliumSalt,231.53,2.75,Fe,0.85
936,Fe3O4,6.00,49.26,HeLa,Yes,42.23,0.00,L,human,Epithelial,Adult,cervix,72.00,MTT,TetrazoliumSalt,231.53,2.75,Fe,0.85
937,Fe3O4,22.00,49.26,A549,Yes,72.00,0.00,L,human,Epithelial,Adult,lung,24.00,MTT,TetrazoliumSalt,231.53,2.75,Fe,0.85
938,Fe3O4,22.00,49.26,A549,Yes,84.00,0.00,L,human,Epithelial,Adult,lung,24.00,MTT,TetrazoliumSalt,231.53,2.75,Fe,0.85
939,Fe3O4,42.50,49.26,HCMEC,No,93.77,0.00,P,human,Epithelial,Adult,heart,24.00,MTT,TetrazoliumSalt,231.53,2.75,Fe,0.85
940,Fe3O4,42.50,49.26,HCMEC,No,88.53,0.00,P,human,Epithelial,Adult,heart,24.00,MTT,TetrazoliumSalt,231.53,2.75,Fe,0.85
941,Fe3O4,42.50,49.26,HCMEC,No,96.72,0.00,P,human,Epithelial,Adult,heart,24.00,MTT,TetrazoliumSalt,231.53,2.75,Fe,0.85
942,Fe3O4,6.00,49.26,HeLa,Yes,50.22,0.00,L,human,Epithelial,Adult,cervix,72.00,MTT,TetrazoliumSalt,231.53,2.75,Fe,0.85
943,Fe3O4,6.00,49.26,HeLa,Yes,75.29,0.00,L,human,Epithelial,Adult,cervix,72.00,MTT,TetrazoliumSalt,231.53,2.75,Fe,0.85
944,Fe3O4,6.00,49.26,HeLa,Yes,65.26,0.00,L,human,Epithelial,Adult,cervix,48.00,MTT,TetrazoliumSalt,231.53,2.75,Fe,0.85
945,Fe3O4,28.33,49.26,hPDLF,No,52.12,0.00,P,human,Fibroblast,Adult,teeth,48.00,MTT,TetrazoliumSalt,231.53,2.75,Fe,0.85
946,Fe3O4,6.00,49.26,HeLa,Yes,72.69,0.00,L,human,Epithelial,Adult,cervix,48.00,MTT,TetrazoliumSalt,231.53,2.75,Fe,0.85
947,Fe3O4,42.50,49.26,HCMEC,No,88.85,0.00,P,human,Epithelial,Adult,heart,24.00,MTT,TetrazoliumSalt,231.53,2.75,Fe,0.85
948,Fe3O4,28.33,49.26,hPDLF,No,100.00,0.00,P,human,Fibroblast,Adult,teeth,6.00,MTT,TetrazoliumSalt,231.53,2.75,Fe,0.85
949,Fe3O4,42.50,49.26,HCMEC,No,92.13,0.00,P,human,Epithelial,Adult,heart,24.00,MTT,TetrazoliumSalt,231.53,2.75,Fe,0.85
950,Fe3O4,42.50,49.26,HCMEC,No,89.51,0.00,P,human,Epithelial,Adult,heart,24.00,MTT,TetrazoliumSalt,231.53,2.75,Fe,0.85
951,Fe3O4,46.80,49.26,HCMEC,No,98.69,0.00,P,human,Epithelial,Adult,heart,24.00,MTT,TetrazoliumSalt,231.53,2.75,Fe,0.85
952,Fe3O4,6.00,49.26,HeLa,Yes,87.18,0.00,L,human,Epithelial,Adult,cervix,24.00,MTT,TetrazoliumSalt,231.53,2.75,Fe,0.85
953,Fe3O4,6.00,49.26,HeLa,Yes,86.44,0.00,L,human,Epithelial,Adult,cervix,24.00,MTT,TetrazoliumSalt,231.53,2.75,Fe,0.85
954,Fe3O4,6.00,49.26,HeLa,Yes,84.58,0.00,L,human,Epithelial,Adult,cervix,24.00,MTT,TetrazoliumSalt,231.53,2.75,Fe,0.85
955,Fe3O4,46.80,49.26,HCMEC,No,89.18,0.00,P,human,Epithelial,Adult,heart,24.00,MTT,TetrazoliumSalt,231.53,2.75,Fe,0.85
956,Fe3O4,46.80,49.26,HCMEC,No,92.79,0.00,P,human,Epithelial,Adult,heart,24.00,MTT,TetrazoliumSalt,231.53,2.75,Fe,0.85
957,Fe3O4,46.80,49.26,HCMEC,No,91.15,0.00,P,human,Epithelial,Adult,heart,24.00,MTT,TetrazoliumSalt,231.53,2.75,Fe,0.85
958,Fe3O4,46.80,49.26,HCMEC,No,95.74,0.00,P,human,Epithelial,Adult,heart,24.00,MTT,TetrazoliumSalt,231.53,2.75,Fe,0.85
959,Fe3O4,42.50,49.26,HCMEC,No,95.74,0.00,P,human,Epithelial,Adult,heart,24.00,MTT,TetrazoliumSalt,231.53,2.75,Fe,0.85
960,Fe3O4,46.80,49.26,HCMEC,No,92.79,0.00,P,human,Epithelial,Adult,heart,24.00,MTT,TetrazoliumSalt,231.53,2.75,Fe,0.85
961,Fe3O4,46.80,49.26,HCMEC,No,100.66,0.00,P,human,Epithelial,Adult,heart,24.00,MTT,TetrazoliumSalt,231.53,2.75,Fe,0.85
962,Fe3O4,6.00,49.26,A549,Yes,71.92,0.00,L,human,Epithelial,Adult,lung,72.00,MTT,TetrazoliumSalt,231.53,2.75,Fe,0.85
963,Fe3O4,42.50,49.26,HCMEC,No,92.13,0.00,P,human,Epithelial,Adult,heart,24.00,MTT,TetrazoliumSalt,231.53,2.75,Fe,0.85
964,Fe3O4,28.33,49.26,mDF,No,76.38,0.00,P,mouse,Fibroblast,Adult,skin,48.00,MTT,TetrazoliumSalt,231.53,2.75,Fe,0.85
965,Fe3O4,28.33,49.26,mDF,No,74.78,0.00,P,mouse,Fibroblast,Adult,skin,48.00,MTT,TetrazoliumSalt,231.53,2.75,Fe,0.85
966,Fe3O4,28.33,49.26,mDF,No,100.00,0.00,P,mouse,Fibroblast,Adult,skin,24.00,MTT,TetrazoliumSalt,231.53,2.75,Fe,0.85
967,Fe3O4,28.33,49.26,mDF,No,88.33,0.00,P,mouse,Fibroblast,Adult,skin,24.00,MTT,TetrazoliumSalt,231.53,2.75,Fe,0.85
968,Fe3O4,28.33,49.26,mDF,No,76.37,0.00,P,mouse,Fibroblast,Adult,skin,24.00,MTT,TetrazoliumSalt,231.53,2.75,Fe,0.85
969,Fe3O4,22.00,49.26,A549,Yes,65.00,0.00,L,human,Epithelial,Adult,lung,24.00,NRU,NeutralRed,231.53,2.75,Fe,0.85
970,Fe3O4,22.00,49.26,A549,Yes,87.00,0.00,L,human,Epithelial,Adult,lung,24.00,NRU,NeutralRed,231.53,2.75,Fe,0.85
971,Fe3O4,22.00,49.26,A549,Yes,56.00,0.00,L,human,Epithelial,Adult,lung,24.00,MTT,TetrazoliumSalt,231.53,2.75,Fe,0.85
972,Fe3O4,42.50,49.26,HCMEC,No,95.72,0.00,P,human,Epithelial,Adult,heart,12.00,MTT,TetrazoliumSalt,231.53,2.75,Fe,0.85
973,Fe3O4,42.50,49.26,HCMEC,No,96.71,0.00,P,human,Epithelial,Adult,heart,12.00,MTT,TetrazoliumSalt,231.53,2.75,Fe,0.85
974,Fe3O4,22.00,49.26,A549,Yes,79.00,0.00,L,human,Epithelial,Adult,lung,24.00,NRU,NeutralRed,231.53,2.75,Fe,0.85
975,Fe3O4,28.33,49.26,hPDLF,No,48.87,0.00,P,human,Fibroblast,Adult,teeth,48.00,MTT,TetrazoliumSalt,231.53,2.75,Fe,0.85
976,Fe3O4,28.33,49.26,hPDLF,No,51.13,0.00,P,human,Fibroblast,Adult,teeth,48.00,MTT,TetrazoliumSalt,231.53,2.75,Fe,0.85
977,Fe3O4,28.33,49.26,mDF,No,87.48,0.00,P,mouse,Fibroblast,Adult,skin,24.00,MTT,TetrazoliumSalt,231.53,2.75,Fe,0.85
978,Fe3O4,28.33,49.26,mDF,No,80.00,0.00,P,mouse,Fibroblast,Adult,skin,6.00,MTT,TetrazoliumSalt,231.53,2.75,Fe,0.85
979,Fe3O4,28.33,49.26,mDF,No,87.54,0.00,P,mouse,Fibroblast,Adult,skin,6.00,MTT,TetrazoliumSalt,231.53,2.75,Fe,0.85
980,Fe3O4,28.33,49.26,mDF,No,85.39,0.00,P,mouse,Fibroblast,Adult,skin,6.00,MTT,TetrazoliumSalt,231.53,2.75,Fe,0.85
981,Fe3O4,28.33,49.26,mDF,No,90.46,0.00,P,mouse,Fibroblast,Adult,skin,6.00,MTT,TetrazoliumSalt,231.53,2.75,Fe,0.85
982,Fe3O4,28.33,49.26,mDF,No,41.74,0.00,P,mouse,Fibroblast,Adult,skin,48.00,MTT,TetrazoliumSalt,231.53,2.75,Fe,0.85
983,Fe3O4,28.33,49.26,mDF,No,83.54,0.00,P,mouse,Fibroblast,Adult,skin,6.00,MTT,TetrazoliumSalt,231.53,2.75,Fe,0.85
984,Fe3O4,6.00,49.26,A549,Yes,97.45,0.00,L,human,Epithelial,Adult,lung,24.00,MTT,TetrazoliumSalt,231.53,2.75,Fe,0.85
985,Fe3O4,6.00,49.26,A549,Yes,91.28,0.00,L,human,Epithelial,Adult,lung,24.00,MTT,TetrazoliumSalt,231.53,2.75,Fe,0.85
986,Fe3O4,6.00,49.26,A549,Yes,94.68,0.00,L,human,Epithelial,Adult,lung,24.00,MTT,TetrazoliumSalt,231.53,2.75,Fe,0.85
987,Fe3O4,28.33,49.26,hPDLF,No,94.30,0.00,P,human,Fibroblast,Adult,teeth,6.00,MTT,TetrazoliumSalt,231.53,2.75,Fe,0.85
988,Fe3O4,28.33,49.26,mDF,No,84.35,0.00,P,mouse,Fibroblast,Adult,skin,48.00,MTT,TetrazoliumSalt,231.53,2.75,Fe,0.85
989,Fe3O4,28.33,49.26,mDF,No,63.48,0.00,P,mouse,Fibroblast,Adult,skin,48.00,MTT,TetrazoliumSalt,231.53,2.75,Fe,0.85
990,Fe3O4,6.00,49.26,A549,Yes,92.77,0.00,L,human,Epithelial,Adult,lung,48.00,MTT,TetrazoliumSalt,231.53,2.75,Fe,0.85
991,Fe3O4,6.00,49.26,HeLa,Yes,77.52,0.00,L,human,Epithelial,Adult,cervix,48.00,MTT,TetrazoliumSalt,231.53,2.75,Fe,0.85
992,Fe3O4,46.80,49.26,HCMEC,No,92.79,0.00,P,human,Epithelial,Adult,heart,24.00,MTT,TetrazoliumSalt,231.53,2.75,Fe,0.85
993,Fe3O4,28.33,49.26,mDF,No,85.65,0.00,P,mouse,Fibroblast,Adult,skin,24.00,MTT,TetrazoliumSalt,231.53,2.75,Fe,0.85
994,Fe3O4,6.00,49.26,A549,Yes,63.40,0.00,L,human,Epithelial,Adult,lung,48.00,MTT,TetrazoliumSalt,231.53,2.75,Fe,0.85
995,Fe3O4,6.00,49.26,A549,Yes,80.43,0.00,L,human,Epithelial,Adult,lung,48.00,MTT,TetrazoliumSalt,231.53,2.75,Fe,0.85
996,Fe3O4,361.40,12.10,SH-SY5Y,Yes,93.66,PEG to the PEI,L,human,Epithelial,Adult,bone marrow,4.00,LDH,ldh activity assay kit,231.53,2.75,Fe,0.85
997,Fe3O4,145.80,17.70,RAW 264.7,Yes,94.19,PEI,L,mouse,Monocyte/Macrophage,Adult,blood,24.00,LDH,ldh activity assay kit,231.53,2.75,Fe,0.85
998,Fe3O4,13.50,49.26,H4,Yes,100.05,0.00,L,human,Epithelial,Adult,brain,48.00,Live/Dead,"calcein am, ethidium homodimer-1",231.53,2.75,Fe,0.85
999,Fe3O4,145.80,17.70,RAW 264.7,Yes,93.76,PEI,L,mouse,Monocyte/Macrophage,Adult,blood,72.00,LDH,ldh activity assay kit,231.53,2.75,Fe,0.85
1000,Fe3O4,13.50,49.26,H4,Yes,99.93,0.00,L,human,Epithelial,Adult,brain,48.00,Live/Dead,"calcein am, ethidium homodimer-1",231.53,2.75,Fe,0.85
1001,Fe3O4,274.10,-27.70,SKOV-3,Yes,91.92,folic acid with intermediate inorganic (silica) coating,L,human,Epithelial,Adult,ovary,24.00,MTT,TetrazoliumSalt,231.53,2.75,Fe,0.85
1002,Fe3O4,274.10,-27.70,SKOV-3,Yes,83.33,folic acid with intermediate inorganic (silica) coating,L,human,Epithelial,Adult,ovary,24.00,MTT,TetrazoliumSalt,231.53,2.75,Fe,0.85
1003,Fe3O4,361.40,12.10,RAW 264.7,Yes,55.68,PEG to the PEI,L,mouse,Monocyte/Macrophage,Adult,blood,24.00,Live/Dead,TrypanBlue,231.53,2.75,Fe,0.85
1004,Fe3O4,361.40,12.10,RAW 264.7,Yes,98.86,PEG to the PEI,L,mouse,Monocyte/Macrophage,Adult,blood,72.00,Live/Dead,TrypanBlue,231.53,2.75,Fe,0.85
1005,Fe3O4,361.40,12.10,SH-SY5Y,Yes,56.50,PEG to the PEI,L,human,Epithelial,Adult,bone marrow,24.00,Live/Dead,TrypanBlue,231.53,2.75,Fe,0.85
1006,Fe3O4,361.40,12.10,SH-SY5Y,Yes,57.06,PEG to the PEI,L,human,Epithelial,Adult,bone marrow,24.00,Live/Dead,TrypanBlue,231.53,2.75,Fe,0.85
1007,Fe3O4,145.80,17.70,RAW 264.7,Yes,94.19,PEI,L,mouse,Monocyte/Macrophage,Adult,blood,1.00,LDH,ldh activity assay kit,231.53,2.75,Fe,0.85
1008,Fe3O4,145.80,17.70,RAW 264.7,Yes,94.19,PEI,L,mouse,Monocyte/Macrophage,Adult,blood,24.00,LDH,ldh activity assay kit,231.53,2.75,Fe,0.85
1009,Fe3O4,145.80,17.70,RAW 264.7,Yes,94.19,PEI,L,mouse,Monocyte/Macrophage,Adult,blood,24.00,LDH,ldh activity assay kit,231.53,2.75,Fe,0.85
1010,Fe3O4,145.80,17.70,RAW 264.7,Yes,95.04,PEI,L,mouse,Monocyte/Macrophage,Adult,blood,1.00,LDH,ldh activity assay kit,231.53,2.75,Fe,0.85
1011,Fe3O4,361.40,12.10,SH-SY5Y,Yes,13.56,PEG to the PEI,L,human,Epithelial,Adult,bone marrow,72.00,Live/Dead,TrypanBlue,231.53,2.75,Fe,0.85
1012,Fe3O4,361.40,12.10,SH-SY5Y,Yes,2.82,PEG to the PEI,L,human,Epithelial,Adult,bone marrow,72.00,Live/Dead,TrypanBlue,231.53,2.75,Fe,0.85
1013,Fe3O4,361.40,12.10,SH-SY5Y,Yes,56.50,PEG to the PEI,L,human,Epithelial,Adult,bone marrow,120.00,Live/Dead,TrypanBlue,231.53,2.75,Fe,0.85
1014,Fe3O4,361.40,12.10,SH-SY5Y,Yes,17.51,PEG to the PEI,L,human,Epithelial,Adult,bone marrow,120.00,Live/Dead,TrypanBlue,231.53,2.75,Fe,0.85
1015,Fe3O4,361.40,12.10,SH-SY5Y,Yes,10.17,PEG to the PEI,L,human,Epithelial,Adult,bone marrow,120.00,Live/Dead,TrypanBlue,231.53,2.75,Fe,0.85
1016,Fe3O4,361.40,12.10,SH-SY5Y,Yes,38.42,PEG to the PEI,L,human,Epithelial,Adult,bone marrow,168.00,Live/Dead,TrypanBlue,231.53,2.75,Fe,0.85
1017,Fe3O4,361.40,12.10,SH-SY5Y,Yes,401.99,PEG to the PEI,L,human,Epithelial,Adult,bone marrow,72.00,CellTiterBlue,AlamarBlue,231.53,2.75,Fe,0.85
1018,Fe3O4,361.40,12.10,SH-SY5Y,Yes,28.25,PEG to the PEI,L,human,Epithelial,Adult,bone marrow,168.00,Live/Dead,TrypanBlue,231.53,2.75,Fe,0.85
1019,Fe3O4,361.40,12.10,SH-SY5Y,Yes,95.48,PEG to the PEI,L,human,Epithelial,Adult,bone marrow,24.00,Live/Dead,TrypanBlue,231.53,2.75,Fe,0.85
1020,Fe3O4,361.40,12.10,SH-SY5Y,Yes,14.12,PEG to the PEI,L,human,Epithelial,Adult,bone marrow,168.00,Live/Dead,TrypanBlue,231.53,2.75,Fe,0.85
1021,Fe3O4,145.80,17.70,RAW 264.7,Yes,94.19,PEI,L,mouse,Monocyte/Macrophage,Adult,blood,1.00,LDH,ldh activity assay kit,231.53,2.75,Fe,0.85
1022,Fe3O4,145.80,17.70,RAW 264.7,Yes,95.04,PEI,L,mouse,Monocyte/Macrophage,Adult,blood,4.00,LDH,ldh activity assay kit,231.53,2.75,Fe,0.85
1023,Fe3O4,361.40,12.10,SH-SY5Y,Yes,95.91,PEG to the PEI,L,human,Epithelial,Adult,bone marrow,72.00,MTS,TetrazoliumSalt,231.53,2.75,Fe,0.85
1024,Fe3O4,361.40,12.10,SH-SY5Y,Yes,101.44,PEG to the PEI,L,human,Epithelial,Adult,bone marrow,72.00,MTS,TetrazoliumSalt,231.53,2.75,Fe,0.85
1025,Fe3O4,361.40,12.10,SH-SY5Y,Yes,114.38,PEG to the PEI,L,human,Epithelial,Adult,bone marrow,72.00,MTS,TetrazoliumSalt,231.53,2.75,Fe,0.85
1026,Fe3O4,361.40,12.10,SH-SY5Y,Yes,162.87,PEG to the PEI,L,human,Epithelial,Adult,bone marrow,72.00,MTS,TetrazoliumSalt,231.53,2.75,Fe,0.85
1027,Fe3O4,361.40,12.10,SH-SY5Y,Yes,163.80,PEG to the PEI,L,human,Epithelial,Adult,bone marrow,72.00,MTS,TetrazoliumSalt,231.53,2.75,Fe,0.85
1028,Fe3O4,145.80,17.70,RAW 264.7,Yes,95.04,PEI,L,mouse,Monocyte/Macrophage,Adult,blood,1.00,LDH,ldh activity assay kit,231.53,2.75,Fe,0.85
1029,Fe3O4,145.80,17.70,RAW 264.7,Yes,95.47,PEI,L,mouse,Monocyte/Macrophage,Adult,blood,1.00,LDH,ldh activity assay kit,231.53,2.75,Fe,0.85
1030,Fe3O4,145.80,17.70,RAW 264.7,Yes,74.25,PEI,L,mouse,Monocyte/Macrophage,Adult,blood,168.00,Live/Dead,TrypanBlue,231.53,2.75,Fe,0.85
1031,Fe3O4,145.80,17.70,SH-SY5Y,Yes,78.22,PEI,L,human,Epithelial,Adult,bone marrow,4.00,LDH,ldh activity assay kit,231.53,2.75,Fe,0.85
1032,Fe3O4,145.80,17.70,RAW 264.7,Yes,59.84,PEI,L,mouse,Monocyte/Macrophage,Adult,blood,168.00,Live/Dead,TrypanBlue,231.53,2.75,Fe,0.85
1033,Fe3O4,145.80,17.70,RAW 264.7,Yes,93.76,PEI,L,mouse,Monocyte/Macrophage,Adult,blood,4.00,LDH,ldh activity assay kit,231.53,2.75,Fe,0.85
1034,Fe3O4,145.80,17.70,RAW 264.7,Yes,46.03,PEI,L,mouse,Monocyte/Macrophage,Adult,blood,168.00,Live/Dead,TrypanBlue,231.53,2.75,Fe,0.85
1035,Fe3O4,145.80,17.70,SH-SY5Y,Yes,88.39,PEI,L,human,Epithelial,Adult,bone marrow,1.00,LDH,ldh activity assay kit,231.53,2.75,Fe,0.85
1036,Fe3O4,145.80,17.70,SH-SY5Y,Yes,88.39,PEI,L,human,Epithelial,Adult,bone marrow,1.00,LDH,ldh activity assay kit,231.53,2.75,Fe,0.85
1037,Fe3O4,145.80,17.70,SH-SY5Y,Yes,88.39,PEI,L,human,Epithelial,Adult,bone marrow,1.00,LDH,ldh activity assay kit,231.53,2.75,Fe,0.85
1038,Fe3O4,361.40,12.10,SH-SY5Y,Yes,55.93,PEG to the PEI,L,human,Epithelial,Adult,bone marrow,24.00,Live/Dead,TrypanBlue,231.53,2.75,Fe,0.85
1039,Fe3O4,361.40,12.10,SH-SY5Y,Yes,61.02,PEG to the PEI,L,human,Epithelial,Adult,bone marrow,72.00,Live/Dead,TrypanBlue,231.53,2.75,Fe,0.85
1040,Fe3O4,361.40,12.10,SH-SY5Y,Yes,37.29,PEG to the PEI,L,human,Epithelial,Adult,bone marrow,72.00,Live/Dead,TrypanBlue,231.53,2.75,Fe,0.85
1041,Fe3O4,361.40,12.10,SH-SY5Y,Yes,23.73,PEG to the PEI,L,human,Epithelial,Adult,bone marrow,72.00,Live/Dead,TrypanBlue,231.53,2.75,Fe,0.85
1042,Fe3O4,145.80,17.70,RAW 264.7,Yes,93.76,PEI,L,mouse,Monocyte/Macrophage,Adult,blood,24.00,LDH,ldh activity assay kit,231.53,2.75,Fe,0.85
1043,Fe3O4,145.80,17.70,RAW 264.7,Yes,94.19,PEI,L,mouse,Monocyte/Macrophage,Adult,blood,4.00,LDH,ldh activity assay kit,231.53,2.75,Fe,0.85
1044,Fe3O4,145.80,17.70,RAW 264.7,Yes,95.04,PEI,L,mouse,Monocyte/Macrophage,Adult,blood,4.00,LDH,ldh activity assay kit,231.53,2.75,Fe,0.85
1045,Fe3O4,145.80,17.70,RAW 264.7,Yes,39.68,PEI,L,mouse,Monocyte/Macrophage,Adult,blood,168.00,Live/Dead,TrypanBlue,231.53,2.75,Fe,0.85
1046,Fe3O4,361.40,12.10,SH-SY5Y,Yes,0.00,PEG to the PEI,L,human,Epithelial,Adult,bone marrow,168.00,Live/Dead,TrypanBlue,231.53,2.75,Fe,0.85
1047,Fe3O4,361.40,12.10,SH-SY5Y,Yes,0.00,PEG to the PEI,L,human,Epithelial,Adult,bone marrow,168.00,Live/Dead,TrypanBlue,231.53,2.75,Fe,0.85
1048,Fe3O4,361.40,12.10,RAW 264.7,Yes,100.57,PEG to the PEI,L,mouse,Monocyte/Macrophage,Adult,blood,24.00,Live/Dead,TrypanBlue,231.53,2.75,Fe,0.85
1049,Fe3O4,361.40,12.10,SH-SY5Y,Yes,95.09,PEG to the PEI,L,human,Epithelial,Adult,bone marrow,4.00,LDH,ldh activity assay kit,231.53,2.75,Fe,0.85
1050,Fe3O4,361.40,12.10,RAW 264.7,Yes,90.33,PEG to the PEI,L,mouse,Monocyte/Macrophage,Adult,blood,72.00,LDH,ldh activity assay kit,231.53,2.75,Fe,0.85
1051,Fe3O4,361.40,12.10,RAW 264.7,Yes,89.87,PEG to the PEI,L,mouse,Monocyte/Macrophage,Adult,blood,72.00,LDH,ldh activity assay kit,231.53,2.75,Fe,0.85
1052,Fe3O4,361.40,12.10,RAW 264.7,Yes,88.07,PEG to the PEI,L,mouse,Monocyte/Macrophage,Adult,blood,72.00,LDH,ldh activity assay kit,231.53,2.75,Fe,0.85
1053,Fe3O4,361.40,12.10,RAW 264.7,Yes,88.06,PEG to the PEI,L,mouse,Monocyte/Macrophage,Adult,blood,72.00,LDH,ldh activity assay kit,231.53,2.75,Fe,0.85
1054,Fe3O4,361.40,12.10,RAW 264.7,Yes,91.13,PEG to the PEI,L,mouse,Monocyte/Macrophage,Adult,blood,24.00,LDH,ldh activity assay kit,231.53,2.75,Fe,0.85
1055,Fe3O4,361.40,12.10,RAW 264.7,Yes,91.11,PEG to the PEI,L,mouse,Monocyte/Macrophage,Adult,blood,24.00,LDH,ldh activity assay kit,231.53,2.75,Fe,0.85
1056,Fe3O4,361.40,12.10,RAW 264.7,Yes,75.57,PEG to the PEI,L,mouse,Monocyte/Macrophage,Adult,blood,120.00,Live/Dead,TrypanBlue,231.53,2.75,Fe,0.85
1057,Fe3O4,361.40,12.10,RAW 264.7,Yes,74.43,PEG to the PEI,L,mouse,Monocyte/Macrophage,Adult,blood,120.00,Live/Dead,TrypanBlue,231.53,2.75,Fe,0.85
1058,Fe3O4,361.40,12.10,RAW 264.7,Yes,53.41,PEG to the PEI,L,mouse,Monocyte/Macrophage,Adult,blood,120.00,Live/Dead,TrypanBlue,231.53,2.75,Fe,0.85
1059,Fe3O4,361.40,12.10,RAW 264.7,Yes,32.95,PEG to the PEI,L,mouse,Monocyte/Macrophage,Adult,blood,168.00,Live/Dead,TrypanBlue,231.53,2.75,Fe,0.85
1060,Fe3O4,361.40,12.10,RAW 264.7,Yes,43.75,PEG to the PEI,L,mouse,Monocyte/Macrophage,Adult,blood,120.00,Live/Dead,TrypanBlue,231.53,2.75,Fe,0.85
1061,Fe3O4,361.40,12.10,RAW 264.7,Yes,69.89,PEG to the PEI,L,mouse,Monocyte/Macrophage,Adult,blood,168.00,Live/Dead,TrypanBlue,231.53,2.75,Fe,0.85
1062,Fe3O4,361.40,12.10,RAW 264.7,Yes,55.11,PEG to the PEI,L,mouse,Monocyte/Macrophage,Adult,blood,168.00,Live/Dead,TrypanBlue,231.53,2.75,Fe,0.85
1063,Fe3O4,361.40,12.10,RAW 264.7,Yes,50.57,PEG to the PEI,L,mouse,Monocyte/Macrophage,Adult,blood,168.00,Live/Dead,TrypanBlue,231.53,2.75,Fe,0.85
1064,Fe3O4,361.40,12.10,SH-SY5Y,Yes,92.11,PEG to the PEI,L,human,Epithelial,Adult,bone marrow,1.00,LDH,ldh activity assay kit,231.53,2.75,Fe,0.85
1065,Fe3O4,361.40,12.10,SH-SY5Y,Yes,91.82,PEG to the PEI,L,human,Epithelial,Adult,bone marrow,4.00,LDH,ldh activity assay kit,231.53,2.75,Fe,0.85
1066,Fe3O4,13.50,49.26,H4,Yes,84.52,0.00,L,human,Epithelial,Adult,brain,48.00,MTS,TetrazoliumSalt,231.53,2.75,Fe,0.85
1067,Fe3O4,13.50,49.26,H4,Yes,87.85,0.00,L,human,Epithelial,Adult,brain,48.00,MTS,TetrazoliumSalt,231.53,2.75,Fe,0.85
1068,Fe3O4,13.50,49.26,H4,Yes,93.44,0.00,L,human,Epithelial,Adult,brain,48.00,MTS,TetrazoliumSalt,231.53,2.75,Fe,0.85
1069,Fe3O4,361.40,12.10,SH-SY5Y,Yes,95.11,PEG to the PEI,L,human,Epithelial,Adult,bone marrow,4.00,LDH,ldh activity assay kit,231.53,2.75,Fe,0.85
1070,Fe3O4,361.40,12.10,SH-SY5Y,Yes,92.13,PEG to the PEI,L,human,Epithelial,Adult,bone marrow,1.00,LDH,ldh activity assay kit,231.53,2.75,Fe,0.85
1071,Fe3O4,361.40,12.10,SH-SY5Y,Yes,92.14,PEG to the PEI,L,human,Epithelial,Adult,bone marrow,1.00,LDH,ldh activity assay kit,231.53,2.75,Fe,0.85
1072,Fe3O4,361.40,12.10,RAW 264.7,Yes,84.09,PEG to the PEI,L,mouse,Monocyte/Macrophage,Adult,blood,24.00,Live/Dead,TrypanBlue,231.53,2.75,Fe,0.85
1073,Fe3O4,361.40,12.10,RAW 264.7,Yes,83.52,PEG to the PEI,L,mouse,Monocyte/Macrophage,Adult,blood,24.00,Live/Dead,TrypanBlue,231.53,2.75,Fe,0.85
1074,Fe3O4,361.40,12.10,RAW 264.7,Yes,79.55,PEG to the PEI,L,mouse,Monocyte/Macrophage,Adult,blood,24.00,Live/Dead,TrypanBlue,231.53,2.75,Fe,0.85
1075,Fe3O4,145.80,17.70,RAW 264.7,Yes,93.76,PEI,L,mouse,Monocyte/Macrophage,Adult,blood,72.00,LDH,ldh activity assay kit,231.53,2.75,Fe,0.85
1076,Fe3O4,145.80,17.70,RAW 264.7,Yes,94.62,PEI,L,mouse,Monocyte/Macrophage,Adult,blood,24.00,LDH,ldh activity assay kit,231.53,2.75,Fe,0.85
1077,Fe3O4,145.80,17.70,RAW 264.7,Yes,95.47,PEI,L,mouse,Monocyte/Macrophage,Adult,blood,4.00,LDH,ldh activity assay kit,231.53,2.75,Fe,0.85
1078,Fe3O4,361.40,12.10,SH-SY5Y,Yes,90.74,PEG to the PEI,L,human,Epithelial,Adult,bone marrow,1.00,LDH,ldh activity assay kit,231.53,2.75,Fe,0.85
1079,Fe3O4,361.40,12.10,SH-SY5Y,Yes,91.70,PEG to the PEI,L,human,Epithelial,Adult,bone marrow,1.00,LDH,ldh activity assay kit,231.53,2.75,Fe,0.85
1080,Fe3O4,361.40,12.10,SH-SY5Y,Yes,93.64,PEG to the PEI,L,human,Epithelial,Adult,bone marrow,4.00,LDH,ldh activity assay kit,231.53,2.75,Fe,0.85
1081,Fe3O4,361.40,12.10,RAW 264.7,Yes,61.93,PEG to the PEI,L,mouse,Monocyte/Macrophage,Adult,blood,168.00,Live/Dead,TrypanBlue,231.53,2.75,Fe,0.85
1082,Fe3O4,361.40,12.10,RAW 264.7,Yes,92.44,PEG to the PEI,L,mouse,Monocyte/Macrophage,Adult,blood,24.00,LDH,ldh activity assay kit,231.53,2.75,Fe,0.85
1083,Fe3O4,12.50,49.26,hTERT-BJ1,No,49.81,0.00,L,human,Fibroblast,Adult,foreskin,28.00,MTT,TetrazoliumSalt,231.53,2.75,Fe,0.85
1084,Fe3O4,12.50,49.26,hTERT-BJ1,No,67.59,0.00,L,human,Fibroblast,Adult,foreskin,27.00,MTT,TetrazoliumSalt,231.53,2.75,Fe,0.85
1085,Fe3O4,12.50,49.26,hTERT-BJ1,No,72.87,0.00,L,human,Fibroblast,Adult,foreskin,26.00,MTT,TetrazoliumSalt,231.53,2.75,Fe,0.85
1086,Fe3O4,12.50,49.26,hTERT-BJ1,No,84.94,0.00,L,human,Fibroblast,Adult,foreskin,25.00,MTT,TetrazoliumSalt,231.53,2.75,Fe,0.85
1087,Fe3O4,12.50,49.26,hTERT-BJ1,No,97.39,0.00,L,human,Fibroblast,Adult,foreskin,24.00,MTT,TetrazoliumSalt,231.53,2.75,Fe,0.85
1088,Fe3O4,145.80,17.70,RAW 264.7,Yes,92.48,PEI,L,mouse,Monocyte/Macrophage,Adult,blood,72.00,LDH,ldh activity assay kit,231.53,2.75,Fe,0.85
1089,Fe3O4,13.50,49.26,H4,Yes,101.67,0.00,L,human,Epithelial,Adult,brain,48.00,MTS,TetrazoliumSalt,231.53,2.75,Fe,0.85
1090,Fe3O4,145.80,17.70,RAW 264.7,Yes,92.48,PEI,L,mouse,Monocyte/Macrophage,Adult,blood,72.00,LDH,ldh activity assay kit,231.53,2.75,Fe,0.85
1091,Fe3O4,145.80,17.70,SH-SY5Y,Yes,87.12,PEI,L,human,Epithelial,Adult,bone marrow,1.00,LDH,ldh activity assay kit,231.53,2.75,Fe,0.85
1092,Fe3O4,361.40,12.10,SH-SY5Y,Yes,63.55,PEG to the PEI,L,human,Epithelial,Adult,bone marrow,72.00,CellTiterBlue,AlamarBlue,231.53,2.75,Fe,0.85
1093,Fe3O4,361.40,12.10,SH-SY5Y,Yes,88.26,PEG to the PEI,L,human,Epithelial,Adult,bone marrow,72.00,CellTiterBlue,AlamarBlue,231.53,2.75,Fe,0.85
1094,Fe3O4,361.40,12.10,RAW 264.7,Yes,107.94,PEG to the PEI,L,mouse,Monocyte/Macrophage,Adult,blood,72.00,CellTiterBlue,AlamarBlue,231.53,2.75,Fe,0.85
1095,Fe3O4,326.50,-23.50,Monocytes,No,81.74,folic acid with intermediate organic (PEG) coating,P,human,Monocyte,Adult,blood,24.00,LDH,ldh activity assay kit,231.53,2.75,Fe,0.85
1096,Fe3O4,326.50,-23.50,Monocytes,No,81.68,folic acid with intermediate organic (PEG) coating,P,human,Monocyte,Adult,blood,24.00,LDH,ldh activity assay kit,231.53,2.75,Fe,0.85
1097,Fe3O4,274.10,-27.70,SKOV-3,Yes,85.86,folic acid with intermediate inorganic (silica) coating,L,human,Epithelial,Adult,ovary,24.00,MTT,TetrazoliumSalt,231.53,2.75,Fe,0.85
1098,Fe3O4,274.10,-27.70,SKOV-3,Yes,88.38,folic acid with intermediate inorganic (silica) coating,L,human,Epithelial,Adult,ovary,48.00,MTT,TetrazoliumSalt,231.53,2.75,Fe,0.85
1099,Fe3O4,274.10,-27.70,Monocytes,No,77.68,folic acid with intermediate inorganic (silica) coating,P,human,Monocyte,Adult,blood,24.00,LDH,ldh activity assay kit,231.53,2.75,Fe,0.85
1100,Fe3O4,326.50,-23.50,SKOV-3,Yes,88.11,folic acid with intermediate organic (PEG) coating,L,human,Epithelial,Adult,ovary,24.00,MTT,TetrazoliumSalt,231.53,2.75,Fe,0.85
1101,Fe3O4,36.00,49.26,A549,Yes,56.73,0.00,L,human,Epithelial,Adult,lung,24.00,MTT,TetrazoliumSalt,231.53,2.75,Fe,0.85
1102,Fe3O4,361.40,12.10,SH-SY5Y,Yes,21.65,PEG to the PEI,L,human,Epithelial,Adult,bone marrow,72.00,CellTiterBlue,AlamarBlue,231.53,2.75,Fe,0.85
1103,Fe3O4,326.50,-23.50,SKOV-3,Yes,86.73,folic acid with intermediate organic (PEG) coating,L,human,Epithelial,Adult,ovary,24.00,MTT,TetrazoliumSalt,231.53,2.75,Fe,0.85
1104,Fe3O4,361.40,12.10,SH-SY5Y,Yes,24.48,PEG to the PEI,L,human,Epithelial,Adult,bone marrow,72.00,CellTiterBlue,AlamarBlue,231.53,2.75,Fe,0.85
1105,Fe3O4,361.40,12.10,RAW 264.7,Yes,93.75,PEG to the PEI,L,mouse,Monocyte/Macrophage,Adult,blood,72.00,MTS,TetrazoliumSalt,231.53,2.75,Fe,0.85
1106,Fe3O4,274.10,-27.70,SKOV-3,Yes,87.88,folic acid with intermediate inorganic (silica) coating,L,human,Epithelial,Adult,ovary,24.00,MTT,TetrazoliumSalt,231.53,2.75,Fe,0.85
1107,Fe3O4,274.10,-27.70,SKOV-3,Yes,86.36,folic acid with intermediate inorganic (silica) coating,L,human,Epithelial,Adult,ovary,24.00,MTT,TetrazoliumSalt,231.53,2.75,Fe,0.85
1108,Fe3O4,145.80,17.70,SH-SY5Y,Yes,112.66,PEI,L,human,Epithelial,Adult,bone marrow,72.00,CellTiterBlue,AlamarBlue,231.53,2.75,Fe,0.85
1109,Fe3O4,361.40,12.10,RAW 264.7,Yes,96.08,PEG to the PEI,L,mouse,Monocyte/Macrophage,Adult,blood,72.00,CellTiterBlue,AlamarBlue,231.53,2.75,Fe,0.85
1110,Fe3O4,145.80,17.70,RAW 264.7,Yes,63.39,PEI,L,mouse,Monocyte/Macrophage,Adult,blood,120.00,Live/Dead,TrypanBlue,231.53,2.75,Fe,0.85
1111,Fe3O4,145.80,17.70,RAW 264.7,Yes,68.48,PEI,L,mouse,Monocyte/Macrophage,Adult,blood,168.00,Live/Dead,TrypanBlue,231.53,2.75,Fe,0.85
1112,Fe3O4,361.40,12.10,RAW 264.7,Yes,73.81,PEG to the PEI,L,mouse,Monocyte/Macrophage,Adult,blood,72.00,CellTiterBlue,AlamarBlue,231.53,2.75,Fe,0.85
1113,Fe3O4,361.40,12.10,RAW 264.7,Yes,73.41,PEG to the PEI,L,mouse,Monocyte/Macrophage,Adult,blood,72.00,CellTiterBlue,AlamarBlue,231.53,2.75,Fe,0.85
1114,Fe3O4,361.40,12.10,RAW 264.7,Yes,100.05,PEG to the PEI,L,mouse,Monocyte/Macrophage,Adult,blood,72.00,MTS,TetrazoliumSalt,231.53,2.75,Fe,0.85
1115,Fe3O4,361.40,12.10,RAW 264.7,Yes,75.59,PEG to the PEI,L,mouse,Monocyte/Macrophage,Adult,blood,72.00,CellTiterBlue,AlamarBlue,231.53,2.75,Fe,0.85
1116,Fe3O4,361.40,12.10,RAW 264.7,Yes,86.61,PEG to the PEI,L,mouse,Monocyte/Macrophage,Adult,blood,72.00,CellTiterBlue,AlamarBlue,231.53,2.75,Fe,0.85
1117,Fe3O4,145.80,17.70,RAW 264.7,Yes,93.76,PEI,L,mouse,Monocyte/Macrophage,Adult,blood,72.00,LDH,ldh activity assay kit,231.53,2.75,Fe,0.85
1118,Fe3O4,361.40,12.10,RAW 264.7,Yes,108.33,PEG to the PEI,L,mouse,Monocyte/Macrophage,Adult,blood,72.00,CellTiterBlue,AlamarBlue,231.53,2.75,Fe,0.85
1119,Fe3O4,361.40,12.10,RAW 264.7,Yes,115.28,PEG to the PEI,L,mouse,Monocyte/Macrophage,Adult,blood,72.00,CellTiterBlue,AlamarBlue,231.53,2.75,Fe,0.85
1120,Fe3O4,326.50,-23.50,Monocytes,No,79.80,folic acid with intermediate organic (PEG) coating,P,human,Monocyte,Adult,blood,24.00,LDH,ldh activity assay kit,231.53,2.75,Fe,0.85
1121,Fe3O4,361.40,12.10,RAW 264.7,Yes,110.42,PEG to the PEI,L,mouse,Monocyte/Macrophage,Adult,blood,72.00,CellTiterBlue,AlamarBlue,231.53,2.75,Fe,0.85
1122,Fe3O4,361.40,12.10,RAW 264.7,Yes,104.81,PEG to the PEI,L,mouse,Monocyte/Macrophage,Adult,blood,72.00,CellTiterBlue,AlamarBlue,231.53,2.75,Fe,0.85
1123,Fe3O4,361.40,12.10,RAW 264.7,Yes,129.37,PEG to the PEI,L,mouse,Monocyte/Macrophage,Adult,blood,72.00,MTS,TetrazoliumSalt,231.53,2.75,Fe,0.85
1124,Fe3O4,361.40,12.10,RAW 264.7,Yes,100.40,PEG to the PEI,L,mouse,Monocyte/Macrophage,Adult,blood,72.00,MTS,TetrazoliumSalt,231.53,2.75,Fe,0.85
1125,Fe3O4,361.40,12.10,RAW 264.7,Yes,85.12,PEG to the PEI,L,mouse,Monocyte/Macrophage,Adult,blood,72.00,MTS,TetrazoliumSalt,231.53,2.75,Fe,0.85
1126,Fe3O4,361.40,12.10,RAW 264.7,Yes,82.95,PEG to the PEI,L,mouse,Monocyte/Macrophage,Adult,blood,72.00,Live/Dead,TrypanBlue,231.53,2.75,Fe,0.85
1127,Fe3O4,13.50,49.26,H4,Yes,98.66,0.00,L,human,Epithelial,Adult,brain,48.00,Live/Dead,"calcein am, ethidium homodimer-1",231.53,2.75,Fe,0.85
1128,Fe3O4,326.50,-23.50,SKOV-3,Yes,90.68,folic acid with intermediate organic (PEG) coating,L,human,Epithelial,Adult,ovary,24.00,MTT,TetrazoliumSalt,231.53,2.75,Fe,0.85
1129,Fe3O4,36.00,49.26,A549,Yes,78.23,0.00,L,human,Epithelial,Adult,lung,24.00,NR,toluylene red,231.53,2.75,Fe,0.85
1130,Fe3O4,361.40,12.10,SH-SY5Y,Yes,404.81,PEG to the PEI,L,human,Epithelial,Adult,bone marrow,72.00,CellTiterBlue,AlamarBlue,231.53,2.75,Fe,0.85
1131,Fe3O4,361.40,12.10,SH-SY5Y,Yes,64.41,PEG to the PEI,L,human,Epithelial,Adult,bone marrow,24.00,Live/Dead,TrypanBlue,231.53,2.75,Fe,0.85
1132,Fe3O4,145.80,17.70,SH-SY5Y,Yes,77.80,PEI,L,human,Epithelial,Adult,bone marrow,4.00,LDH,ldh activity assay kit,231.53,2.75,Fe,0.85
1133,Fe3O4,145.80,17.70,SH-SY5Y,Yes,47.29,PEI,L,human,Epithelial,Adult,bone marrow,72.00,LDH,ldh activity assay kit,231.53,2.75,Fe,0.85
1134,Fe3O4,145.80,17.70,SH-SY5Y,Yes,75.68,PEI,L,human,Epithelial,Adult,bone marrow,4.00,LDH,ldh activity assay kit,231.53,2.75,Fe,0.85
1135,Fe3O4,145.80,17.70,SH-SY5Y,Yes,66.78,PEI,L,human,Epithelial,Adult,bone marrow,24.00,LDH,ldh activity assay kit,231.53,2.75,Fe,0.85
1136,Fe3O4,145.80,17.70,SH-SY5Y,Yes,65.93,PEI,L,human,Epithelial,Adult,bone marrow,24.00,LDH,ldh activity assay kit,231.53,2.75,Fe,0.85
1137,Fe3O4,145.80,17.70,SH-SY5Y,Yes,65.93,PEI,L,human,Epithelial,Adult,bone marrow,24.00,LDH,ldh activity assay kit,231.53,2.75,Fe,0.85
1138,Fe3O4,274.10,-27.70,Monocytes,No,82.58,folic acid with intermediate inorganic (silica) coating,P,human,Monocyte,Adult,blood,24.00,LDH,ldh activity assay kit,231.53,2.75,Fe,0.85
1139,Fe3O4,145.80,17.70,SH-SY5Y,Yes,64.24,PEI,L,human,Epithelial,Adult,bone marrow,24.00,LDH,ldh activity assay kit,231.53,2.75,Fe,0.85
1140,Fe3O4,145.80,17.70,SH-SY5Y,Yes,57.46,PEI,L,human,Epithelial,Adult,bone marrow,24.00,LDH,ldh activity assay kit,231.53,2.75,Fe,0.85
1141,Fe3O4,145.80,17.70,SH-SY5Y,Yes,48.56,PEI,L,human,Epithelial,Adult,bone marrow,72.00,LDH,ldh activity assay kit,231.53,2.75,Fe,0.85
1142,Fe3O4,145.80,17.70,SH-SY5Y,Yes,49.75,PEI,L,human,Epithelial,Adult,bone marrow,72.00,LDH,ldh activity assay kit,231.53,2.75,Fe,0.85
1143,Fe3O4,145.80,17.70,SH-SY5Y,Yes,49.83,PEI,L,human,Epithelial,Adult,bone marrow,72.00,LDH,ldh activity assay kit,231.53,2.75,Fe,0.85
1144,Fe3O4,361.40,12.10,SH-SY5Y,Yes,240.89,PEG to the PEI,L,human,Epithelial,Adult,bone marrow,72.00,CellTiterBlue,AlamarBlue,231.53,2.75,Fe,0.85
1145,Fe3O4,361.40,12.10,SH-SY5Y,Yes,248.30,PEG to the PEI,L,human,Epithelial,Adult,bone marrow,72.00,CellTiterBlue,AlamarBlue,231.53,2.75,Fe,0.85
1146,Fe3O4,361.40,12.10,SH-SY5Y,Yes,323.38,PEG to the PEI,L,human,Epithelial,Adult,bone marrow,72.00,CellTiterBlue,AlamarBlue,231.53,2.75,Fe,0.85
1147,Fe3O4,361.40,12.10,SH-SY5Y,Yes,3.95,PEG to the PEI,L,human,Epithelial,Adult,bone marrow,120.00,Live/Dead,TrypanBlue,231.53,2.75,Fe,0.85
1148,Fe3O4,145.80,17.70,SH-SY5Y,Yes,53.64,PEI,L,human,Epithelial,Adult,bone marrow,72.00,LDH,ldh activity assay kit,231.53,2.75,Fe,0.85
1149,Fe3O4,145.80,17.70,SH-SY5Y,Yes,75.25,PEI,L,human,Epithelial,Adult,bone marrow,4.00,LDH,ldh activity assay kit,231.53,2.75,Fe,0.85
1150,Fe3O4,145.80,17.70,SH-SY5Y,Yes,76.95,PEI,L,human,Epithelial,Adult,bone marrow,4.00,LDH,ldh activity assay kit,231.53,2.75,Fe,0.85
1151,Fe3O4,274.10,-27.70,Monocytes,No,77.62,folic acid with intermediate inorganic (silica) coating,P,human,Monocyte,Adult,blood,24.00,LDH,ldh activity assay kit,231.53,2.75,Fe,0.85
1152,Fe3O4,274.10,-27.70,Monocytes,No,91.81,folic acid with intermediate inorganic (silica) coating,P,human,Monocyte,Adult,blood,24.00,LDH,ldh activity assay kit,231.53,2.75,Fe,0.85
1153,Fe3O4,274.10,-27.70,SKOV-3,Yes,93.43,folic acid with intermediate inorganic (silica) coating,L,human,Epithelial,Adult,ovary,48.00,MTT,TetrazoliumSalt,231.53,2.75,Fe,0.85
1154,Fe3O4,274.10,-27.70,SKOV-3,Yes,89.39,folic acid with intermediate inorganic (silica) coating,L,human,Epithelial,Adult,ovary,48.00,MTT,TetrazoliumSalt,231.53,2.75,Fe,0.85
1155,Fe3O4,274.10,-27.70,SKOV-3,Yes,85.35,folic acid with intermediate inorganic (silica) coating,L,human,Epithelial,Adult,ovary,48.00,MTT,TetrazoliumSalt,231.53,2.75,Fe,0.85
1156,Fe3O4,274.10,-27.70,SKOV-3,Yes,83.33,folic acid with intermediate inorganic (silica) coating,L,human,Epithelial,Adult,ovary,48.00,MTT,TetrazoliumSalt,231.53,2.75,Fe,0.85
1157,Fe3O4,274.10,-27.70,Monocytes,No,97.09,folic acid with intermediate inorganic (silica) coating,P,human,Monocyte,Adult,blood,24.00,LDH,ldh activity assay kit,231.53,2.75,Fe,0.85
1158,Fe3O4,326.50,-23.50,Monocytes,No,83.12,folic acid with intermediate organic (PEG) coating,P,human,Monocyte,Adult,blood,24.00,LDH,ldh activity assay kit,231.53,2.75,Fe,0.85
1159,Fe3O4,326.50,-23.50,Monocytes,No,97.07,folic acid with intermediate organic (PEG) coating,P,human,Monocyte,Adult,blood,24.00,LDH,ldh activity assay kit,231.53,2.75,Fe,0.85
1160,Fe3O4,326.50,-23.50,SKOV-3,Yes,86.01,folic acid with intermediate organic (PEG) coating,L,human,Epithelial,Adult,ovary,48.00,MTT,TetrazoliumSalt,231.53,2.75,Fe,0.85
1161,Fe3O4,326.50,-23.50,SKOV-3,Yes,88.09,folic acid with intermediate organic (PEG) coating,L,human,Epithelial,Adult,ovary,48.00,MTT,TetrazoliumSalt,231.53,2.75,Fe,0.85
1162,Fe3O4,326.50,-23.50,SKOV-3,Yes,92.73,folic acid with intermediate organic (PEG) coating,L,human,Epithelial,Adult,ovary,48.00,MTT,TetrazoliumSalt,231.53,2.75,Fe,0.85
1163,Fe3O4,326.50,-23.50,SKOV-3,Yes,98.83,folic acid with intermediate organic (PEG) coating,L,human,Epithelial,Adult,ovary,48.00,MTT,TetrazoliumSalt,231.53,2.75,Fe,0.85
1164,Fe3O4,326.50,-23.50,SKOV-3,Yes,97.88,folic acid with intermediate organic (PEG) coating,L,human,Epithelial,Adult,ovary,48.00,MTT,TetrazoliumSalt,231.53,2.75,Fe,0.85
1165,Fe3O4,326.50,-23.50,Monocytes,No,83.56,folic acid with intermediate organic (PEG) coating,P,human,Monocyte,Adult,blood,24.00,LDH,ldh activity assay kit,231.53,2.75,Fe,0.85
1166,Fe3O4,326.50,-23.50,SKOV-3,Yes,85.53,folic acid with intermediate organic (PEG) coating,L,human,Epithelial,Adult,ovary,24.00,MTT,TetrazoliumSalt,231.53,2.75,Fe,0.85
1167,Fe3O4,274.10,-27.70,SKOV-3,Yes,83.84,folic acid with intermediate inorganic (silica) coating,L,human,Epithelial,Adult,ovary,24.00,MTT,TetrazoliumSalt,231.53,2.75,Fe,0.85
1168,Fe3O4,361.40,12.10,SH-SY5Y,Yes,103.44,PEG to the PEI,L,human,Epithelial,Adult,bone marrow,72.00,CellTiterBlue,AlamarBlue,231.53,2.75,Fe,0.85
1169,Fe3O4,274.10,-27.70,SKOV-3,Yes,87.37,folic acid with intermediate inorganic (silica) coating,L,human,Epithelial,Adult,ovary,48.00,MTT,TetrazoliumSalt,231.53,2.75,Fe,0.85
1170,Fe3O4,36.00,49.26,A549,Yes,65.53,0.00,L,human,Epithelial,Adult,lung,24.00,NR,toluylene red,231.53,2.75,Fe,0.85
1171,Fe3O4,36.00,49.26,A549,Yes,86.01,0.00,L,human,Epithelial,Adult,lung,24.00,NR,toluylene red,231.53,2.75,Fe,0.85
1172,Fe3O4,13.50,49.26,H4,Yes,99.99,0.00,L,human,Epithelial,Adult,brain,48.00,Live/Dead,"calcein am, ethidium homodimer-1",231.53,2.75,Fe,0.85
1173,Fe3O4,36.00,49.26,A549,Yes,72.74,0.00,L,human,Epithelial,Adult,lung,24.00,MTT,TetrazoliumSalt,231.53,2.75,Fe,0.85
1174,Fe3O4,36.00,49.26,A549,Yes,84.31,0.00,L,human,Epithelial,Adult,lung,24.00,MTT,TetrazoliumSalt,231.53,2.75,Fe,0.85
1175,Fe3O4,274.10,-27.70,Monocytes,No,91.88,folic acid with intermediate inorganic (silica) coating,P,human,Monocyte,Adult,blood,24.00,LDH,ldh activity assay kit,231.53,2.75,Fe,0.85
1176,Fe3O4,145.80,17.70,SH-SY5Y,Yes,88.39,PEI,L,human,Epithelial,Adult,bone marrow,1.00,LDH,ldh activity assay kit,231.53,2.75,Fe,0.85
1177,Fe3O4,13.50,49.26,SH-SY5Y,Yes,78.14,0.00,L,human,Epithelial,Adult,bone marrow,48.00,MTS,TetrazoliumSalt,231.53,2.75,Fe,0.85
1178,Fe3O4,361.40,12.10,SH-SY5Y,Yes,33.90,PEG to the PEI,L,human,Epithelial,Adult,bone marrow,120.00,Live/Dead,TrypanBlue,231.53,2.75,Fe,0.85
1179,Fe3O4,13.50,49.26,SH-SY5Y,Yes,69.09,0.00,L,human,Epithelial,Adult,bone marrow,48.00,MTS,TetrazoliumSalt,231.53,2.75,Fe,0.85
1180,Fe3O4,145.80,17.70,RAW 264.7,Yes,75.62,PEI,L,mouse,Monocyte/Macrophage,Adult,blood,72.00,Live/Dead,TrypanBlue,231.53,2.75,Fe,0.85
1181,Fe3O4,145.80,17.70,RAW 264.7,Yes,76.22,PEI,L,mouse,Monocyte/Macrophage,Adult,blood,72.00,Live/Dead,TrypanBlue,231.53,2.75,Fe,0.85
1182,Fe3O4,145.80,17.70,RAW 264.7,Yes,84.86,PEI,L,mouse,Monocyte/Macrophage,Adult,blood,72.00,Live/Dead,TrypanBlue,231.53,2.75,Fe,0.85
1183,Fe3O4,145.80,17.70,RAW 264.7,Yes,96.38,PEI,L,mouse,Monocyte/Macrophage,Adult,blood,72.00,Live/Dead,TrypanBlue,231.53,2.75,Fe,0.85
1184,Fe3O4,145.80,17.70,RAW 264.7,Yes,82.64,PEI,L,mouse,Monocyte/Macrophage,Adult,blood,24.00,Live/Dead,TrypanBlue,231.53,2.75,Fe,0.85
1185,Fe3O4,145.80,17.70,RAW 264.7,Yes,90.13,PEI,L,mouse,Monocyte/Macrophage,Adult,blood,24.00,Live/Dead,TrypanBlue,231.53,2.75,Fe,0.85
1186,Fe3O4,145.80,17.70,RAW 264.7,Yes,146.77,PEI,L,mouse,Monocyte/Macrophage,Adult,blood,72.00,MTS,TetrazoliumSalt,231.53,2.75,Fe,0.85
1187,Fe3O4,145.80,17.70,RAW 264.7,Yes,81.54,PEI,L,mouse,Monocyte/Macrophage,Adult,blood,24.00,Live/Dead,TrypanBlue,231.53,2.75,Fe,0.85
1188,Fe3O4,145.80,17.70,RAW 264.7,Yes,98.25,PEI,L,mouse,Monocyte/Macrophage,Adult,blood,24.00,Live/Dead,TrypanBlue,231.53,2.75,Fe,0.85
1189,Fe3O4,145.80,17.70,SH-SY5Y,Yes,14.24,PEI,L,human,Epithelial,Adult,bone marrow,168.00,Live/Dead,TrypanBlue,231.53,2.75,Fe,0.85
1190,Fe3O4,145.80,17.70,RAW 264.7,Yes,67.56,PEI,L,mouse,Monocyte/Macrophage,Adult,blood,72.00,Live/Dead,TrypanBlue,231.53,2.75,Fe,0.85
1191,Fe3O4,145.80,17.70,SH-SY5Y,Yes,22.66,PEI,L,human,Epithelial,Adult,bone marrow,72.00,Live/Dead,TrypanBlue,231.53,2.75,Fe,0.85
1192,Fe3O4,145.80,17.70,SH-SY5Y,Yes,48.91,PEI,L,human,Epithelial,Adult,bone marrow,72.00,CellTiterGlo,luciferase,231.53,2.75,Fe,0.85
1193,Fe3O4,145.80,17.70,SH-SY5Y,Yes,68.12,PEI,L,human,Epithelial,Adult,bone marrow,72.00,CellTiterGlo,luciferase,231.53,2.75,Fe,0.85
1194,Fe3O4,145.80,17.70,SH-SY5Y,Yes,119.65,PEI,L,human,Epithelial,Adult,bone marrow,72.00,CellTiterGlo,luciferase,231.53,2.75,Fe,0.85
1195,Fe3O4,145.80,17.70,SH-SY5Y,Yes,138.86,PEI,L,human,Epithelial,Adult,bone marrow,72.00,CellTiterGlo,luciferase,231.53,2.75,Fe,0.85
1196,Fe3O4,145.80,17.70,SH-SY5Y,Yes,144.10,PEI,L,human,Epithelial,Adult,bone marrow,72.00,CellTiterBlue,AlamarBlue,231.53,2.75,Fe,0.85
1197,Fe3O4,145.80,17.70,SH-SY5Y,Yes,179.04,PEI,L,human,Epithelial,Adult,bone marrow,72.00,CellTiterBlue,AlamarBlue,231.53,2.75,Fe,0.85
1198,Fe3O4,145.80,17.70,SH-SY5Y,Yes,169.43,PEI,L,human,Epithelial,Adult,bone marrow,72.00,CellTiterBlue,AlamarBlue,231.53,2.75,Fe,0.85
1199,Fe3O4,145.80,17.70,SH-SY5Y,Yes,157.21,PEI,L,human,Epithelial,Adult,bone marrow,72.00,CellTiterBlue,AlamarBlue,231.53,2.75,Fe,0.85
1200,Fe3O4,145.80,17.70,RAW 264.7,Yes,92.79,PEI,L,mouse,Monocyte/Macrophage,Adult,blood,120.00,Live/Dead,TrypanBlue,231.53,2.75,Fe,0.85
1201,Fe3O4,145.80,17.70,RAW 264.7,Yes,82.42,PEI,L,mouse,Monocyte/Macrophage,Adult,blood,120.00,Live/Dead,TrypanBlue,231.53,2.75,Fe,0.85
1202,Fe3O4,145.80,17.70,RAW 264.7,Yes,77.23,PEI,L,mouse,Monocyte/Macrophage,Adult,blood,120.00,Live/Dead,TrypanBlue,231.53,2.75,Fe,0.85
1203,Fe3O4,13.50,49.26,SH-SY5Y,Yes,61.13,0.00,L,human,Epithelial,Adult,bone marrow,48.00,MTS,TetrazoliumSalt,231.53,2.75,Fe,0.85
1204,Fe3O4,14.00,49.26,A549,Yes,81.48,0.00,L,human,Epithelial,Adult,lung,96.00,Live/Dead,"calcein am, ethidium homodimer-1",231.53,2.75,Fe,0.85
1205,Fe3O4,145.80,17.70,SH-SY5Y,Yes,38.93,PEI,L,human,Epithelial,Adult,bone marrow,168.00,Live/Dead,TrypanBlue,231.53,2.75,Fe,0.85
1206,Fe3O4,145.80,17.70,SH-SY5Y,Yes,10.67,PEI,L,human,Epithelial,Adult,bone marrow,120.00,Live/Dead,TrypanBlue,231.53,2.75,Fe,0.85
1207,Fe3O4,145.80,17.70,SH-SY5Y,Yes,20.33,PEI,L,human,Epithelial,Adult,bone marrow,120.00,Live/Dead,TrypanBlue,231.53,2.75,Fe,0.85
1208,Fe3O4,145.80,17.70,SH-SY5Y,Yes,24.10,PEI,L,human,Epithelial,Adult,bone marrow,120.00,Live/Dead,TrypanBlue,231.53,2.75,Fe,0.85
1209,Fe3O4,13.50,49.26,SH-SY5Y,Yes,98.01,0.00,L,human,Epithelial,Adult,bone marrow,48.00,Live/Dead,"calcein am, ethidium homodimer-1",231.53,2.75,Fe,0.85
1210,Fe3O4,145.80,17.70,RAW 264.7,Yes,98.80,PEI,L,mouse,Monocyte/Macrophage,Adult,blood,24.00,Live/Dead,TrypanBlue,231.53,2.75,Fe,0.85
1211,Fe3O4,145.80,17.70,SH-SY5Y,Yes,14.85,PEI,L,human,Epithelial,Adult,bone marrow,72.00,Live/Dead,TrypanBlue,231.53,2.75,Fe,0.85
1212,Fe3O4,145.80,17.70,SH-SY5Y,Yes,23.58,PEI,L,human,Epithelial,Adult,bone marrow,72.00,Live/Dead,TrypanBlue,231.53,2.75,Fe,0.85
1213,Fe3O4,145.80,17.70,SH-SY5Y,Yes,32.31,PEI,L,human,Epithelial,Adult,bone marrow,72.00,Live/Dead,TrypanBlue,231.53,2.75,Fe,0.85
1214,Fe3O4,145.80,17.70,SH-SY5Y,Yes,27.67,PEI,L,human,Epithelial,Adult,bone marrow,168.00,Live/Dead,TrypanBlue,231.53,2.75,Fe,0.85
1215,Fe3O4,145.80,17.70,SH-SY5Y,Yes,19.62,PEI,L,human,Epithelial,Adult,bone marrow,168.00,Live/Dead,TrypanBlue,231.53,2.75,Fe,0.85
1216,Fe3O4,145.80,17.70,SH-SY5Y,Yes,0.84,PEI,L,human,Epithelial,Adult,bone marrow,168.00,Live/Dead,TrypanBlue,231.53,2.75,Fe,0.85
1217,Fe3O4,145.80,17.70,SH-SY5Y,Yes,13.54,PEI,L,human,Epithelial,Adult,bone marrow,72.00,Live/Dead,TrypanBlue,231.53,2.75,Fe,0.85
1218,Fe3O4,145.80,17.70,SH-SY5Y,Yes,42.34,PEI,L,human,Epithelial,Adult,bone marrow,120.00,Live/Dead,TrypanBlue,231.53,2.75,Fe,0.85
1219,Fe3O4,145.80,17.70,SH-SY5Y,Yes,119.65,PEI,L,human,Epithelial,Adult,bone marrow,72.00,MTS,TetrazoliumSalt,231.53,2.75,Fe,0.85
1220,Fe3O4,145.80,17.70,SH-SY5Y,Yes,124.89,PEI,L,human,Epithelial,Adult,bone marrow,72.00,MTS,TetrazoliumSalt,231.53,2.75,Fe,0.85
1221,Fe3O4,145.80,17.70,SH-SY5Y,Yes,117.90,PEI,L,human,Epithelial,Adult,bone marrow,72.00,MTS,TetrazoliumSalt,231.53,2.75,Fe,0.85
1222,Fe3O4,14.00,49.26,A549,Yes,63.07,0.00,L,human,Epithelial,Adult,lung,48.00,Live/Dead,"calcein am, ethidium homodimer-1",231.53,2.75,Fe,0.85
1223,Fe3O4,14.00,49.26,T98G,Yes,76.35,0.00,L,human,Fibroblast,Adult,brain,48.00,Live/Dead,"calcein am, ethidium homodimer-1",231.53,2.75,Fe,0.85
1224,Fe3O4,14.00,49.26,MCF-7,Yes,73.03,0.00,L,human,Epithelial,Adult,breast,48.00,Live/Dead,"calcein am, ethidium homodimer-1",231.53,2.75,Fe,0.85
1225,Fe3O4,145.80,17.70,RAW 264.7,Yes,125.00,PEI,L,mouse,Monocyte/Macrophage,Adult,blood,72.00,MTS,TetrazoliumSalt,231.53,2.75,Fe,0.85
1226,Fe3O4,145.80,17.70,RAW 264.7,Yes,129.84,PEI,L,mouse,Monocyte/Macrophage,Adult,blood,72.00,MTS,TetrazoliumSalt,231.53,2.75,Fe,0.85
1227,Fe3O4,145.80,17.70,SH-SY5Y,Yes,89.08,PEI,L,human,Epithelial,Adult,bone marrow,72.00,MTS,TetrazoliumSalt,231.53,2.75,Fe,0.85
1228,Fe3O4,145.80,17.70,SH-SY5Y,Yes,26.20,PEI,L,human,Epithelial,Adult,bone marrow,72.00,CellTiterGlo,luciferase,231.53,2.75,Fe,0.85
1229,Fe3O4,145.80,17.70,SH-SY5Y,Yes,62.01,PEI,L,human,Epithelial,Adult,bone marrow,72.00,Live/Dead,TrypanBlue,231.53,2.75,Fe,0.85
1230,Fe3O4,14.00,49.26,MCF-7,Yes,97.02,0.00,L,human,Epithelial,Adult,breast,96.00,Live/Dead,"calcein am, ethidium homodimer-1",231.53,2.75,Fe,0.85
1231,Fe3O4,145.80,17.70,RAW 264.7,Yes,62.26,PEI,L,mouse,Monocyte/Macrophage,Adult,blood,120.00,Live/Dead,TrypanBlue,231.53,2.75,Fe,0.85
1232,Fe3O4,145.80,17.70,SH-SY5Y,Yes,41.92,PEI,L,human,Epithelial,Adult,bone marrow,72.00,Live/Dead,TrypanBlue,231.53,2.75,Fe,0.85
1233,Fe3O4,145.80,17.70,SH-SY5Y,Yes,31.25,PEI,L,human,Epithelial,Adult,bone marrow,72.00,Live/Dead,TrypanBlue,231.53,2.75,Fe,0.85
1234,Fe3O4,145.80,17.70,SH-SY5Y,Yes,136.24,PEI,L,human,Epithelial,Adult,bone marrow,72.00,MTS,TetrazoliumSalt,231.53,2.75,Fe,0.85
1235,Fe3O4,361.40,12.10,SH-SY5Y,Yes,85.34,PEG to the PEI,L,human,Epithelial,Adult,bone marrow,24.00,LDH,ldh activity assay kit,231.53,2.75,Fe,0.85
1236,Fe3O4,361.40,12.10,SH-SY5Y,Yes,97.55,PEG to the PEI,L,human,Epithelial,Adult,bone marrow,24.00,LDH,ldh activity assay kit,231.53,2.75,Fe,0.85
1237,Fe3O4,13.50,49.26,SH-SY5Y,Yes,99.58,0.00,L,human,Epithelial,Adult,bone marrow,48.00,Live/Dead,"calcein am, ethidium homodimer-1",231.53,2.75,Fe,0.85
1238,Fe3O4,13.50,49.26,SH-SY5Y,Yes,98.49,0.00,L,human,Epithelial,Adult,bone marrow,48.00,Live/Dead,"calcein am, ethidium homodimer-1",231.53,2.75,Fe,0.85
1239,Fe3O4,196.40,49.26,A549,Yes,98.21,0.00,L,human,Epithelial,Adult,lung,24.00,Live/Dead,"propidium iodide, annexin v",231.53,2.75,Fe,0.85
1240,Fe3O4,196.40,49.26,A549,Yes,93.74,0.00,L,human,Epithelial,Adult,lung,24.00,AlamarBlue,AlamarBlue,231.53,2.75,Fe,0.85
1241,Fe3O4,196.40,49.26,A549,Yes,88.30,0.00,L,human,Epithelial,Adult,lung,72.00,AlamarBlue,AlamarBlue,231.53,2.75,Fe,0.85
1242,Fe3O4,196.40,49.26,A549,Yes,97.32,0.00,L,human,Epithelial,Adult,lung,24.00,LDH,ldh activity assay kit,231.53,2.75,Fe,0.85
1243,Fe3O4,196.40,49.26,A549,Yes,99.50,0.00,L,human,Epithelial,Adult,lung,24.00,Live/Dead,"propidium iodide, annexin v",231.53,2.75,Fe,0.85
1244,Fe3O4,196.40,49.26,A549,Yes,99.48,0.00,L,human,Epithelial,Adult,lung,24.00,Live/Dead,"propidium iodide, annexin v",231.53,2.75,Fe,0.85
1245,Fe3O4,196.40,49.26,A549,Yes,95.29,0.00,L,human,Epithelial,Adult,lung,72.00,AlamarBlue,AlamarBlue,231.53,2.75,Fe,0.85
1246,Fe3O4,957.00,49.26,HCMEC,No,87.79,0.00,P,human,Endothelial,Adult,heart,12.00,LDH,ldh activity assay kit,231.53,2.75,Fe,0.85
1247,Fe3O4,957.00,49.26,HCMEC,No,85.98,0.00,P,human,Endothelial,Adult,heart,12.00,LDH,ldh activity assay kit,231.53,2.75,Fe,0.85
1248,Fe3O4,957.00,49.26,HCMEC,No,97.75,0.00,P,human,Endothelial,Adult,heart,12.00,MTT,TetrazoliumSalt,231.53,2.75,Fe,0.85
1249,Fe3O4,957.00,49.26,HCMEC,No,97.75,0.00,P,human,Endothelial,Adult,heart,12.00,MTT,TetrazoliumSalt,231.53,2.75,Fe,0.85
1250,Fe3O4,957.00,49.26,HCMEC,No,95.51,0.00,P,human,Endothelial,Adult,heart,12.00,MTT,TetrazoliumSalt,231.53,2.75,Fe,0.85
1251,Fe3O4,957.00,49.26,HCMEC,No,96.63,0.00,P,human,Endothelial,Adult,heart,24.00,MTT,TetrazoliumSalt,231.53,2.75,Fe,0.85
1252,Fe3O4,957.00,49.26,HCMEC,No,97.75,0.00,P,human,Endothelial,Adult,heart,24.00,MTT,TetrazoliumSalt,231.53,2.75,Fe,0.85
1253,Fe3O4,196.40,49.26,A549,Yes,91.27,0.00,L,human,Epithelial,Adult,lung,72.00,AlamarBlue,AlamarBlue,231.53,2.75,Fe,0.85
1254,Fe3O4,957.00,49.26,HCMEC,No,97.75,0.00,P,human,Endothelial,Adult,heart,24.00,MTT,TetrazoliumSalt,231.53,2.75,Fe,0.85
1255,Fe3O4,196.40,49.26,A549,Yes,95.04,0.00,L,human,Epithelial,Adult,lung,24.00,AlamarBlue,AlamarBlue,231.53,2.75,Fe,0.85
1256,Fe3O4,957.00,49.26,HCMEC,No,100.00,0.00,P,human,Endothelial,Adult,heart,12.00,MTT,TetrazoliumSalt,231.53,2.75,Fe,0.85
1257,Fe3O4,361.40,12.10,SH-SY5Y,Yes,96.15,PEG to the PEI,L,human,Epithelial,Adult,bone marrow,24.00,LDH,ldh activity assay kit,231.53,2.75,Fe,0.85
1258,Fe3O4,13.50,49.26,SH-SY5Y,Yes,82.37,0.00,L,human,Epithelial,Adult,bone marrow,48.00,MTS,TetrazoliumSalt,231.53,2.75,Fe,0.85
1259,Fe3O4,13.50,49.26,SH-SY5Y,Yes,84.27,0.00,L,human,Epithelial,Adult,bone marrow,48.00,MTS,TetrazoliumSalt,231.53,2.75,Fe,0.85
1260,Fe3O4,13.50,49.26,H4,Yes,86.86,0.00,L,human,Epithelial,Adult,brain,48.00,MTS,TetrazoliumSalt,231.53,2.75,Fe,0.85
1261,Fe3O4,13.50,49.26,SH-SY5Y,Yes,97.65,0.00,L,human,Epithelial,Adult,bone marrow,48.00,Live/Dead,"calcein am, ethidium homodimer-1",231.53,2.75,Fe,0.85
1262,Fe3O4,13.50,49.26,SH-SY5Y,Yes,96.62,0.00,L,human,Epithelial,Adult,bone marrow,48.00,Live/Dead,"calcein am, ethidium homodimer-1",231.53,2.75,Fe,0.85
1263,Fe3O4,361.40,12.10,RAW 264.7,Yes,55.11,PEG to the PEI,L,mouse,Monocyte/Macrophage,Adult,blood,72.00,Live/Dead,TrypanBlue,231.53,2.75,Fe,0.85
1264,Fe3O4,14.00,49.26,T98G,Yes,93.22,0.00,L,human,Fibroblast,Adult,brain,96.00,Live/Dead,"calcein am, ethidium homodimer-1",231.53,2.75,Fe,0.85
1265,Fe3O4,957.00,49.26,HCMEC,No,98.19,0.00,P,human,Endothelial,Adult,heart,24.00,LDH,ldh activity assay kit,231.53,2.75,Fe,0.85
1266,Fe3O4,957.00,49.26,HCMEC,No,96.63,0.00,P,human,Endothelial,Adult,heart,12.00,MTT,TetrazoliumSalt,231.53,2.75,Fe,0.85
1267,Fe3O4,196.40,49.26,A549,Yes,91.02,0.00,L,human,Epithelial,Adult,lung,24.00,LDH,ldh activity assay kit,231.53,2.75,Fe,0.85
1268,Fe3O4,957.00,49.26,HCMEC,No,94.38,0.00,P,human,Endothelial,Adult,heart,12.00,MTT,TetrazoliumSalt,231.53,2.75,Fe,0.85
1269,Fe3O4,361.40,12.10,RAW 264.7,Yes,93.63,PEG to the PEI,L,mouse,Monocyte/Macrophage,Adult,blood,4.00,LDH,ldh activity assay kit,231.53,2.75,Fe,0.85
1270,Fe3O4,361.40,12.10,RAW 264.7,Yes,93.20,PEG to the PEI,L,mouse,Monocyte/Macrophage,Adult,blood,4.00,LDH,ldh activity assay kit,231.53,2.75,Fe,0.85
1271,Fe3O4,361.40,12.10,RAW 264.7,Yes,94.11,PEG to the PEI,L,mouse,Monocyte/Macrophage,Adult,blood,4.00,LDH,ldh activity assay kit,231.53,2.75,Fe,0.85
1272,Fe3O4,361.40,12.10,RAW 264.7,Yes,92.79,PEG to the PEI,L,mouse,Monocyte/Macrophage,Adult,blood,4.00,LDH,ldh activity assay kit,231.53,2.75,Fe,0.85
1273,Fe3O4,361.40,12.10,RAW 264.7,Yes,96.37,PEG to the PEI,L,mouse,Monocyte/Macrophage,Adult,blood,4.00,LDH,ldh activity assay kit,231.53,2.75,Fe,0.85
1274,Fe3O4,361.40,12.10,RAW 264.7,Yes,93.30,PEG to the PEI,L,mouse,Monocyte/Macrophage,Adult,blood,24.00,LDH,ldh activity assay kit,231.53,2.75,Fe,0.85
1275,Fe3O4,361.40,12.10,SH-SY5Y,Yes,23.14,PEG to the PEI,L,human,Epithelial,Adult,bone marrow,72.00,LDH,ldh activity assay kit,231.53,2.75,Fe,0.85
1276,Fe3O4,957.00,49.26,HCMEC,No,88.76,0.00,P,human,Endothelial,Adult,heart,24.00,MTT,TetrazoliumSalt,231.53,2.75,Fe,0.85
1277,Fe3O4,361.40,12.10,SH-SY5Y,Yes,23.13,PEG to the PEI,L,human,Epithelial,Adult,bone marrow,72.00,LDH,ldh activity assay kit,231.53,2.75,Fe,0.85
1278,Fe3O4,361.40,12.10,SH-SY5Y,Yes,94.75,PEG to the PEI,L,human,Epithelial,Adult,bone marrow,24.00,LDH,ldh activity assay kit,231.53,2.75,Fe,0.85
1279,Fe3O4,957.00,49.26,HCMEC,No,89.89,0.00,P,human,Endothelial,Adult,heart,24.00,MTT,TetrazoliumSalt,231.53,2.75,Fe,0.85
1280,Fe3O4,957.00,49.26,HCMEC,No,92.13,0.00,P,human,Endothelial,Adult,heart,24.00,MTT,TetrazoliumSalt,231.53,2.75,Fe,0.85
1281,Fe3O4,957.00,49.26,HCMEC,No,89.89,0.00,P,human,Endothelial,Adult,heart,24.00,MTT,TetrazoliumSalt,231.53,2.75,Fe,0.85
1282,Fe3O4,957.00,49.26,HCMEC,No,96.63,0.00,P,human,Endothelial,Adult,heart,12.00,MTT,TetrazoliumSalt,231.53,2.75,Fe,0.85
1283,Fe3O4,957.00,49.26,HCMEC,No,99.20,0.00,P,human,Endothelial,Adult,heart,12.00,LDH,ldh activity assay kit,231.53,2.75,Fe,0.85
1284,Fe3O4,957.00,49.26,HCMEC,No,95.44,0.00,P,human,Endothelial,Adult,heart,12.00,LDH,ldh activity assay kit,231.53,2.75,Fe,0.85
1285,Fe3O4,957.00,49.26,HCMEC,No,95.41,0.00,P,human,Endothelial,Adult,heart,12.00,LDH,ldh activity assay kit,231.53,2.75,Fe,0.85
1286,Fe3O4,957.00,49.26,HCMEC,No,87.91,0.00,P,human,Endothelial,Adult,heart,12.00,LDH,ldh activity assay kit,231.53,2.75,Fe,0.85
1287,Fe3O4,957.00,49.26,HCMEC,No,87.87,0.00,P,human,Endothelial,Adult,heart,12.00,LDH,ldh activity assay kit,231.53,2.75,Fe,0.85
1288,Fe3O4,957.00,49.26,HCMEC,No,92.13,0.00,P,human,Endothelial,Adult,heart,24.00,MTT,TetrazoliumSalt,231.53,2.75,Fe,0.85
1289,Fe3O4,361.40,12.10,RAW 264.7,Yes,92.61,PEG to the PEI,L,mouse,Monocyte/Macrophage,Adult,blood,120.00,Live/Dead,TrypanBlue,231.53,2.75,Fe,0.85
1290,Fe3O4,361.40,12.10,RAW 264.7,Yes,91.69,PEG to the PEI,L,mouse,Monocyte/Macrophage,Adult,blood,72.00,LDH,ldh activity assay kit,231.53,2.75,Fe,0.85
1291,Fe3O4,361.40,12.10,RAW 264.7,Yes,93.13,PEG to the PEI,L,mouse,Monocyte/Macrophage,Adult,blood,1.00,LDH,ldh activity assay kit,231.53,2.75,Fe,0.85
1292,Fe3O4,361.40,12.10,RAW 264.7,Yes,93.12,PEG to the PEI,L,mouse,Monocyte/Macrophage,Adult,blood,1.00,LDH,ldh activity assay kit,231.53,2.75,Fe,0.85
1293,Fe3O4,957.00,49.26,HCMEC,No,95.49,0.00,P,human,Endothelial,Adult,heart,12.00,LDH,ldh activity assay kit,231.53,2.75,Fe,0.85
1294,Fe3O4,361.40,12.10,RAW 264.7,Yes,94.86,PEG to the PEI,L,mouse,Monocyte/Macrophage,Adult,blood,1.00,LDH,ldh activity assay kit,231.53,2.75,Fe,0.85
1295,Fe3O4,957.00,49.26,HCMEC,No,94.38,0.00,P,human,Endothelial,Adult,heart,12.00,MTT,TetrazoliumSalt,231.53,2.75,Fe,0.85
1296,Fe3O4,361.40,12.10,RAW 264.7,Yes,94.00,PEG to the PEI,L,mouse,Monocyte/Macrophage,Adult,blood,1.00,LDH,ldh activity assay kit,231.53,2.75,Fe,0.85
1297,Fe3O4,957.00,49.26,HCMEC,No,94.39,0.00,P,human,Endothelial,Adult,heart,24.00,LDH,ldh activity assay kit,231.53,2.75,Fe,0.85
1298,Fe3O4,957.00,49.26,HCMEC,No,98.88,0.00,P,human,Endothelial,Adult,heart,12.00,MTT,TetrazoliumSalt,231.53,2.75,Fe,0.85
1299,Fe3O4,957.00,49.26,HCMEC,No,86.89,0.00,P,human,Endothelial,Adult,heart,24.00,LDH,ldh activity assay kit,231.53,2.75,Fe,0.85
1300,Fe3O4,957.00,49.26,HCMEC,No,86.86,0.00,P,human,Endothelial,Adult,heart,24.00,LDH,ldh activity assay kit,231.53,2.75,Fe,0.85
1301,Fe3O4,957.00,49.26,HCMEC,No,86.83,0.00,P,human,Endothelial,Adult,heart,24.00,LDH,ldh activity assay kit,231.53,2.75,Fe,0.85
1302,Fe3O4,957.00,49.26,HCMEC,No,83.07,0.00,P,human,Endothelial,Adult,heart,24.00,LDH,ldh activity assay kit,231.53,2.75,Fe,0.85
1303,Fe3O4,957.00,49.26,HCMEC,No,84.91,0.00,P,human,Endothelial,Adult,heart,24.00,LDH,ldh activity assay kit,231.53,2.75,Fe,0.85
1304,Fe3O4,957.00,49.26,HCMEC,No,98.16,0.00,P,human,Endothelial,Adult,heart,24.00,LDH,ldh activity assay kit,231.53,2.75,Fe,0.85
1305,Fe3O4,196.40,49.26,A549,Yes,96.35,0.00,L,human,Epithelial,Adult,lung,24.00,AlamarBlue,AlamarBlue,231.53,2.75,Fe,0.85
1306,Fe3O4,361.40,12.10,RAW 264.7,Yes,93.98,PEG to the PEI,L,mouse,Monocyte/Macrophage,Adult,blood,1.00,LDH,ldh activity assay kit,231.53,2.75,Fe,0.85
1307,Fe3O4,957.00,49.26,HCMEC,No,93.26,0.00,P,human,Endothelial,Adult,heart,24.00,MTT,TetrazoliumSalt,231.53,2.75,Fe,0.85
1308,Fe3O4,957.00,49.26,HCMEC,No,91.56,0.00,P,human,Endothelial,Adult,heart,12.00,LDH,ldh activity assay kit,231.53,2.75,Fe,0.85
1309,Fe3O4,361.40,12.10,SH-SY5Y,Yes,28.82,PEG to the PEI,L,human,Epithelial,Adult,bone marrow,72.00,LDH,ldh activity assay kit,231.53,2.75,Fe,0.85
1310,Fe3O4,361.40,12.10,SH-SY5Y,Yes,38.27,PEG to the PEI,L,human,Epithelial,Adult,bone marrow,72.00,LDH,ldh activity assay kit,231.53,2.75,Fe,0.85
1311,Fe3O4,361.40,12.10,SH-SY5Y,Yes,34.51,PEG to the PEI,L,human,Epithelial,Adult,bone marrow,72.00,LDH,ldh activity assay kit,231.53,2.75,Fe,0.85
1312,Fe3O4,361.40,12.10,SH-SY5Y,Yes,96.12,PEG to the PEI,L,human,Epithelial,Adult,bone marrow,24.00,LDH,ldh activity assay kit,231.53,2.75,Fe,0.85
1313,Fe3O4,957.00,49.26,HCMEC,No,83.01,0.00,P,human,Endothelial,Adult,heart,24.00,LDH,ldh activity assay kit,231.53,2.75,Fe,0.85
1314,Fe3O4,361.40,12.10,RAW 264.7,Yes,92.87,PEG to the PEI,L,mouse,Monocyte/Macrophage,Adult,blood,24.00,LDH,ldh activity assay kit,231.53,2.75,Fe,0.85
1315,MgO,639.00,-7.01,HCMEC,No,98.88,0.00,P,human,Endothelial,Adult,heart,12.00,MTT,TetrazoliumSalt,40.30,2.38,Mg,0.86
1316,MgO,639.00,-7.01,HCMEC,No,98.88,0.00,P,human,Endothelial,Adult,heart,12.00,MTT,TetrazoliumSalt,40.30,2.38,Mg,0.86
1317,MgO,639.00,-7.01,HCMEC,No,96.63,0.00,P,human,Endothelial,Adult,heart,12.00,MTT,TetrazoliumSalt,40.30,2.38,Mg,0.86
1318,MgO,639.00,-7.01,HCMEC,No,93.26,0.00,P,human,Endothelial,Adult,heart,12.00,MTT,TetrazoliumSalt,40.30,2.38,Mg,0.86
1319,MgO,639.00,-7.01,HCMEC,No,93.26,0.00,P,human,Endothelial,Adult,heart,12.00,MTT,TetrazoliumSalt,40.30,2.38,Mg,0.86
1320,MgO,639.00,-7.01,HCMEC,No,93.26,0.00,P,human,Endothelial,Adult,heart,12.00,MTT,TetrazoliumSalt,40.30,2.38,Mg,0.86
1321,MgO,639.00,-7.01,HCMEC,No,32.57,0.00,P,human,Endothelial,Adult,heart,24.00,LDH,ldh activity assay kit,40.30,2.38,Mg,0.86
1322,MgO,639.00,-7.01,HCMEC,No,4.36,0.00,P,human,Endothelial,Adult,heart,24.00,LDH,ldh activity assay kit,40.30,2.38,Mg,0.86
1323,MgO,639.00,-7.01,HCMEC,No,21.26,0.00,P,human,Endothelial,Adult,heart,24.00,LDH,ldh activity assay kit,40.30,2.38,Mg,0.86
1324,MgO,639.00,-7.01,HCMEC,No,32.60,0.00,P,human,Endothelial,Adult,heart,24.00,LDH,ldh activity assay kit,40.30,2.38,Mg,0.86
1325,MgO,12.00,-7.01,3T3-L1,No,38.93,0.00,L,mouse,Fibroblast,Embryonic,embryo,24.00,MTT,TetrazoliumSalt,40.30,2.38,Mg,0.86
1326,MgO,8.00,-7.01,RAW 264.7,Yes,24.52,0.00,L,mouse,Monocyte/Macrophage,Adult,blood,24.00,LDH,ldh activity assay kit,40.30,2.38,Mg,0.86
1327,MgO,12.00,-7.01,3T3-L1,No,32.17,0.00,L,mouse,Fibroblast,Embryonic,embryo,24.00,MTT,TetrazoliumSalt,40.30,2.38,Mg,0.86
1328,MgO,39.20,-7.01,HCMEC,No,97.03,0.00,P,human,Epithelial,Adult,heart,12.00,MTT,TetrazoliumSalt,40.30,2.38,Mg,0.86
1329,MgO,639.00,-7.01,HCMEC,No,87.64,0.00,P,human,Endothelial,Adult,heart,12.00,MTT,TetrazoliumSalt,40.30,2.38,Mg,0.86
1330,MgO,8.00,-7.01,RAW 264.7,Yes,21.12,0.00,L,mouse,Monocyte/Macrophage,Adult,blood,24.00,LDH,ldh activity assay kit,40.30,2.38,Mg,0.86
1331,MgO,639.00,-7.01,HCMEC,No,97.75,0.00,P,human,Endothelial,Adult,heart,24.00,MTT,TetrazoliumSalt,40.30,2.38,Mg,0.86
1332,MgO,639.00,-7.01,HCMEC,No,98.88,0.00,P,human,Endothelial,Adult,heart,24.00,MTT,TetrazoliumSalt,40.30,2.38,Mg,0.86
1333,MgO,39.20,-7.01,HCMEC,No,100.00,0.00,P,human,Epithelial,Adult,heart,12.00,MTT,TetrazoliumSalt,40.30,2.38,Mg,0.86
1334,MgO,12.00,-7.01,3T3-L1,No,45.69,0.00,L,mouse,Fibroblast,Embryonic,embryo,24.00,MTT,TetrazoliumSalt,40.30,2.38,Mg,0.86
1335,MgO,12.00,-7.01,3T3-L1,No,53.07,0.00,L,mouse,Fibroblast,Embryonic,embryo,24.00,MTT,TetrazoliumSalt,40.30,2.38,Mg,0.86
1336,MgO,8.00,-7.01,RAW 264.7,Yes,23.74,0.00,L,mouse,Monocyte/Macrophage,Adult,blood,24.00,LDH,ldh activity assay kit,40.30,2.38,Mg,0.86
1337,MgO,639.00,-7.01,HCMEC,No,2.46,0.00,P,human,Endothelial,Adult,heart,24.00,LDH,ldh activity assay kit,40.30,2.38,Mg,0.86
1338,MgO,639.00,-7.01,HCMEC,No,87.64,0.00,P,human,Endothelial,Adult,heart,24.00,MTT,TetrazoliumSalt,40.30,2.38,Mg,0.86
1339,MgO,8.00,-7.01,RAW 264.7,Yes,24.89,0.00,L,mouse,Monocyte/Macrophage,Adult,blood,24.00,LDH,ldh activity assay kit,40.30,2.38,Mg,0.86
1340,MgO,639.00,-7.01,HCMEC,No,26.91,0.00,P,human,Endothelial,Adult,heart,24.00,LDH,ldh activity assay kit,40.30,2.38,Mg,0.86
1341,MgO,8.00,-7.01,RAW 264.7,Yes,106.94,0.00,L,mouse,Monocyte/Macrophage,Adult,blood,24.00,WST-1,TetrazoliumSalt,40.30,2.38,Mg,0.86
1342,MgO,8.00,-7.01,RAW 264.7,Yes,99.37,0.00,L,mouse,Monocyte/Macrophage,Adult,blood,24.00,WST-1,TetrazoliumSalt,40.30,2.38,Mg,0.86
1343,MgO,8.00,-7.01,RAW 264.7,Yes,106.89,0.00,L,mouse,Monocyte/Macrophage,Adult,blood,24.00,WST-1,TetrazoliumSalt,40.30,2.38,Mg,0.86
1344,MgO,8.00,-7.01,RAW 264.7,Yes,113.48,0.00,L,mouse,Monocyte/Macrophage,Adult,blood,24.00,WST-1,TetrazoliumSalt,40.30,2.38,Mg,0.86
1345,MgO,8.00,-7.01,RAW 264.7,Yes,116.28,0.00,L,mouse,Monocyte/Macrophage,Adult,blood,24.00,WST-1,TetrazoliumSalt,40.30,2.38,Mg,0.86
1346,MgO,8.00,-7.01,RAW 264.7,Yes,23.75,0.00,L,mouse,Monocyte/Macrophage,Adult,blood,24.00,LDH,ldh activity assay kit,40.30,2.38,Mg,0.86
1347,MgO,639.00,-7.01,HCMEC,No,97.75,0.00,P,human,Endothelial,Adult,heart,12.00,MTT,TetrazoliumSalt,40.30,2.38,Mg,0.86
1348,MgO,39.20,-7.01,HCMEC,No,100.00,0.00,P,human,Epithelial,Adult,heart,12.00,MTT,TetrazoliumSalt,40.30,2.38,Mg,0.86
1349,MgO,12.00,-7.01,3T3-L1,No,22.13,0.00,L,mouse,Fibroblast,Embryonic,embryo,24.00,MTT,TetrazoliumSalt,40.30,2.38,Mg,0.86
1350,MgO,639.00,-7.01,HCMEC,No,86.52,0.00,P,human,Endothelial,Adult,heart,24.00,MTT,TetrazoliumSalt,40.30,2.38,Mg,0.86
1351,MgO,39.20,-7.01,HCMEC,No,92.74,0.00,P,human,Epithelial,Adult,heart,12.00,MTT,TetrazoliumSalt,40.30,2.38,Mg,0.86
1352,MgO,39.20,-7.01,HCMEC,No,86.80,0.00,P,human,Epithelial,Adult,heart,12.00,MTT,TetrazoliumSalt,40.30,2.38,Mg,0.86
1353,MgO,39.20,-7.01,HCMEC,No,73.60,0.00,P,human,Epithelial,Adult,heart,12.00,MTT,TetrazoliumSalt,40.30,2.38,Mg,0.86
1354,MgO,39.20,-7.01,HCMEC,No,82.30,0.00,P,human,Epithelial,Adult,heart,24.00,MTT,TetrazoliumSalt,40.30,2.38,Mg,0.86
1355,MgO,39.20,-7.01,HCMEC,No,87.21,0.00,P,human,Epithelial,Adult,heart,24.00,MTT,TetrazoliumSalt,40.30,2.38,Mg,0.86
1356,MgO,39.20,-7.01,HCMEC,No,95.41,0.00,P,human,Epithelial,Adult,heart,24.00,MTT,TetrazoliumSalt,40.30,2.38,Mg,0.86
1357,MgO,39.20,-7.01,HCMEC,No,72.13,0.00,P,human,Epithelial,Adult,heart,24.00,MTT,TetrazoliumSalt,40.30,2.38,Mg,0.86
1358,MgO,639.00,-7.01,HCMEC,No,98.88,0.00,P,human,Endothelial,Adult,heart,24.00,MTT,TetrazoliumSalt,40.30,2.38,Mg,0.86
1359,MgO,39.20,-7.01,HCMEC,No,97.03,0.00,P,human,Epithelial,Adult,heart,12.00,MTT,TetrazoliumSalt,40.30,2.38,Mg,0.86
1360,MgO,39.20,-7.01,HCMEC,No,93.40,0.00,P,human,Epithelial,Adult,heart,12.00,MTT,TetrazoliumSalt,40.30,2.38,Mg,0.86
1361,MgO,39.20,-7.01,HCMEC,No,85.25,0.00,P,human,Epithelial,Adult,heart,24.00,MTT,TetrazoliumSalt,40.30,2.38,Mg,0.86
1362,MgO,39.20,-7.01,HCMEC,No,98.36,0.00,P,human,Epithelial,Adult,heart,24.00,MTT,TetrazoliumSalt,40.30,2.38,Mg,0.86
1363,MgO,39.20,-7.01,HCMEC,No,98.36,0.00,P,human,Epithelial,Adult,heart,24.00,MTT,TetrazoliumSalt,40.30,2.38,Mg,0.86
1364,MgO,39.20,-7.01,HCMEC,No,99.02,0.00,P,human,Epithelial,Adult,heart,24.00,MTT,TetrazoliumSalt,40.30,2.38,Mg,0.86
1365,MgO,39.20,-7.01,HCMEC,No,62.62,0.00,P,human,Epithelial,Adult,heart,24.00,MTT,TetrazoliumSalt,40.30,2.38,Mg,0.86
1366,MgO,39.20,-7.01,HCMEC,No,93.40,0.00,P,human,Epithelial,Adult,heart,12.00,MTT,TetrazoliumSalt,40.30,2.38,Mg,0.86
1367,MgO,639.00,-7.01,HCMEC,No,73.03,0.00,P,human,Endothelial,Adult,heart,12.00,MTT,TetrazoliumSalt,40.30,2.38,Mg,0.86
1368,MgO,639.00,-7.01,HCMEC,No,82.02,0.00,P,human,Endothelial,Adult,heart,24.00,MTT,TetrazoliumSalt,40.30,2.38,Mg,0.86
1369,MgO,639.00,-7.01,HCMEC,No,70.79,0.00,P,human,Endothelial,Adult,heart,24.00,MTT,TetrazoliumSalt,40.30,2.38,Mg,0.86
1370,MgO,639.00,-7.01,HCMEC,No,95.51,0.00,P,human,Endothelial,Adult,heart,24.00,MTT,TetrazoliumSalt,40.30,2.38,Mg,0.86
1371,MgO,639.00,-7.01,HCMEC,No,46.85,0.00,P,human,Endothelial,Adult,heart,12.00,LDH,ldh activity assay kit,40.30,2.38,Mg,0.86
1372,MgO,639.00,-7.01,HCMEC,No,46.82,0.00,P,human,Endothelial,Adult,heart,12.00,LDH,ldh activity assay kit,40.30,2.38,Mg,0.86
1373,MgO,639.00,-7.01,HCMEC,No,44.92,0.00,P,human,Endothelial,Adult,heart,12.00,LDH,ldh activity assay kit,40.30,2.38,Mg,0.86
1374,MgO,639.00,-7.01,HCMEC,No,37.39,0.00,P,human,Endothelial,Adult,heart,12.00,LDH,ldh activity assay kit,40.30,2.38,Mg,0.86
1375,MgO,639.00,-7.01,HCMEC,No,62.92,0.00,P,human,Endothelial,Adult,heart,24.00,MTT,TetrazoliumSalt,40.30,2.38,Mg,0.86
1376,MgO,639.00,-7.01,HCMEC,No,35.46,0.00,P,human,Endothelial,Adult,heart,12.00,LDH,ldh activity assay kit,40.30,2.38,Mg,0.86
1377,MgO,639.00,-7.01,HCMEC,No,37.36,0.00,P,human,Endothelial,Adult,heart,12.00,LDH,ldh activity assay kit,40.30,2.38,Mg,0.86
1378,MgO,639.00,-7.01,HCMEC,No,42.00,0.00,P,human,Endothelial,Adult,heart,24.00,LDH,ldh activity assay kit,40.30,2.38,Mg,0.86
1379,MgO,639.00,-7.01,HCMEC,No,45.77,0.00,P,human,Endothelial,Adult,heart,24.00,LDH,ldh activity assay kit,40.30,2.38,Mg,0.86
1380,MgO,639.00,-7.01,HCMEC,No,27.93,0.00,P,human,Endothelial,Adult,heart,12.00,LDH,ldh activity assay kit,40.30,2.38,Mg,0.86
1381,MgO,639.00,-7.01,HCMEC,No,14.78,0.00,P,human,Endothelial,Adult,heart,12.00,LDH,ldh activity assay kit,40.30,2.38,Mg,0.86
1382,MgO,639.00,-7.01,HCMEC,No,12.88,0.00,P,human,Endothelial,Adult,heart,12.00,LDH,ldh activity assay kit,40.30,2.38,Mg,0.86
1383,MgO,639.00,-7.01,HCMEC,No,42.05,0.00,P,human,Endothelial,Adult,heart,24.00,LDH,ldh activity assay kit,40.30,2.38,Mg,0.86
1384,MnO,24.00,79.48,HMEC-1,No,2.12,0.00,L,0,Endothelial,Adult,skin,24.00,ATPLite,luciferase,70.94,2.50,Mn,0.65
1385,MnO,24.00,79.48,HMEC-1,No,89.65,0.00,L,0,Endothelial,Adult,skin,24.00,ATPLite,luciferase,70.94,2.50,Mn,0.65
1386,MnO,10.00,79.48,HMEC-1,No,82.59,0.00,L,0,Endothelial,Adult,skin,24.00,ATPLite,luciferase,70.94,2.50,Mn,0.65
1387,MnO,10.00,79.48,HMEC-1,No,43.76,0.00,L,0,Endothelial,Adult,skin,24.00,ATPLite,luciferase,70.94,2.50,Mn,0.65
1388,MnO,24.00,79.48,HMEC-1,No,93.18,0.00,L,0,Endothelial,Adult,skin,24.00,ATPLite,luciferase,70.94,2.50,Mn,0.65
1389,MnO,14.00,79.48,T98G,Yes,99.19,0.00,L,human,Fibroblast,Adult,brain,96.00,Live/Dead,"calcein am, ethidium homodimer-1",70.94,2.50,Mn,0.65
1390,MnO,10.00,79.48,HMEC-1,No,79.76,0.00,L,0,Endothelial,Adult,skin,24.00,ATPLite,luciferase,70.94,2.50,Mn,0.65
1391,MnO,24.00,79.48,HMEC-1,No,50.12,0.00,L,0,Endothelial,Adult,skin,24.00,ATPLite,luciferase,70.94,2.50,Mn,0.65
1392,MnO,10.00,79.48,HMEC-1,No,94.59,0.00,L,0,Endothelial,Adult,skin,24.00,ATPLite,luciferase,70.94,2.50,Mn,0.65
1393,MnO,24.00,79.48,HMEC-1,No,67.76,0.00,L,0,Endothelial,Adult,skin,24.00,ATPLite,luciferase,70.94,2.50,Mn,0.65
1394,MnO,10.00,79.48,HMEC-1,No,89.65,0.00,L,0,Endothelial,Adult,skin,24.00,ATPLite,luciferase,70.94,2.50,Mn,0.65
1395,MnO,14.00,79.48,MCF-7,Yes,78.98,0.00,L,human,Epithelial,Adult,breast,96.00,Live/Dead,"calcein am, ethidium homodimer-1",70.94,2.50,Mn,0.65
1396,MnO,14.00,79.48,A549,Yes,77.45,0.00,L,human,Epithelial,Adult,lung,96.00,Live/Dead,"calcein am, ethidium homodimer-1",70.94,2.50,Mn,0.65
1397,MnO,14.00,79.48,T98G,Yes,29.88,0.00,L,human,Fibroblast,Adult,brain,48.00,Live/Dead,"calcein am, ethidium homodimer-1",70.94,2.50,Mn,0.65
1398,MnO,14.00,79.48,A549,Yes,32.53,0.00,L,human,Epithelial,Adult,lung,48.00,Live/Dead,"calcein am, ethidium homodimer-1",70.94,2.50,Mn,0.65
1399,MnO,14.00,79.48,MCF-7,Yes,60.41,0.00,L,human,Epithelial,Adult,breast,48.00,Live/Dead,"calcein am, ethidium homodimer-1",70.94,2.50,Mn,0.65
1400,NiO,22.00,25.30,HEp-2,Yes,11.20,0.00,L,human,Epithelial,Adult,cervix,24.00,MTT,TetrazoliumSalt,74.69,2.68,Ni,0.74
1401,NiO,22.00,25.30,MCF-7,Yes,93.13,0.00,L,human,Epithelial,Adult,breast,24.00,MTT,TetrazoliumSalt,74.69,2.68,Ni,0.74
1402,NiO,22.00,25.30,MCF-7,Yes,75.06,0.00,L,human,Epithelial,Adult,breast,24.00,MTT,TetrazoliumSalt,74.69,2.68,Ni,0.74
1403,NiO,21.60,25.30,HepG2,Yes,59.52,0.00,L,human,Epithelial,Adult,liver,24.00,MTS,TetrazoliumSalt,74.69,2.68,Ni,0.74
1404,NiO,21.60,25.30,HepG2,Yes,39.85,0.00,L,human,Epithelial,Adult,liver,24.00,MTS,TetrazoliumSalt,74.69,2.68,Ni,0.74
1405,NiO,21.60,25.30,HepG2,Yes,97.39,0.00,L,human,Epithelial,Adult,liver,24.00,NRU,NeutralRed,74.69,2.68,Ni,0.74
1406,NiO,22.00,25.30,HEp-2,Yes,79.26,0.00,L,human,Epithelial,Adult,cervix,24.00,MTT,TetrazoliumSalt,74.69,2.68,Ni,0.74
1407,NiO,21.60,25.30,HepG2,Yes,95.87,0.00,L,human,Epithelial,Adult,liver,24.00,NRU,NeutralRed,74.69,2.68,Ni,0.74
1408,NiO,22.00,25.30,HEp-2,Yes,94.91,0.00,L,human,Epithelial,Adult,cervix,24.00,MTT,TetrazoliumSalt,74.69,2.68,Ni,0.74
1409,NiO,21.60,25.30,HepG2,Yes,81.57,0.00,L,human,Epithelial,Adult,liver,24.00,NRU,NeutralRed,74.69,2.68,Ni,0.74
1410,NiO,22.00,25.30,MCF-7,Yes,70.48,0.00,L,human,Epithelial,Adult,breast,24.00,MTT,TetrazoliumSalt,74.69,2.68,Ni,0.74
1411,NiO,22.00,25.30,MCF-7,Yes,48.22,0.00,L,human,Epithelial,Adult,breast,24.00,MTT,TetrazoliumSalt,74.69,2.68,Ni,0.74
1412,NiO,22.00,25.30,MCF-7,Yes,94.10,0.00,L,human,Epithelial,Adult,breast,24.00,NRU,NeutralRed,74.69,2.68,Ni,0.74
1413,NiO,22.00,25.30,MCF-7,Yes,8.78,0.00,L,human,Epithelial,Adult,breast,24.00,MTT,TetrazoliumSalt,74.69,2.68,Ni,0.74
1414,NiO,22.00,25.30,MCF-7,Yes,16.03,0.00,L,human,Epithelial,Adult,breast,24.00,MTT,TetrazoliumSalt,74.69,2.68,Ni,0.74
1415,NiO,21.60,25.30,HepG2,Yes,92.71,0.00,L,human,Epithelial,Adult,liver,24.00,NRU,NeutralRed,74.69,2.68,Ni,0.74
1416,NiO,22.00,25.30,HEp-2,Yes,20.23,0.00,L,human,Epithelial,Adult,cervix,24.00,MTT,TetrazoliumSalt,74.69,2.68,Ni,0.74
1417,NiO,21.60,25.30,HepG2,Yes,85.28,0.00,L,human,Epithelial,Adult,liver,24.00,NRU,NeutralRed,74.69,2.68,Ni,0.74
1418,NiO,22.00,25.30,HEp-2,Yes,15.66,0.00,L,human,Epithelial,Adult,cervix,24.00,NRU,NeutralRed,74.69,2.68,Ni,0.74
1419,NiO,22.00,25.30,MCF-7,Yes,58.28,0.00,L,human,Epithelial,Adult,breast,24.00,NRU,NeutralRed,74.69,2.68,Ni,0.74
1420,NiO,22.00,25.30,MCF-7,Yes,33.46,0.00,L,human,Epithelial,Adult,breast,24.00,MTT,TetrazoliumSalt,74.69,2.68,Ni,0.74
1421,NiO,22.00,25.30,HEp-2,Yes,43.13,0.00,L,human,Epithelial,Adult,cervix,24.00,MTT,TetrazoliumSalt,74.69,2.68,Ni,0.74
1422,NiO,22.00,25.30,MCF-7,Yes,20.80,0.00,L,human,Epithelial,Adult,breast,24.00,NRU,NeutralRed,74.69,2.68,Ni,0.74
1423,NiO,22.00,25.30,MCF-7,Yes,44.67,0.00,L,human,Epithelial,Adult,breast,24.00,NRU,NeutralRed,74.69,2.68,Ni,0.74
1424,NiO,22.00,25.30,MCF-7,Yes,77.54,0.00,L,human,Epithelial,Adult,breast,24.00,NRU,NeutralRed,74.69,2.68,Ni,0.74
1425,NiO,22.00,25.30,HEp-2,Yes,98.59,0.00,L,human,Epithelial,Adult,cervix,24.00,NRU,NeutralRed,74.69,2.68,Ni,0.74
1426,NiO,22.00,25.30,HEp-2,Yes,80.41,0.00,L,human,Epithelial,Adult,cervix,24.00,MTT,TetrazoliumSalt,74.69,2.68,Ni,0.74
1427,NiO,21.60,25.30,HepG2,Yes,82.23,0.00,L,human,Epithelial,Adult,liver,24.00,MTS,TetrazoliumSalt,74.69,2.68,Ni,0.74
1428,NiO,22.00,25.30,MCF-7,Yes,33.76,0.00,L,human,Epithelial,Adult,breast,24.00,NRU,NeutralRed,74.69,2.68,Ni,0.74
1429,NiO,22.00,25.30,HEp-2,Yes,38.77,0.00,L,human,Epithelial,Adult,cervix,24.00,NRU,NeutralRed,74.69,2.68,Ni,0.74
1430,NiO,22.00,25.30,HEp-2,Yes,25.55,0.00,L,human,Epithelial,Adult,cervix,24.00,NRU,NeutralRed,74.69,2.68,Ni,0.74
1431,NiO,21.60,25.30,HepG2,Yes,71.83,0.00,L,human,Epithelial,Adult,liver,24.00,MTS,TetrazoliumSalt,74.69,2.68,Ni,0.74
1432,NiO,22.00,25.30,HEp-2,Yes,58.78,0.00,L,human,Epithelial,Adult,cervix,24.00,MTT,TetrazoliumSalt,74.69,2.68,Ni,0.74
1433,NiO,21.60,25.30,HepG2,Yes,101.65,0.00,L,human,Epithelial,Adult,liver,24.00,MTS,TetrazoliumSalt,74.69,2.68,Ni,0.74
1434,NiO,22.00,25.30,MCF-7,Yes,13.99,0.00,L,human,Epithelial,Adult,breast,24.00,NRU,NeutralRed,74.69,2.68,Ni,0.74
1435,NiO,22.00,25.30,HEp-2,Yes,84.34,0.00,L,human,Epithelial,Adult,cervix,24.00,NRU,NeutralRed,74.69,2.68,Ni,0.74
1436,NiO,22.00,25.30,HEp-2,Yes,69.58,0.00,L,human,Epithelial,Adult,cervix,24.00,NRU,NeutralRed,74.69,2.68,Ni,0.74
1437,NiO,22.00,25.30,HEp-2,Yes,53.02,0.00,L,human,Epithelial,Adult,cervix,24.00,NRU,NeutralRed,74.69,2.68,Ni,0.74
1438,Pt,24.60,-8.00,HEK-293,No,91.80,0.00,L,human,Epithelial,Embryonic,kidney,24.00,NRU,NeutralRed,195.08,2.28,Pt,0.81
1439,Pt,24.60,-8.00,HEK-293,No,93.69,0.00,L,human,Epithelial,Embryonic,kidney,48.00,NRU,NeutralRed,195.08,2.28,Pt,0.81
1440,Pt,24.60,-8.00,HEK-293,No,78.17,0.00,L,human,Epithelial,Embryonic,kidney,24.00,NRU,NeutralRed,195.08,2.28,Pt,0.81
1441,Pt,24.60,-8.00,HEK-293,No,89.15,0.00,L,human,Epithelial,Embryonic,kidney,24.00,NRU,NeutralRed,195.08,2.28,Pt,0.81
1442,Pt,24.60,-8.00,HEK-293,No,90.85,0.00,L,human,Epithelial,Embryonic,kidney,6.00,NRU,NeutralRed,195.08,2.28,Pt,0.81
1443,Pt,24.60,-8.00,HEK-293,No,99.06,0.00,L,human,Epithelial,Embryonic,kidney,6.00,MTS,TetrazoliumSalt,195.08,2.28,Pt,0.81
1444,Pt,24.60,-8.00,HEK-293,No,54.15,0.00,L,human,Epithelial,Embryonic,kidney,48.00,MTS,TetrazoliumSalt,195.08,2.28,Pt,0.81
1445,Pt,24.60,-8.00,HEK-293,No,86.88,0.00,L,human,Epithelial,Embryonic,kidney,24.00,NRU,NeutralRed,195.08,2.28,Pt,0.81
1446,Pt,24.60,-8.00,HEK-293,No,93.21,0.00,L,human,Epithelial,Embryonic,kidney,6.00,NRU,NeutralRed,195.08,2.28,Pt,0.81
1447,Pt,24.60,-8.00,HEK-293,No,80.63,0.00,L,human,Epithelial,Embryonic,kidney,48.00,NRU,NeutralRed,195.08,2.28,Pt,0.81
1448,Pt,24.60,-8.00,HEK-293,No,95.00,0.00,L,human,Epithelial,Embryonic,kidney,24.00,MTS,TetrazoliumSalt,195.08,2.28,Pt,0.81
1449,Pt,24.60,-8.00,HEK-293,No,91.00,0.00,L,human,Epithelial,Embryonic,kidney,24.00,MTS,TetrazoliumSalt,195.08,2.28,Pt,0.81
1450,Pt,24.60,-8.00,HEK-293,No,83.90,0.00,L,human,Epithelial,Embryonic,kidney,24.00,MTS,TetrazoliumSalt,195.08,2.28,Pt,0.81
1451,Pt,24.60,-8.00,HEK-293,No,70.50,0.00,L,human,Epithelial,Embryonic,kidney,24.00,MTS,TetrazoliumSalt,195.08,2.28,Pt,0.81
1452,Pt,24.60,-8.00,HEK-293,No,90.00,0.00,L,human,Epithelial,Embryonic,kidney,48.00,MTS,TetrazoliumSalt,195.08,2.28,Pt,0.81
1453,Pt,24.60,-8.00,HEK-293,No,86.00,0.00,L,human,Epithelial,Embryonic,kidney,48.00,MTS,TetrazoliumSalt,195.08,2.28,Pt,0.81
1454,Pt,24.60,-8.00,HEK-293,No,68.25,0.00,L,human,Epithelial,Embryonic,kidney,48.00,MTS,TetrazoliumSalt,195.08,2.28,Pt,0.81
1455,Pt,24.60,-8.00,HEK-293,No,97.67,0.00,L,human,Epithelial,Embryonic,kidney,6.00,NRU,NeutralRed,195.08,2.28,Pt,0.81
1456,Pt,24.60,-8.00,HEK-293,No,73.63,0.00,L,human,Epithelial,Embryonic,kidney,48.00,NRU,NeutralRed,195.08,2.28,Pt,0.81
1457,Pt,20.12,-8.00,MCF-7,Yes,95.00,0.00,L,human,Epithelial,Adult,breast,24.00,MTT,TetrazoliumSalt,195.08,2.28,Pt,0.81
1458,Pt,1.50,-8.00,THP-1,Yes,10.05,0.00,L,human,Monocyte,Adult,blood,24.00,CCK-8,TetrazoliumSalt,195.08,2.28,Pt,0.81
1459,Pt,24.60,-8.00,HEK-293,No,98.50,0.00,L,human,Epithelial,Embryonic,kidney,6.00,MTS,TetrazoliumSalt,195.08,2.28,Pt,0.81
1460,Pt,24.60,-8.00,HEK-293,No,96.90,0.00,L,human,Epithelial,Embryonic,kidney,6.00,MTS,TetrazoliumSalt,195.08,2.28,Pt,0.81
1461,Pt,24.60,-8.00,HEK-293,No,98.42,0.00,L,human,Epithelial,Embryonic,kidney,6.00,NRU,NeutralRed,195.08,2.28,Pt,0.81
1462,Pt,24.60,-8.00,HEK-293,No,88.50,0.00,L,human,Epithelial,Embryonic,kidney,6.00,MTS,TetrazoliumSalt,195.08,2.28,Pt,0.81
1463,Pt,24.60,-8.00,HEK-293,No,58.30,0.00,L,human,Epithelial,Embryonic,kidney,48.00,NRU,NeutralRed,195.08,2.28,Pt,0.81
1464,Pt,20.12,-8.00,MCF-7,Yes,26.94,0.00,L,human,Epithelial,Adult,breast,48.00,MTT,TetrazoliumSalt,195.08,2.28,Pt,0.81
1465,Pt,20.12,-8.00,MCF-7,Yes,24.03,0.00,L,human,Epithelial,Adult,breast,48.00,MTT,TetrazoliumSalt,195.08,2.28,Pt,0.81
1466,Pt,20.12,-8.00,MCF-7,Yes,83.87,0.00,L,human,Epithelial,Adult,breast,72.00,MTT,TetrazoliumSalt,195.08,2.28,Pt,0.81
1467,Pt,20.12,-8.00,MCF-7,Yes,67.58,0.00,L,human,Epithelial,Adult,breast,72.00,MTT,TetrazoliumSalt,195.08,2.28,Pt,0.81
1468,Pt,1.50,-8.00,THP-1,Yes,19.97,0.00,L,human,Monocyte,Adult,blood,24.00,CCK-8,TetrazoliumSalt,195.08,2.28,Pt,0.81
1469,Pt,1.50,-8.00,THP-1,Yes,80.03,0.00,L,human,Monocyte,Adult,blood,24.00,CCK-8,TetrazoliumSalt,195.08,2.28,Pt,0.81
1470,Pt,1.50,-8.00,THP-1,Yes,100.00,0.00,L,human,Monocyte,Adult,blood,24.00,CCK-8,TetrazoliumSalt,195.08,2.28,Pt,0.81
1471,Pt,20.12,-8.00,MCF-7,Yes,15.48,0.00,L,human,Epithelial,Adult,breast,72.00,MTT,TetrazoliumSalt,195.08,2.28,Pt,0.81
1472,Pt,20.12,-8.00,MCF-7,Yes,48.23,0.00,L,human,Epithelial,Adult,breast,72.00,MTT,TetrazoliumSalt,195.08,2.28,Pt,0.81
1473,Pt,20.12,-8.00,MCF-7,Yes,21.45,0.00,L,human,Epithelial,Adult,breast,72.00,MTT,TetrazoliumSalt,195.08,2.28,Pt,0.81
1474,Pt,20.12,-8.00,MCF-7,Yes,78.55,0.00,L,human,Epithelial,Adult,breast,24.00,MTT,TetrazoliumSalt,195.08,2.28,Pt,0.81
1475,Pt,20.12,-8.00,MCF-7,Yes,60.65,0.00,L,human,Epithelial,Adult,breast,24.00,MTT,TetrazoliumSalt,195.08,2.28,Pt,0.81
1476,Pt,20.12,-8.00,MCF-7,Yes,37.90,0.00,L,human,Epithelial,Adult,breast,24.00,MTT,TetrazoliumSalt,195.08,2.28,Pt,0.81
1477,Pt,20.12,-8.00,MCF-7,Yes,35.97,0.00,L,human,Epithelial,Adult,breast,24.00,MTT,TetrazoliumSalt,195.08,2.28,Pt,0.81
1478,Pt,20.12,-8.00,MCF-7,Yes,30.97,0.00,L,human,Epithelial,Adult,breast,24.00,MTT,TetrazoliumSalt,195.08,2.28,Pt,0.81
1479,Pt,20.12,-8.00,MCF-7,Yes,49.19,0.00,L,human,Epithelial,Adult,breast,48.00,MTT,TetrazoliumSalt,195.08,2.28,Pt,0.81
1480,Pt,20.12,-8.00,MCF-7,Yes,36.29,0.00,L,human,Epithelial,Adult,breast,48.00,MTT,TetrazoliumSalt,195.08,2.28,Pt,0.81
1481,Pt,20.12,-8.00,MCF-7,Yes,90.00,0.00,L,human,Epithelial,Adult,breast,48.00,MTT,TetrazoliumSalt,195.08,2.28,Pt,0.81
1482,Pt,1.50,-8.00,THP-1,Yes,59.78,0.00,L,human,Monocyte,Adult,blood,24.00,CCK-8,TetrazoliumSalt,195.08,2.28,Pt,0.81
1483,Pt,13.50,-8.00,MCF-7,Yes,81.24,PVP,L,human,Epithelial,Adult,breast,24.00,CellTiterGlo,luciferase,195.08,2.28,Pt,0.81
1484,Pt,20.12,-8.00,MCF-7,Yes,70.00,0.00,L,human,Epithelial,Adult,breast,48.00,MTT,TetrazoliumSalt,195.08,2.28,Pt,0.81
1485,Pt,13.50,-40.50,MCF-7,Yes,34.29,Folic acid,L,human,Epithelial,Adult,breast,24.00,CellTiterGlo,luciferase,195.08,2.28,Pt,0.81
1486,Pt,13.50,-8.00,HeLa,Yes,91.89,PVP,L,human,Epithelial,Adult,cervix,48.00,CellTiterGlo,luciferase,195.08,2.28,Pt,0.81
1487,Pt,13.50,-8.00,HeLa,Yes,86.13,PVP,L,human,Epithelial,Adult,cervix,24.00,CellTiterGlo,luciferase,195.08,2.28,Pt,0.81
1488,Pt,20.12,-8.00,MCF-7,Yes,25.81,0.00,L,human,Epithelial,Adult,breast,72.00,MTT,TetrazoliumSalt,195.08,2.28,Pt,0.81
1489,Pt,13.50,-8.00,HeLa,Yes,96.94,PVP,L,human,Epithelial,Adult,cervix,48.00,CellTiterGlo,luciferase,195.08,2.28,Pt,0.81
1490,Pt,13.50,-8.00,HeLa,Yes,97.30,PVP,L,human,Epithelial,Adult,cervix,24.00,CellTiterGlo,luciferase,195.08,2.28,Pt,0.81
1491,Pt,13.50,-8.00,IMR90,No,98.54,PVP,L,human,Fibroblast,Adult,lung,24.00,CellTiterGlo,luciferase,195.08,2.28,Pt,0.81
1492,Pt,13.50,-8.00,IMR90,No,92.61,PVP,L,human,Fibroblast,Adult,lung,48.00,CellTiterGlo,luciferase,195.08,2.28,Pt,0.81
1493,Pt,13.50,-8.00,IMR90,No,92.64,PVP,L,human,Fibroblast,Adult,lung,72.00,CellTiterGlo,luciferase,195.08,2.28,Pt,0.81
1494,Pt,13.50,-8.00,HeLa,Yes,88.29,PVP,L,human,Epithelial,Adult,cervix,72.00,CellTiterGlo,luciferase,195.08,2.28,Pt,0.81
1495,Pt,13.50,-8.00,HeLa,Yes,89.73,PVP,L,human,Epithelial,Adult,cervix,72.00,CellTiterGlo,luciferase,195.08,2.28,Pt,0.81
1496,Pt,13.50,-8.00,IMR90,No,70.65,PVP,L,human,Fibroblast,Adult,lung,72.00,CellTiterGlo,luciferase,195.08,2.28,Pt,0.81
1497,Pt,13.50,-8.00,MCF-7,Yes,87.00,PVP,L,human,Epithelial,Adult,breast,72.00,CellTiterGlo,luciferase,195.08,2.28,Pt,0.81
1498,Pt,13.50,-8.00,IMR90,No,87.61,PVP,L,human,Fibroblast,Adult,lung,24.00,CellTiterGlo,luciferase,195.08,2.28,Pt,0.81
1499,Pt,13.50,-8.00,IMR90,No,71.27,PVP,L,human,Fibroblast,Adult,lung,72.00,CellTiterGlo,luciferase,195.08,2.28,Pt,0.81
1500,Pt,13.50,-8.00,IMR90,No,78.79,PVP,L,human,Fibroblast,Adult,lung,24.00,CellTiterGlo,luciferase,195.08,2.28,Pt,0.81
1501,Pt,13.50,-8.00,IMR90,No,75.09,PVP,L,human,Fibroblast,Adult,lung,48.00,CellTiterGlo,luciferase,195.08,2.28,Pt,0.81
1502,Pt,13.50,-8.00,IMR90,No,50.59,PVP,L,human,Fibroblast,Adult,lung,24.00,CellTiterGlo,luciferase,195.08,2.28,Pt,0.81
1503,Pt,13.50,-8.00,IMR90,No,96.46,PVP,L,human,Fibroblast,Adult,lung,48.00,CellTiterGlo,luciferase,195.08,2.28,Pt,0.81
1504,Pt,13.50,-8.00,HeLa,Yes,81.80,PVP,L,human,Epithelial,Adult,cervix,24.00,CellTiterGlo,luciferase,195.08,2.28,Pt,0.81
1505,Pt,13.50,-8.00,HeLa,Yes,85.41,PVP,L,human,Epithelial,Adult,cervix,48.00,CellTiterGlo,luciferase,195.08,2.28,Pt,0.81
1506,Pt,13.50,-8.00,HeLa,Yes,76.76,PVP,L,human,Epithelial,Adult,cervix,72.00,CellTiterGlo,luciferase,195.08,2.28,Pt,0.81
1507,Pt,13.50,-8.00,MCF-7,Yes,55.18,PVP,L,human,Epithelial,Adult,breast,24.00,CellTiterGlo,luciferase,195.08,2.28,Pt,0.81
1508,Pt,13.50,-8.00,MCF-7,Yes,66.75,PVP,L,human,Epithelial,Adult,breast,72.00,CellTiterGlo,luciferase,195.08,2.28,Pt,0.81
1509,Pt,13.50,-8.00,MCF-7,Yes,80.54,PVP,L,human,Epithelial,Adult,breast,48.00,CellTiterGlo,luciferase,195.08,2.28,Pt,0.81
1510,Pt,13.50,-8.00,IMR90,No,77.11,PVP,L,human,Fibroblast,Adult,lung,72.00,CellTiterGlo,luciferase,195.08,2.28,Pt,0.81
1511,Pt,13.50,-8.00,IMR90,No,92.12,PVP,L,human,Fibroblast,Adult,lung,48.00,CellTiterGlo,luciferase,195.08,2.28,Pt,0.81
1512,Pt,13.50,-40.50,MCF-7,Yes,24.60,Folic acid,L,human,Epithelial,Adult,breast,72.00,CellTiterGlo,luciferase,195.08,2.28,Pt,0.81
1513,Pt,13.50,-8.00,IMR90,No,94.20,PVP,L,human,Fibroblast,Adult,lung,24.00,CellTiterGlo,luciferase,195.08,2.28,Pt,0.81
1514,Pt,13.50,-40.50,MCF-7,Yes,26.09,Folic acid,L,human,Epithelial,Adult,breast,48.00,CellTiterGlo,luciferase,195.08,2.28,Pt,0.81
1515,Pt,13.50,-8.00,MCF-7,Yes,91.21,PVP,L,human,Epithelial,Adult,breast,48.00,CellTiterGlo,luciferase,195.08,2.28,Pt,0.81
1516,Pt,13.50,-8.00,MCF-7,Yes,91.19,PVP,L,human,Epithelial,Adult,breast,24.00,CellTiterGlo,luciferase,195.08,2.28,Pt,0.81
1517,Pt,13.50,-8.00,MCF-7,Yes,99.85,PVP,L,human,Epithelial,Adult,breast,72.00,CellTiterGlo,luciferase,195.08,2.28,Pt,0.81
1518,Pt,13.50,-8.00,MCF-7,Yes,96.18,PVP,L,human,Epithelial,Adult,breast,48.00,CellTiterGlo,luciferase,195.08,2.28,Pt,0.81
1519,Pt,13.50,-8.00,MCF-7,Yes,99.79,PVP,L,human,Epithelial,Adult,breast,24.00,CellTiterGlo,luciferase,195.08,2.28,Pt,0.81
1520,Pt,13.50,-8.00,HeLa,Yes,43.60,PVP,L,human,Epithelial,Adult,cervix,72.00,CellTiterGlo,luciferase,195.08,2.28,Pt,0.81
1521,Pt,13.50,-8.00,HeLa,Yes,56.58,PVP,L,human,Epithelial,Adult,cervix,48.00,CellTiterGlo,luciferase,195.08,2.28,Pt,0.81
1522,Pt,13.50,-8.00,HeLa,Yes,57.30,PVP,L,human,Epithelial,Adult,cervix,24.00,CellTiterGlo,luciferase,195.08,2.28,Pt,0.81
1523,Pt,13.50,-8.00,HeLa,Yes,68.11,PVP,L,human,Epithelial,Adult,cervix,72.00,CellTiterGlo,luciferase,195.08,2.28,Pt,0.81
1524,Pt,13.50,-8.00,HeLa,Yes,78.20,PVP,L,human,Epithelial,Adult,cervix,48.00,CellTiterGlo,luciferase,195.08,2.28,Pt,0.81
1525,Pt,13.50,-8.00,HeLa,Yes,77.48,PVP,L,human,Epithelial,Adult,cervix,24.00,CellTiterGlo,luciferase,195.08,2.28,Pt,0.81
1526,Pt,13.50,-8.00,IMR90,No,54.35,PVP,L,human,Fibroblast,Adult,lung,48.00,CellTiterGlo,luciferase,195.08,2.28,Pt,0.81
1527,Pt,13.50,-40.50,MCF-7,Yes,47.70,Folic acid,L,human,Epithelial,Adult,breast,24.00,CellTiterGlo,luciferase,195.08,2.28,Pt,0.81
1528,Pt,13.50,-8.00,MCF-7,Yes,89.79,PVP,L,human,Epithelial,Adult,breast,72.00,CellTiterGlo,luciferase,195.08,2.28,Pt,0.81
1529,Pt,13.50,-8.00,MCF-7,Yes,89.85,PVP,L,human,Epithelial,Adult,breast,24.00,CellTiterGlo,luciferase,195.08,2.28,Pt,0.81
1530,Pt,13.50,-40.50,HeLa,Yes,45.00,Folic acid,L,human,Epithelial,Adult,cervix,72.00,CellTiterGlo,luciferase,195.08,2.28,Pt,0.81
1531,Pt,13.50,-40.50,HeLa,Yes,50.25,Folic acid,L,human,Epithelial,Adult,cervix,24.00,CellTiterGlo,luciferase,195.08,2.28,Pt,0.81
1532,Pt,13.50,-40.50,HeLa,Yes,44.25,Folic acid,L,human,Epithelial,Adult,cervix,48.00,CellTiterGlo,luciferase,195.08,2.28,Pt,0.81
1533,Pt,13.50,-40.50,HeLa,Yes,32.25,Folic acid,L,human,Epithelial,Adult,cervix,72.00,CellTiterGlo,luciferase,195.08,2.28,Pt,0.81
1534,Pt,13.50,-40.50,HeLa,Yes,36.00,Folic acid,L,human,Epithelial,Adult,cervix,24.00,CellTiterGlo,luciferase,195.08,2.28,Pt,0.81
1535,Pt,13.50,-40.50,HeLa,Yes,30.00,Folic acid,L,human,Epithelial,Adult,cervix,48.00,CellTiterGlo,luciferase,195.08,2.28,Pt,0.81
1536,Pt,13.50,-40.50,HeLa,Yes,21.00,Folic acid,L,human,Epithelial,Adult,cervix,72.00,CellTiterGlo,luciferase,195.08,2.28,Pt,0.81
1537,Pt,13.50,-40.50,MCF-7,Yes,79.01,Folic acid,L,human,Epithelial,Adult,breast,24.00,CellTiterGlo,luciferase,195.08,2.28,Pt,0.81
1538,Pt,13.50,-40.50,MCF-7,Yes,64.84,Folic acid,L,human,Epithelial,Adult,breast,48.00,CellTiterGlo,luciferase,195.08,2.28,Pt,0.81
1539,Pt,13.50,-40.50,MCF-7,Yes,44.72,Folic acid,L,human,Epithelial,Adult,breast,72.00,CellTiterGlo,luciferase,195.08,2.28,Pt,0.81
1540,Pt,13.50,-40.50,MCF-7,Yes,64.10,Folic acid,L,human,Epithelial,Adult,breast,24.00,CellTiterGlo,luciferase,195.08,2.28,Pt,0.81
1541,Pt,13.50,-40.50,MCF-7,Yes,49.94,Folic acid,L,human,Epithelial,Adult,breast,48.00,CellTiterGlo,luciferase,195.08,2.28,Pt,0.81
1542,Pt,13.50,-40.50,HeLa,Yes,84.00,Folic acid,L,human,Epithelial,Adult,cervix,24.00,CellTiterGlo,luciferase,195.08,2.28,Pt,0.81
1543,Pt,13.50,-40.50,MCF-7,Yes,17.89,Folic acid,L,human,Epithelial,Adult,breast,48.00,CellTiterGlo,luciferase,195.08,2.28,Pt,0.81
1544,Pt,13.50,-40.50,MCF-7,Yes,35.78,Folic acid,L,human,Epithelial,Adult,breast,72.00,CellTiterGlo,luciferase,195.08,2.28,Pt,0.81
1545,Pt,13.50,-8.00,IMR90,No,43.20,PVP,L,human,Fibroblast,Adult,lung,72.00,CellTiterGlo,luciferase,195.08,2.28,Pt,0.81
1546,Pt,13.50,-8.00,MCF-7,Yes,84.79,PVP,L,human,Epithelial,Adult,breast,48.00,CellTiterGlo,luciferase,195.08,2.28,Pt,0.81
1547,Pt,13.50,-40.50,MCF-7,Yes,17.14,Folic acid,L,human,Epithelial,Adult,breast,72.00,CellTiterGlo,luciferase,195.08,2.28,Pt,0.81
1548,Pt,13.50,-40.50,MCF-7,Yes,19.38,Folic acid,L,human,Epithelial,Adult,breast,24.00,CellTiterGlo,luciferase,195.08,2.28,Pt,0.81
1549,Pt,13.50,-40.50,HeLa,Yes,58.50,Folic acid,L,human,Epithelial,Adult,cervix,48.00,CellTiterGlo,luciferase,195.08,2.28,Pt,0.81
1550,Pt,13.50,-8.00,MCF-7,Yes,56.67,PVP,L,human,Epithelial,Adult,breast,48.00,CellTiterGlo,luciferase,195.08,2.28,Pt,0.81
1551,Pt,13.50,-40.50,HeLa,Yes,69.75,Folic acid,L,human,Epithelial,Adult,cervix,24.00,CellTiterGlo,luciferase,195.08,2.28,Pt,0.81
1552,Pt,13.50,-40.50,HeLa,Yes,70.50,Folic acid,L,human,Epithelial,Adult,cervix,48.00,CellTiterGlo,luciferase,195.08,2.28,Pt,0.81
1553,Pt,13.50,-40.50,MCF-7,Yes,12.67,Folic acid,L,human,Epithelial,Adult,breast,72.00,CellTiterGlo,luciferase,195.08,2.28,Pt,0.81
1554,Pt,13.50,-40.50,IMR90,No,77.94,Folic acid,L,human,Fibroblast,Adult,lung,24.00,CellTiterGlo,luciferase,195.08,2.28,Pt,0.81
1555,Pt,13.50,-40.50,IMR90,No,59.44,Folic acid,L,human,Fibroblast,Adult,lung,48.00,CellTiterGlo,luciferase,195.08,2.28,Pt,0.81
1556,Pt,13.50,-40.50,IMR90,No,45.40,Folic acid,L,human,Fibroblast,Adult,lung,72.00,CellTiterGlo,luciferase,195.08,2.28,Pt,0.81
1557,Pt,13.50,-40.50,IMR90,No,58.80,Folic acid,L,human,Fibroblast,Adult,lung,24.00,CellTiterGlo,luciferase,195.08,2.28,Pt,0.81
1558,Pt,13.50,-40.50,IMR90,No,47.72,Folic acid,L,human,Fibroblast,Adult,lung,48.00,CellTiterGlo,luciferase,195.08,2.28,Pt,0.81
1559,Pt,1.50,-8.00,THP-1,Yes,40.08,0.00,L,human,Monocyte,Adult,blood,24.00,CCK-8,TetrazoliumSalt,195.08,2.28,Pt,0.81
1560,Pt,13.50,-40.50,MCF-7,Yes,38.01,Folic acid,L,human,Epithelial,Adult,breast,48.00,CellTiterGlo,luciferase,195.08,2.28,Pt,0.81
1561,Pt,13.50,-40.50,IMR90,No,38.12,Folic acid,L,human,Fibroblast,Adult,lung,72.00,CellTiterGlo,luciferase,195.08,2.28,Pt,0.81
1562,Pt,13.50,-40.50,IMR90,No,29.35,Folic acid,L,human,Fibroblast,Adult,lung,72.00,CellTiterGlo,luciferase,195.08,2.28,Pt,0.81
1563,Pt,13.50,-40.50,IMR90,No,33.86,Folic acid,L,human,Fibroblast,Adult,lung,24.00,CellTiterGlo,luciferase,195.08,2.28,Pt,0.81
1564,Pt,13.50,-40.50,IMR90,No,29.44,Folic acid,L,human,Fibroblast,Adult,lung,48.00,CellTiterGlo,luciferase,195.08,2.28,Pt,0.81
1565,Pt,13.50,-40.50,IMR90,No,23.55,Folic acid,L,human,Fibroblast,Adult,lung,72.00,CellTiterGlo,luciferase,195.08,2.28,Pt,0.81
1566,Pt,13.50,-40.50,IMR90,No,19.91,Folic acid,L,human,Fibroblast,Adult,lung,24.00,CellTiterGlo,luciferase,195.08,2.28,Pt,0.81
1567,Pt,13.50,-40.50,IMR90,No,16.23,Folic acid,L,human,Fibroblast,Adult,lung,48.00,CellTiterGlo,luciferase,195.08,2.28,Pt,0.81
1568,Pt,13.50,-40.50,IMR90,No,14.78,Folic acid,L,human,Fibroblast,Adult,lung,72.00,CellTiterGlo,luciferase,195.08,2.28,Pt,0.81
1569,Pt,13.50,-40.50,HeLa,Yes,81.75,Folic acid,L,human,Epithelial,Adult,cervix,48.00,CellTiterGlo,luciferase,195.08,2.28,Pt,0.81
1570,Pt,13.50,-40.50,HeLa,Yes,67.50,Folic acid,L,human,Epithelial,Adult,cervix,72.00,CellTiterGlo,luciferase,195.08,2.28,Pt,0.81
1571,Pt,13.50,-40.50,HeLa,Yes,77.25,Folic acid,L,human,Epithelial,Adult,cervix,24.00,CellTiterGlo,luciferase,195.08,2.28,Pt,0.81
1572,Pt,13.50,-40.50,HeLa,Yes,54.75,Folic acid,L,human,Epithelial,Adult,cervix,72.00,CellTiterGlo,luciferase,195.08,2.28,Pt,0.81
1573,Pt,13.50,-8.00,MCF-7,Yes,49.42,PVP,L,human,Epithelial,Adult,breast,72.00,CellTiterGlo,luciferase,195.08,2.28,Pt,0.81
1574,Pt,13.50,-40.50,IMR90,No,50.04,Folic acid,L,human,Fibroblast,Adult,lung,24.00,CellTiterGlo,luciferase,195.08,2.28,Pt,0.81
1575,Pt,13.50,-40.50,IMR90,No,38.95,Folic acid,L,human,Fibroblast,Adult,lung,48.00,CellTiterGlo,luciferase,195.08,2.28,Pt,0.81
1576,Se,79.60,0.00,PC3,Yes,44.06,0.00,L,human,Epithelial,Adult,prostate,24.00,XTT,TetrazoliumSalt,78.96,2.55,Se,1.01
1577,Se,79.60,0.00,PC3,Yes,77.62,0.00,L,human,Epithelial,Adult,prostate,24.00,XTT,TetrazoliumSalt,78.96,2.55,Se,1.01
1578,Se,79.60,0.00,PC3,Yes,91.09,0.00,L,human,Epithelial,Adult,prostate,24.00,XTT,TetrazoliumSalt,78.96,2.55,Se,1.01
1579,Se,79.60,0.00,PC3,Yes,54.21,0.00,L,human,Epithelial,Adult,prostate,24.00,XTT,TetrazoliumSalt,78.96,2.55,Se,1.01
1580,SiO2,21.06,-35.90,A549,Yes,58.54,0.00,L,human,Epithelial,Adult,lung,72.00,MTT,TetrazoliumSalt,60.08,2.93,Si,0.54
1581,SiO2,120.00,-35.90,MCF-7,Yes,83.38,0.00,L,human,Epithelial,Adult,breast,96.00,MTT,TetrazoliumSalt,60.08,2.93,Si,0.54
1582,SiO2,120.00,-35.90,MCF-7,Yes,86.89,0.00,L,human,Epithelial,Adult,breast,96.00,MTT,TetrazoliumSalt,60.08,2.93,Si,0.54
1583,SiO2,9.00,-35.90,RAW 264.7,Yes,9.69,0.00,L,mouse,Monocyte/Macrophage,Adult,ascites,48.00,Live/Dead,PropidiumIodide,60.08,2.93,Si,0.54
1584,SiO2,9.00,-35.90,RAW 264.7,Yes,7.89,0.00,L,mouse,Monocyte/Macrophage,Adult,ascites,48.00,Live/Dead,CalceinAM,60.08,2.93,Si,0.54
1585,SiO2,9.00,-35.90,RAW 264.7,Yes,85.76,0.00,L,mouse,Monocyte/Macrophage,Adult,ascites,48.00,Live/Dead,PropidiumIodide,60.08,2.93,Si,0.54
1586,SiO2,280.00,-35.90,RAW 264.7,Yes,98.98,0.00,L,mouse,Monocyte/Macrophage,Adult,ascites,48.00,Live/Dead,CalceinAM,60.08,2.93,Si,0.54
1587,SiO2,9.00,-35.90,RAW 264.7,Yes,7.98,0.00,L,mouse,Monocyte/Macrophage,Adult,ascites,48.00,Live/Dead,PropidiumIodide,60.08,2.93,Si,0.54
1588,SiO2,280.00,-35.90,RAW 264.7,Yes,10.94,0.00,L,mouse,Monocyte/Macrophage,Adult,ascites,48.00,Live/Dead,CalceinAM,60.08,2.93,Si,0.54
1589,SiO2,280.00,-35.90,RAW 264.7,Yes,27.48,0.00,L,mouse,Monocyte/Macrophage,Adult,ascites,48.00,Live/Dead,CalceinAM,60.08,2.93,Si,0.54
1590,SiO2,280.00,-35.90,RAW 264.7,Yes,82.95,0.00,L,mouse,Monocyte/Macrophage,Adult,ascites,48.00,Live/Dead,CalceinAM,60.08,2.93,Si,0.54
1591,SiO2,280.00,-35.90,RAW 264.7,Yes,100.28,0.00,L,mouse,Monocyte/Macrophage,Adult,ascites,48.00,Live/Dead,PropidiumIodide,60.08,2.93,Si,0.54
1592,SiO2,280.00,-35.90,RAW 264.7,Yes,89.74,0.00,L,mouse,Monocyte/Macrophage,Adult,ascites,48.00,Live/Dead,PropidiumIodide,60.08,2.93,Si,0.54
1593,SiO2,280.00,-35.90,RAW 264.7,Yes,25.93,0.00,L,mouse,Monocyte/Macrophage,Adult,ascites,48.00,Live/Dead,PropidiumIodide,60.08,2.93,Si,0.54
1594,SiO2,9.00,-35.90,RAW 264.7,Yes,86.01,0.00,L,mouse,Monocyte/Macrophage,Adult,ascites,48.00,Live/Dead,CalceinAM,60.08,2.93,Si,0.54
1595,SiO2,9.00,-35.90,RAW 264.7,Yes,84.22,0.00,L,mouse,Monocyte/Macrophage,Adult,ascites,48.00,Live/Dead,CalceinAM,60.08,2.93,Si,0.54
1596,SiO2,9.00,-35.90,RAW 264.7,Yes,89.74,0.00,L,mouse,Monocyte/Macrophage,Adult,ascites,48.00,Live/Dead,PropidiumIodide,60.08,2.93,Si,0.54
1597,SiO2,9.00,-35.90,RAW 264.7,Yes,14.25,0.00,L,mouse,Monocyte/Macrophage,Adult,ascites,48.00,Live/Dead,CalceinAM,60.08,2.93,Si,0.54
1598,SiO2,120.00,-35.90,A549,Yes,83.33,0.00,L,human,Epithelial,Adult,lung,96.00,MTT,TetrazoliumSalt,60.08,2.93,Si,0.54
1599,SiO2,50.00,-35.90,HUVEC,No,57.65,0.00,P,human,Endothelial,Embryonic,umbilical vein,24.00,CCK-8,TetrazoliumSalt,60.08,2.93,Si,0.54
1600,SiO2,100.00,-35.90,HUVEC,No,101.49,0.00,P,human,Endothelial,Embryonic,umbilical vein,24.00,CCK-8,TetrazoliumSalt,60.08,2.93,Si,0.54
1601,SiO2,18.30,-35.90,SIRC,No,96.45,0.00,L,rabbit,Fibroblast,Adult,cornea,24.00,MTT,TetrazoliumSalt,60.08,2.93,Si,0.54
1602,SiO2,19.40,-35.90,16HBE,No,101.06,0.00,P,human,Epithelial,Adult,respiratorytract,24.00,CCK-8,TetrazoliumSalt,60.08,2.93,Si,0.54
1603,SiO2,19.40,-35.90,A549,Yes,79.62,0.00,L,human,Epithelial,Adult,lung,24.00,CCK-8,TetrazoliumSalt,60.08,2.93,Si,0.54
1604,SiO2,19.40,-35.90,A549,Yes,101.67,0.00,L,human,Epithelial,Adult,lung,24.00,CCK-8,TetrazoliumSalt,60.08,2.93,Si,0.54
1605,SiO2,280.00,-35.90,RAW 264.7,Yes,23.08,0.00,L,mouse,Monocyte/Macrophage,Adult,ascites,48.00,Live/Dead,PropidiumIodide,60.08,2.93,Si,0.54
1606,SiO2,120.00,-35.90,MCF-7,Yes,82.97,0.00,L,human,Epithelial,Adult,breast,96.00,MTT,TetrazoliumSalt,60.08,2.93,Si,0.54
1607,SiO2,21.06,-35.90,A549,Yes,67.49,0.00,L,human,Epithelial,Adult,lung,24.00,MTT,TetrazoliumSalt,60.08,2.93,Si,0.54
1608,SiO2,12.00,-35.90,RAW 264.7,Yes,26.06,0.00,L,mouse,Monocyte/Macrophage,Adult,ascites,24.00,CCK-8,TetrazoliumSalt,60.08,2.93,Si,0.54
1609,SiO2,199.89,-35.90,A549,Yes,61.04,0.00,L,human,Epithelial,Adult,lung,24.00,MTT,TetrazoliumSalt,60.08,2.93,Si,0.54
1610,SiO2,50.00,-35.90,HaCat,No,19.64,0.00,L,human,Keratinocyte,Adult,skin,4.00,MTT,TetrazoliumSalt,60.08,2.93,Si,0.54
1611,SiO2,10.00,-35.90,RAW 264.7,Yes,22.29,0.00,L,mouse,Monocyte/Macrophage,Adult,ascites,24.00,LDH,LDHrelease,60.08,2.93,Si,0.54
1612,SiO2,120.00,-35.90,A2780,Yes,82.65,0.00,L,human,Epithelial,Adult,ovary,96.00,MTT,TetrazoliumSalt,60.08,2.93,Si,0.54
1613,SiO2,120.00,-35.90,A2780,Yes,84.64,0.00,L,human,Epithelial,Adult,ovary,96.00,MTT,TetrazoliumSalt,60.08,2.93,Si,0.54
1614,SiO2,120.00,-35.90,A2780,Yes,83.50,0.00,L,human,Epithelial,Adult,ovary,96.00,MTT,TetrazoliumSalt,60.08,2.93,Si,0.54
1615,SiO2,120.00,-35.90,A2780,Yes,81.08,0.00,L,human,Epithelial,Adult,ovary,96.00,MTT,TetrazoliumSalt,60.08,2.93,Si,0.54
1616,SiO2,60.00,-30.00,HUVEC,No,108.83,0.00,P,human,Endothelial,Embryonic,umbilical cord,48.00,AlamarBlue,AlamarBlue,60.08,2.93,Si,0.54
1617,SiO2,50.00,-35.90,HaCat,No,22.25,0.00,L,human,Keratinocyte,Adult,skin,4.00,MTT,TetrazoliumSalt,60.08,2.93,Si,0.54
1618,SiO2,55.60,-35.90,HeLa,Yes,94.89,0.00,L,human,Epithelial,Adult,cervix,48.00,MTT,TetrazoliumSalt,60.08,2.93,Si,0.54
1619,SiO2,307.60,-35.90,HeLa,Yes,94.89,0.00,L,human,Epithelial,Adult,cervix,48.00,MTT,TetrazoliumSalt,60.08,2.93,Si,0.54
1620,SiO2,307.60,-35.90,HeLa,Yes,94.89,0.00,L,human,Epithelial,Adult,cervix,48.00,MTT,TetrazoliumSalt,60.08,2.93,Si,0.54
1621,SiO2,167.80,-35.90,HeLa,Yes,96.89,0.00,L,human,Epithelial,Adult,cervix,48.00,MTT,TetrazoliumSalt,60.08,2.93,Si,0.54
1622,SiO2,167.80,-35.90,HeLa,Yes,95.64,0.00,L,human,Epithelial,Adult,cervix,48.00,MTT,TetrazoliumSalt,60.08,2.93,Si,0.54
1623,SiO2,55.60,-35.90,HeLa,Yes,98.63,0.00,L,human,Epithelial,Adult,cervix,48.00,MTT,TetrazoliumSalt,60.08,2.93,Si,0.54
1624,SiO2,120.00,-35.90,MCF-7,Yes,88.51,0.00,L,human,Epithelial,Adult,breast,96.00,MTT,TetrazoliumSalt,60.08,2.93,Si,0.54
1625,SiO2,199.89,-35.90,A549,Yes,62.78,0.00,L,human,Epithelial,Adult,lung,24.00,MTT,TetrazoliumSalt,60.08,2.93,Si,0.54
1626,SiO2,59.72,-35.90,A549,Yes,49.89,0.00,L,human,Epithelial,Adult,lung,72.00,MTT,TetrazoliumSalt,60.08,2.93,Si,0.54
1627,SiO2,21.06,-35.90,A549,Yes,63.28,0.00,L,human,Epithelial,Adult,lung,24.00,MTT,TetrazoliumSalt,60.08,2.93,Si,0.54
1628,SiO2,100.33,-35.90,A549,Yes,68.34,0.00,L,human,Epithelial,Adult,lung,72.00,MTT,TetrazoliumSalt,60.08,2.93,Si,0.54
1629,SiO2,100.33,-35.90,A549,Yes,54.21,0.00,L,human,Epithelial,Adult,lung,72.00,MTT,TetrazoliumSalt,60.08,2.93,Si,0.54
1630,SiO2,59.72,-35.90,A549,Yes,72.71,0.00,L,human,Epithelial,Adult,lung,24.00,MTT,TetrazoliumSalt,60.08,2.93,Si,0.54
1631,SiO2,100.33,-35.90,A549,Yes,51.71,0.00,L,human,Epithelial,Adult,lung,72.00,MTT,TetrazoliumSalt,60.08,2.93,Si,0.54
1632,SiO2,100.33,-35.90,A549,Yes,55.35,0.00,L,human,Epithelial,Adult,lung,72.00,MTT,TetrazoliumSalt,60.08,2.93,Si,0.54
1633,SiO2,100.33,-35.90,A549,Yes,53.53,0.00,L,human,Epithelial,Adult,lung,72.00,MTT,TetrazoliumSalt,60.08,2.93,Si,0.54
1634,SiO2,199.89,-35.90,A549,Yes,66.29,0.00,L,human,Epithelial,Adult,lung,72.00,MTT,TetrazoliumSalt,60.08,2.93,Si,0.54
1635,SiO2,199.89,-35.90,A549,Yes,50.57,0.00,L,human,Epithelial,Adult,lung,72.00,MTT,TetrazoliumSalt,60.08,2.93,Si,0.54
1636,SiO2,100.00,-35.90,HUVEC,No,102.80,0.00,P,human,Endothelial,Embryonic,umbilical vein,24.00,CCK-8,TetrazoliumSalt,60.08,2.93,Si,0.54
1637,SiO2,100.00,-35.90,HUVEC,No,95.52,0.00,P,human,Endothelial,Embryonic,umbilical vein,24.00,CCK-8,TetrazoliumSalt,60.08,2.93,Si,0.54
1638,SiO2,21.06,-35.90,A549,Yes,49.89,0.00,L,human,Epithelial,Adult,lung,72.00,MTT,TetrazoliumSalt,60.08,2.93,Si,0.54
1639,SiO2,21.06,-35.90,A549,Yes,50.80,0.00,L,human,Epithelial,Adult,lung,72.00,MTT,TetrazoliumSalt,60.08,2.93,Si,0.54
1640,SiO2,59.72,-35.90,A549,Yes,31.44,0.00,L,human,Epithelial,Adult,lung,72.00,MTT,TetrazoliumSalt,60.08,2.93,Si,0.54
1641,SiO2,120.00,-35.90,A549,Yes,91.67,0.00,L,human,Epithelial,Adult,lung,96.00,MTT,TetrazoliumSalt,60.08,2.93,Si,0.54
1642,SiO2,59.72,-35.90,A549,Yes,70.47,0.00,L,human,Epithelial,Adult,lung,24.00,MTT,TetrazoliumSalt,60.08,2.93,Si,0.54
1643,SiO2,59.72,-35.90,A549,Yes,64.02,0.00,L,human,Epithelial,Adult,lung,24.00,MTT,TetrazoliumSalt,60.08,2.93,Si,0.54
1644,SiO2,59.72,-35.90,A549,Yes,62.28,0.00,L,human,Epithelial,Adult,lung,24.00,MTT,TetrazoliumSalt,60.08,2.93,Si,0.54
1645,SiO2,100.33,-35.90,A549,Yes,89.83,0.00,L,human,Epithelial,Adult,lung,24.00,MTT,TetrazoliumSalt,60.08,2.93,Si,0.54
1646,SiO2,100.33,-35.90,A549,Yes,70.47,0.00,L,human,Epithelial,Adult,lung,24.00,MTT,TetrazoliumSalt,60.08,2.93,Si,0.54
1647,SiO2,100.33,-35.90,A549,Yes,71.46,0.00,L,human,Epithelial,Adult,lung,24.00,MTT,TetrazoliumSalt,60.08,2.93,Si,0.54
1648,SiO2,100.33,-35.90,A549,Yes,65.76,0.00,L,human,Epithelial,Adult,lung,24.00,MTT,TetrazoliumSalt,60.08,2.93,Si,0.54
1649,SiO2,100.33,-35.90,A549,Yes,72.71,0.00,L,human,Epithelial,Adult,lung,24.00,MTT,TetrazoliumSalt,60.08,2.93,Si,0.54
1650,SiO2,199.89,-35.90,A549,Yes,75.19,0.00,L,human,Epithelial,Adult,lung,24.00,MTT,TetrazoliumSalt,60.08,2.93,Si,0.54
1651,SiO2,199.89,-35.90,A549,Yes,63.03,0.00,L,human,Epithelial,Adult,lung,24.00,MTT,TetrazoliumSalt,60.08,2.93,Si,0.54
1652,SiO2,19.40,-35.90,A549,Yes,104.41,0.00,L,human,Epithelial,Adult,lung,24.00,CCK-8,TetrazoliumSalt,60.08,2.93,Si,0.54
1653,SiO2,59.72,-35.90,HepG2,Yes,60.92,0.00,L,human,Epithelial,Adult,liver,72.00,MTT,TetrazoliumSalt,60.08,2.93,Si,0.54
1654,SiO2,120.00,-35.90,A549,Yes,91.27,0.00,L,human,Epithelial,Adult,lung,96.00,MTT,TetrazoliumSalt,60.08,2.93,Si,0.54
1655,SiO2,199.89,-35.90,A549,Yes,62.28,0.00,L,human,Epithelial,Adult,lung,24.00,MTT,TetrazoliumSalt,60.08,2.93,Si,0.54
1656,SiO2,59.72,-35.90,A549,Yes,53.30,0.00,L,human,Epithelial,Adult,lung,72.00,MTT,TetrazoliumSalt,60.08,2.93,Si,0.54
1657,SiO2,21.06,-35.90,A549,Yes,44.65,0.00,L,human,Epithelial,Adult,lung,72.00,MTT,TetrazoliumSalt,60.08,2.93,Si,0.54
1658,SiO2,21.06,-35.90,A549,Yes,76.92,0.00,L,human,Epithelial,Adult,lung,24.00,MTT,TetrazoliumSalt,60.08,2.93,Si,0.54
1659,SiO2,19.40,-35.90,16HBE,No,102.73,0.00,P,human,Epithelial,Adult,respiratorytract,24.00,CCK-8,TetrazoliumSalt,60.08,2.93,Si,0.54
1660,SiO2,19.40,-35.90,16HBE,No,103.64,0.00,P,human,Epithelial,Adult,respiratorytract,24.00,CCK-8,TetrazoliumSalt,60.08,2.93,Si,0.54
1661,SiO2,19.40,-35.90,16HBE,No,106.22,0.00,P,human,Epithelial,Adult,respiratorytract,24.00,CCK-8,TetrazoliumSalt,60.08,2.93,Si,0.54
1662,SiO2,19.40,-35.90,16HBE,No,72.99,0.00,P,human,Epithelial,Adult,respiratorytract,24.00,CCK-8,TetrazoliumSalt,60.08,2.93,Si,0.54
1663,SiO2,50.00,-35.90,HaCat,No,36.13,0.00,L,human,Keratinocyte,Adult,skin,4.00,MTT,TetrazoliumSalt,60.08,2.93,Si,0.54
1664,SiO2,50.00,-35.90,HaCat,No,52.47,0.00,L,human,Keratinocyte,Adult,skin,4.00,MTT,TetrazoliumSalt,60.08,2.93,Si,0.54
1665,SiO2,50.00,-35.90,HaCat,No,94.64,0.00,L,human,Keratinocyte,Adult,skin,4.00,MTT,TetrazoliumSalt,60.08,2.93,Si,0.54
1666,SiO2,50.00,-35.90,HaCat,No,99.59,0.00,L,human,Keratinocyte,Adult,skin,4.00,MTT,TetrazoliumSalt,60.08,2.93,Si,0.54
1667,SiO2,59.72,-35.90,A549,Yes,96.58,0.00,L,human,Epithelial,Adult,lung,72.00,MTT,TetrazoliumSalt,60.08,2.93,Si,0.54
1668,SiO2,19.40,-35.90,A549,Yes,103.04,0.00,L,human,Epithelial,Adult,lung,24.00,CCK-8,TetrazoliumSalt,60.08,2.93,Si,0.54
1669,SiO2,19.40,-35.90,16HBE,No,20.82,0.00,P,human,Epithelial,Adult,respiratorytract,24.00,CCK-8,TetrazoliumSalt,60.08,2.93,Si,0.54
1670,SiO2,21.06,-35.90,A549,Yes,62.28,0.00,L,human,Epithelial,Adult,lung,24.00,MTT,TetrazoliumSalt,60.08,2.93,Si,0.54
1671,SiO2,59.72,-35.90,A549,Yes,100.99,0.00,L,human,Epithelial,Adult,lung,24.00,MTT,TetrazoliumSalt,60.08,2.93,Si,0.54
1672,SiO2,100.00,-35.90,HUVEC,No,102.24,0.00,P,human,Endothelial,Embryonic,umbilical vein,24.00,CCK-8,TetrazoliumSalt,60.08,2.93,Si,0.54
1673,SiO2,19.40,-35.90,A549,Yes,101.67,0.00,L,human,Epithelial,Adult,lung,24.00,CCK-8,TetrazoliumSalt,60.08,2.93,Si,0.54
1674,SiO2,21.06,-35.90,A549,Yes,50.57,0.00,L,human,Epithelial,Adult,lung,72.00,MTT,TetrazoliumSalt,60.08,2.93,Si,0.54
1675,SiO2,59.72,-35.90,HepG2,Yes,65.75,0.00,L,human,Epithelial,Adult,liver,72.00,MTT,TetrazoliumSalt,60.08,2.93,Si,0.54
1676,SiO2,199.89,-35.90,NIH3T3,No,22.68,0.00,L,mouse,Fibroblast,Embryonic,embryo,72.00,MTT,TetrazoliumSalt,60.08,2.93,Si,0.54
1677,SiO2,21.06,-35.90,HepG2,Yes,46.44,0.00,L,human,Epithelial,Adult,liver,72.00,MTT,TetrazoliumSalt,60.08,2.93,Si,0.54
1678,SiO2,10.00,-35.90,RAW 264.7,Yes,95.32,0.00,L,mouse,Monocyte/Macrophage,Adult,ascites,24.00,Live/Dead,PropidiumIodide,60.08,2.93,Si,0.54
1679,SiO2,199.89,-35.90,HepG2,Yes,63.50,0.00,L,human,Epithelial,Adult,liver,24.00,MTT,TetrazoliumSalt,60.08,2.93,Si,0.54
1680,SiO2,199.89,-35.90,HepG2,Yes,64.14,0.00,L,human,Epithelial,Adult,liver,72.00,MTT,TetrazoliumSalt,60.08,2.93,Si,0.54
1681,SiO2,100.33,-35.90,HepG2,Yes,64.48,0.00,L,human,Epithelial,Adult,liver,24.00,MTT,TetrazoliumSalt,60.08,2.93,Si,0.54
1682,SiO2,20.00,-35.90,HUVEC,No,79.29,0.00,P,human,Endothelial,Embryonic,umbilical vein,24.00,CCK-8,TetrazoliumSalt,60.08,2.93,Si,0.54
1683,SiO2,21.06,-35.90,HepG2,Yes,61.07,0.00,L,human,Epithelial,Adult,liver,24.00,MTT,TetrazoliumSalt,60.08,2.93,Si,0.54
1684,SiO2,21.06,-35.90,HepG2,Yes,59.61,0.00,L,human,Epithelial,Adult,liver,24.00,MTT,TetrazoliumSalt,60.08,2.93,Si,0.54
1685,SiO2,21.06,-35.90,HepG2,Yes,59.12,0.00,L,human,Epithelial,Adult,liver,24.00,MTT,TetrazoliumSalt,60.08,2.93,Si,0.54
1686,SiO2,21.06,-35.90,HepG2,Yes,58.15,0.00,L,human,Epithelial,Adult,liver,24.00,MTT,TetrazoliumSalt,60.08,2.93,Si,0.54
1687,SiO2,21.06,-35.90,NIH3T3,No,45.58,0.00,L,mouse,Fibroblast,Embryonic,embryo,72.00,MTT,TetrazoliumSalt,60.08,2.93,Si,0.54
1688,SiO2,199.89,-35.90,NIH3T3,No,24.88,0.00,L,mouse,Fibroblast,Embryonic,embryo,24.00,MTT,TetrazoliumSalt,60.08,2.93,Si,0.54
1689,SiO2,199.89,-35.90,NIH3T3,No,24.88,0.00,L,mouse,Fibroblast,Embryonic,embryo,24.00,MTT,TetrazoliumSalt,60.08,2.93,Si,0.54
1690,SiO2,10.00,-35.90,RAW 264.7,Yes,86.27,0.00,L,mouse,Monocyte/Macrophage,Adult,ascites,24.00,Live/Dead,PropidiumIodide,60.08,2.93,Si,0.54
1691,SiO2,199.89,-35.90,NIH3T3,No,32.68,0.00,L,mouse,Fibroblast,Embryonic,embryo,24.00,MTT,TetrazoliumSalt,60.08,2.93,Si,0.54
1692,SiO2,199.89,-35.90,NIH3T3,No,12.25,0.00,L,mouse,Fibroblast,Embryonic,embryo,72.00,MTT,TetrazoliumSalt,60.08,2.93,Si,0.54
1693,SiO2,20.00,-35.90,HUVEC,No,87.69,0.00,P,human,Endothelial,Embryonic,umbilical vein,24.00,CCK-8,TetrazoliumSalt,60.08,2.93,Si,0.54
1694,SiO2,199.89,-35.90,A549,Yes,50.11,0.00,L,human,Epithelial,Adult,lung,72.00,MTT,TetrazoliumSalt,60.08,2.93,Si,0.54
1695,SiO2,199.89,-35.90,A549,Yes,50.80,0.00,L,human,Epithelial,Adult,lung,72.00,MTT,TetrazoliumSalt,60.08,2.93,Si,0.54
1696,SiO2,199.89,-35.90,A549,Yes,45.33,0.00,L,human,Epithelial,Adult,lung,72.00,MTT,TetrazoliumSalt,60.08,2.93,Si,0.54
1697,SiO2,21.06,-35.90,NIH3T3,No,65.37,0.00,L,mouse,Fibroblast,Embryonic,embryo,24.00,MTT,TetrazoliumSalt,60.08,2.93,Si,0.54
1698,SiO2,21.06,-35.90,NIH3T3,No,50.00,0.00,L,mouse,Fibroblast,Embryonic,embryo,24.00,MTT,TetrazoliumSalt,60.08,2.93,Si,0.54
1699,SiO2,21.06,-35.90,NIH3T3,No,44.39,0.00,L,mouse,Fibroblast,Embryonic,embryo,24.00,MTT,TetrazoliumSalt,60.08,2.93,Si,0.54
1700,SiO2,21.06,-35.90,NIH3T3,No,38.05,0.00,L,mouse,Fibroblast,Embryonic,embryo,24.00,MTT,TetrazoliumSalt,60.08,2.93,Si,0.54
1701,SiO2,21.06,-35.90,NIH3T3,No,34.15,0.00,L,mouse,Fibroblast,Embryonic,embryo,24.00,MTT,TetrazoliumSalt,60.08,2.93,Si,0.54
1702,SiO2,21.06,-35.90,HepG2,Yes,68.86,0.00,L,human,Epithelial,Adult,liver,24.00,MTT,TetrazoliumSalt,60.08,2.93,Si,0.54
1703,SiO2,100.33,-35.90,HepG2,Yes,63.99,0.00,L,human,Epithelial,Adult,liver,24.00,MTT,TetrazoliumSalt,60.08,2.93,Si,0.54
1704,SiO2,20.00,-35.90,HUVEC,No,83.58,0.00,P,human,Endothelial,Embryonic,umbilical vein,24.00,CCK-8,TetrazoliumSalt,60.08,2.93,Si,0.54
1705,SiO2,59.72,-35.90,NIH3T3,No,87.53,0.00,L,mouse,Fibroblast,Embryonic,embryo,72.00,MTT,TetrazoliumSalt,60.08,2.93,Si,0.54
1706,SiO2,20.00,-35.90,HFL1,No,56.43,0.00,L,human,Fibroblast,Fetus,lung,48.00,MTT,TetrazoliumSalt,60.08,2.93,Si,0.54
1707,SiO2,10.00,-35.90,RAW 264.7,Yes,69.47,0.00,L,mouse,Monocyte/Macrophage,Adult,ascites,24.00,Live/Dead,PropidiumIodide,60.08,2.93,Si,0.54
1708,SiO2,19.40,-35.90,A549,Yes,103.04,0.00,L,human,Epithelial,Adult,lung,24.00,CCK-8,TetrazoliumSalt,60.08,2.93,Si,0.54
1709,SiO2,50.00,-35.90,HUVEC,No,94.40,0.00,P,human,Endothelial,Embryonic,umbilical vein,24.00,CCK-8,TetrazoliumSalt,60.08,2.93,Si,0.54
1710,SiO2,199.89,-35.90,HepG2,Yes,62.29,0.00,L,human,Epithelial,Adult,liver,24.00,MTT,TetrazoliumSalt,60.08,2.93,Si,0.54
1711,SiO2,20.00,-35.90,HUVEC,No,82.28,0.00,P,human,Endothelial,Embryonic,umbilical vein,24.00,CCK-8,TetrazoliumSalt,60.08,2.93,Si,0.54
1712,SiO2,199.89,-35.90,HepG2,Yes,60.58,0.00,L,human,Epithelial,Adult,liver,24.00,MTT,TetrazoliumSalt,60.08,2.93,Si,0.54
1713,SiO2,31.40,-35.90,HUVEC,No,87.08,0.00,P,human,Endothelial,Embryonic,umbilical vein,24.00,CVS,CrystalViolet,60.08,2.93,Si,0.54
1714,SiO2,199.89,-35.90,HepG2,Yes,58.15,0.00,L,human,Epithelial,Adult,liver,24.00,MTT,TetrazoliumSalt,60.08,2.93,Si,0.54
1715,SiO2,21.06,-35.90,HepG2,Yes,57.01,0.00,L,human,Epithelial,Adult,liver,72.00,MTT,TetrazoliumSalt,60.08,2.93,Si,0.54
1716,SiO2,21.06,-35.90,HepG2,Yes,55.17,0.00,L,human,Epithelial,Adult,liver,72.00,MTT,TetrazoliumSalt,60.08,2.93,Si,0.54
1717,SiO2,21.06,-35.90,HepG2,Yes,55.17,0.00,L,human,Epithelial,Adult,liver,72.00,MTT,TetrazoliumSalt,60.08,2.93,Si,0.54
1718,SiO2,21.06,-35.90,HepG2,Yes,49.43,0.00,L,human,Epithelial,Adult,liver,72.00,MTT,TetrazoliumSalt,60.08,2.93,Si,0.54
1719,SiO2,31.40,-35.90,HUVEC,No,82.50,0.00,P,human,Endothelial,Embryonic,umbilical vein,24.00,CVS,CrystalViolet,60.08,2.93,Si,0.54
1720,SiO2,199.89,-35.90,HepG2,Yes,68.86,0.00,L,human,Epithelial,Adult,liver,24.00,MTT,TetrazoliumSalt,60.08,2.93,Si,0.54
1721,SiO2,56.70,-35.90,HUVEC,No,79.79,0.00,P,human,Endothelial,Embryonic,umbilical vein,24.00,CVS,CrystalViolet,60.08,2.93,Si,0.54
1722,SiO2,56.70,-35.90,HUVEC,No,86.25,0.00,P,human,Endothelial,Embryonic,umbilical vein,24.00,CVS,CrystalViolet,60.08,2.93,Si,0.54
1723,SiO2,56.70,-35.90,HUVEC,No,90.63,0.00,P,human,Endothelial,Embryonic,umbilical vein,24.00,CVS,CrystalViolet,60.08,2.93,Si,0.54
1724,SiO2,56.70,-35.90,HUVEC,No,92.50,0.00,P,human,Endothelial,Embryonic,umbilical vein,24.00,CVS,CrystalViolet,60.08,2.93,Si,0.54
1725,SiO2,31.40,-35.90,HUVEC,No,74.17,0.00,P,human,Endothelial,Embryonic,umbilical vein,24.00,CVS,CrystalViolet,60.08,2.93,Si,0.54
1726,SiO2,10.00,-35.90,RAW 264.7,Yes,71.73,0.00,L,mouse,Monocyte/Macrophage,Adult,ascites,24.00,Live/Dead,CalceinAM,60.08,2.93,Si,0.54
1727,SiO2,20.00,-35.90,HFL1,No,50.65,0.00,L,human,Fibroblast,Fetus,lung,48.00,MTT,TetrazoliumSalt,60.08,2.93,Si,0.54
1728,SiO2,20.00,-35.90,HFL1,No,42.46,0.00,L,human,Fibroblast,Fetus,lung,48.00,MTT,TetrazoliumSalt,60.08,2.93,Si,0.54
1729,SiO2,19.10,-35.90,L-132,Yes,77.83,0.00,L,human,Epithelial,Embryonic,lung,24.00,MTT,TetrazoliumSalt,60.08,2.93,Si,0.54
1730,SiO2,19.10,-35.90,L-132,Yes,89.48,0.00,L,human,Epithelial,Embryonic,lung,24.00,MTT,TetrazoliumSalt,60.08,2.93,Si,0.54
1731,SiO2,10.00,-35.90,RAW 264.7,Yes,91.76,0.00,L,mouse,Monocyte/Macrophage,Adult,ascites,24.00,Live/Dead,CalceinAM,60.08,2.93,Si,0.54
1732,SiO2,10.00,-35.90,RAW 264.7,Yes,94.02,0.00,L,mouse,Monocyte/Macrophage,Adult,ascites,24.00,Live/Dead,CalceinAM,60.08,2.93,Si,0.54
1733,SiO2,10.00,-35.90,RAW 264.7,Yes,9.69,0.00,L,mouse,Monocyte/Macrophage,Adult,ascites,24.00,Live/Dead,PropidiumIodide,60.08,2.93,Si,0.54
1734,SiO2,56.70,-35.90,HUVEC,No,84.17,0.00,P,human,Endothelial,Embryonic,umbilical vein,24.00,CVS,CrystalViolet,60.08,2.93,Si,0.54
1735,SiO2,100.33,-35.90,NIH3T3,No,17.23,0.00,L,mouse,Fibroblast,Embryonic,embryo,72.00,MTT,TetrazoliumSalt,60.08,2.93,Si,0.54
1736,SiO2,59.72,-35.90,HepG2,Yes,67.40,0.00,L,human,Epithelial,Adult,liver,24.00,MTT,TetrazoliumSalt,60.08,2.93,Si,0.54
1737,SiO2,100.33,-35.90,NIH3T3,No,27.89,0.00,L,mouse,Fibroblast,Embryonic,embryo,72.00,MTT,TetrazoliumSalt,60.08,2.93,Si,0.54
1738,SiO2,21.80,-35.90,HUVEC,No,36.46,0.00,P,human,Endothelial,Embryonic,umbilical vein,24.00,CVS,CrystalViolet,60.08,2.93,Si,0.54
1739,SiO2,31.40,-35.90,HUVEC,No,97.29,0.00,P,human,Endothelial,Embryonic,umbilical vein,24.00,CVS,CrystalViolet,60.08,2.93,Si,0.54
1740,SiO2,31.40,-35.90,HUVEC,No,93.96,0.00,P,human,Endothelial,Embryonic,umbilical vein,24.00,CVS,CrystalViolet,60.08,2.93,Si,0.54
1741,SiO2,59.72,-35.90,HepG2,Yes,53.04,0.00,L,human,Epithelial,Adult,liver,24.00,MTT,TetrazoliumSalt,60.08,2.93,Si,0.54
1742,SiO2,100.33,-35.90,HepG2,Yes,68.61,0.00,L,human,Epithelial,Adult,liver,24.00,MTT,TetrazoliumSalt,60.08,2.93,Si,0.54
1743,SiO2,100.33,-35.90,HepG2,Yes,66.42,0.00,L,human,Epithelial,Adult,liver,24.00,MTT,TetrazoliumSalt,60.08,2.93,Si,0.54
1744,SiO2,100.33,-35.90,HepG2,Yes,65.21,0.00,L,human,Epithelial,Adult,liver,24.00,MTT,TetrazoliumSalt,60.08,2.93,Si,0.54
1745,SiO2,100.33,-35.90,HepG2,Yes,58.16,0.00,L,human,Epithelial,Adult,liver,72.00,MTT,TetrazoliumSalt,60.08,2.93,Si,0.54
1746,SiO2,100.33,-35.90,HepG2,Yes,66.44,0.00,L,human,Epithelial,Adult,liver,72.00,MTT,TetrazoliumSalt,60.08,2.93,Si,0.54
1747,SiO2,59.72,-35.90,HepG2,Yes,42.30,0.00,L,human,Epithelial,Adult,liver,72.00,MTT,TetrazoliumSalt,60.08,2.93,Si,0.54
1748,SiO2,59.72,-35.90,HepG2,Yes,54.71,0.00,L,human,Epithelial,Adult,liver,72.00,MTT,TetrazoliumSalt,60.08,2.93,Si,0.54
1749,SiO2,59.72,-35.90,NIH3T3,No,5.12,0.00,L,mouse,Fibroblast,Embryonic,embryo,24.00,MTT,TetrazoliumSalt,60.08,2.93,Si,0.54
1750,SiO2,21.80,-35.90,HUVEC,No,45.42,0.00,P,human,Endothelial,Embryonic,umbilical vein,24.00,CVS,CrystalViolet,60.08,2.93,Si,0.54
1751,SiO2,100.33,-35.90,NIH3T3,No,53.90,0.00,L,mouse,Fibroblast,Embryonic,embryo,24.00,MTT,TetrazoliumSalt,60.08,2.93,Si,0.54
1752,SiO2,100.33,-35.90,NIH3T3,No,34.88,0.00,L,mouse,Fibroblast,Embryonic,embryo,24.00,MTT,TetrazoliumSalt,60.08,2.93,Si,0.54
1753,SiO2,100.33,-35.90,NIH3T3,No,30.24,0.00,L,mouse,Fibroblast,Embryonic,embryo,24.00,MTT,TetrazoliumSalt,60.08,2.93,Si,0.54
1754,SiO2,100.33,-35.90,NIH3T3,No,29.02,0.00,L,mouse,Fibroblast,Embryonic,embryo,24.00,MTT,TetrazoliumSalt,60.08,2.93,Si,0.54
1755,SiO2,199.89,-35.90,NIH3T3,No,50.00,0.00,L,mouse,Fibroblast,Embryonic,embryo,24.00,MTT,TetrazoliumSalt,60.08,2.93,Si,0.54
1756,SiO2,199.89,-35.90,NIH3T3,No,40.73,0.00,L,mouse,Fibroblast,Embryonic,embryo,24.00,MTT,TetrazoliumSalt,60.08,2.93,Si,0.54
1757,SiO2,59.72,-35.90,HepG2,Yes,99.76,0.00,L,human,Epithelial,Adult,liver,24.00,MTT,TetrazoliumSalt,60.08,2.93,Si,0.54
1758,SiO2,59.72,-35.90,HepG2,Yes,66.42,0.00,L,human,Epithelial,Adult,liver,24.00,MTT,TetrazoliumSalt,60.08,2.93,Si,0.54
1759,SiO2,50.00,-35.90,HUVEC,No,96.83,0.00,P,human,Endothelial,Embryonic,umbilical vein,24.00,CCK-8,TetrazoliumSalt,60.08,2.93,Si,0.54
1760,SiO2,100.33,-35.90,HepG2,Yes,56.32,0.00,L,human,Epithelial,Adult,liver,72.00,MTT,TetrazoliumSalt,60.08,2.93,Si,0.54
1761,SiO2,21.80,-35.90,HUVEC,No,63.96,0.00,P,human,Endothelial,Embryonic,umbilical vein,24.00,CVS,CrystalViolet,60.08,2.93,Si,0.54
1762,SiO2,21.80,-35.90,HUVEC,No,80.21,0.00,P,human,Endothelial,Embryonic,umbilical vein,24.00,CVS,CrystalViolet,60.08,2.93,Si,0.54
1763,SiO2,21.80,-35.90,HUVEC,No,92.50,0.00,P,human,Endothelial,Embryonic,umbilical vein,24.00,CVS,CrystalViolet,60.08,2.93,Si,0.54
1764,SiO2,100.33,-35.90,NIH3T3,No,44.88,0.00,L,mouse,Fibroblast,Embryonic,embryo,24.00,MTT,TetrazoliumSalt,60.08,2.93,Si,0.54
1765,SiO2,18.30,-35.90,SIRC,No,97.29,0.00,L,rabbit,Fibroblast,Adult,cornea,24.00,MTT,TetrazoliumSalt,60.08,2.93,Si,0.54
1766,SiO2,59.72,-35.90,NIH3T3,No,42.68,0.00,L,mouse,Fibroblast,Embryonic,embryo,24.00,MTT,TetrazoliumSalt,60.08,2.93,Si,0.54
1767,SiO2,18.30,-35.90,SIRC,No,95.60,0.00,L,rabbit,Fibroblast,Adult,cornea,24.00,MTT,TetrazoliumSalt,60.08,2.93,Si,0.54
1768,SiO2,100.33,-35.90,NIH3T3,No,34.47,0.00,L,mouse,Fibroblast,Embryonic,embryo,72.00,MTT,TetrazoliumSalt,60.08,2.93,Si,0.54
1769,SiO2,100.33,-35.90,NIH3T3,No,42.63,0.00,L,mouse,Fibroblast,Embryonic,embryo,72.00,MTT,TetrazoliumSalt,60.08,2.93,Si,0.54
1770,SiO2,59.72,-35.90,NIH3T3,No,1.13,0.00,L,mouse,Fibroblast,Embryonic,embryo,72.00,MTT,TetrazoliumSalt,60.08,2.93,Si,0.54
1771,SiO2,59.72,-35.90,NIH3T3,No,23.36,0.00,L,mouse,Fibroblast,Embryonic,embryo,72.00,MTT,TetrazoliumSalt,60.08,2.93,Si,0.54
1772,SiO2,59.72,-35.90,NIH3T3,No,30.84,0.00,L,mouse,Fibroblast,Embryonic,embryo,72.00,MTT,TetrazoliumSalt,60.08,2.93,Si,0.54
1773,SiO2,59.72,-35.90,NIH3T3,No,32.20,0.00,L,mouse,Fibroblast,Embryonic,embryo,72.00,MTT,TetrazoliumSalt,60.08,2.93,Si,0.54
1774,SiO2,21.06,-35.90,NIH3T3,No,17.01,0.00,L,mouse,Fibroblast,Embryonic,embryo,72.00,MTT,TetrazoliumSalt,60.08,2.93,Si,0.54
1775,SiO2,199.89,-35.90,NIH3T3,No,24.94,0.00,L,mouse,Fibroblast,Embryonic,embryo,72.00,MTT,TetrazoliumSalt,60.08,2.93,Si,0.54
1776,SiO2,21.06,-35.90,NIH3T3,No,27.89,0.00,L,mouse,Fibroblast,Embryonic,embryo,72.00,MTT,TetrazoliumSalt,60.08,2.93,Si,0.54
1777,SiO2,21.06,-35.90,NIH3T3,No,34.92,0.00,L,mouse,Fibroblast,Embryonic,embryo,72.00,MTT,TetrazoliumSalt,60.08,2.93,Si,0.54
1778,SiO2,21.06,-35.90,NIH3T3,No,38.10,0.00,L,mouse,Fibroblast,Embryonic,embryo,72.00,MTT,TetrazoliumSalt,60.08,2.93,Si,0.54
1779,SiO2,100.33,-35.90,NIH3T3,No,31.97,0.00,L,mouse,Fibroblast,Embryonic,embryo,72.00,MTT,TetrazoliumSalt,60.08,2.93,Si,0.54
1780,SiO2,199.89,-35.90,NIH3T3,No,42.18,0.00,L,mouse,Fibroblast,Embryonic,embryo,72.00,MTT,TetrazoliumSalt,60.08,2.93,Si,0.54
1781,SiO2,199.89,-35.90,NIH3T3,No,29.25,0.00,L,mouse,Fibroblast,Embryonic,embryo,72.00,MTT,TetrazoliumSalt,60.08,2.93,Si,0.54
1782,SiO2,59.72,-35.90,NIH3T3,No,108.05,0.00,L,mouse,Fibroblast,Embryonic,embryo,24.00,MTT,TetrazoliumSalt,60.08,2.93,Si,0.54
1783,SiO2,59.72,-35.90,NIH3T3,No,54.15,0.00,L,mouse,Fibroblast,Embryonic,embryo,24.00,MTT,TetrazoliumSalt,60.08,2.93,Si,0.54
1784,SiO2,59.72,-35.90,NIH3T3,No,49.51,0.00,L,mouse,Fibroblast,Embryonic,embryo,24.00,MTT,TetrazoliumSalt,60.08,2.93,Si,0.54
1785,SiO2,18.30,-35.90,SIRC,No,94.25,0.00,L,rabbit,Fibroblast,Adult,cornea,24.00,MTT,TetrazoliumSalt,60.08,2.93,Si,0.54
1786,SiO2,100.33,-35.90,HepG2,Yes,56.32,0.00,L,human,Epithelial,Adult,liver,72.00,MTT,TetrazoliumSalt,60.08,2.93,Si,0.54
1787,SiO2,59.72,-35.90,HepG2,Yes,62.77,0.00,L,human,Epithelial,Adult,liver,24.00,MTT,TetrazoliumSalt,60.08,2.93,Si,0.54
1788,SiO2,100.33,-35.90,HepG2,Yes,55.86,0.00,L,human,Epithelial,Adult,liver,72.00,MTT,TetrazoliumSalt,60.08,2.93,Si,0.54
1789,SiO2,12.00,-35.90,RAW 264.7,Yes,24.89,0.00,L,mouse,Monocyte/Macrophage,Adult,ascites,24.00,CCK-8,TetrazoliumSalt,60.08,2.93,Si,0.54
1790,SiO2,199.89,-35.90,HepG2,Yes,55.17,0.00,L,human,Epithelial,Adult,liver,72.00,MTT,TetrazoliumSalt,60.08,2.93,Si,0.54
1791,SiO2,199.89,-35.90,HepG2,Yes,54.02,0.00,L,human,Epithelial,Adult,liver,72.00,MTT,TetrazoliumSalt,60.08,2.93,Si,0.54
1792,SiO2,199.89,-35.90,HepG2,Yes,51.26,0.00,L,human,Epithelial,Adult,liver,72.00,MTT,TetrazoliumSalt,60.08,2.93,Si,0.54
1793,SiO2,199.89,-35.90,HepG2,Yes,51.03,0.00,L,human,Epithelial,Adult,liver,72.00,MTT,TetrazoliumSalt,60.08,2.93,Si,0.54
1794,SiO2,18.30,-35.90,SIRC,No,96.28,0.00,L,rabbit,Fibroblast,Adult,cornea,24.00,MTT,TetrazoliumSalt,60.08,2.93,Si,0.54
1795,SiO2,59.72,-35.90,HepG2,Yes,95.17,0.00,L,human,Epithelial,Adult,liver,72.00,MTT,TetrazoliumSalt,60.08,2.93,Si,0.54
1796,SiO2,50.00,-35.90,HUVEC,No,89.55,0.00,P,human,Endothelial,Embryonic,umbilical vein,24.00,CCK-8,TetrazoliumSalt,60.08,2.93,Si,0.54
1797,SiO2,21.06,-35.90,A549,Yes,61.29,0.00,L,human,Epithelial,Adult,lung,24.00,MTT,TetrazoliumSalt,60.08,2.93,Si,0.54
1798,SiO2,120.00,-35.90,A549,Yes,86.11,0.00,L,human,Epithelial,Adult,lung,96.00,MTT,TetrazoliumSalt,60.08,2.93,Si,0.54
1799,SiO2,60.00,32.00,HUVEC,No,105.37,0.00,P,human,Endothelial,Embryonic,umbilical cord,48.00,AlamarBlue,AlamarBlue,60.08,2.93,Si,0.54
1800,SiO2,60.00,32.00,HUVEC,No,103.87,0.00,P,human,Endothelial,Embryonic,umbilical cord,96.00,AlamarBlue,AlamarBlue,60.08,2.93,Si,0.54
1801,SiO2,60.00,32.00,HUVEC,No,108.29,0.00,P,human,Endothelial,Embryonic,umbilical cord,48.00,AlamarBlue,AlamarBlue,60.08,2.93,Si,0.54
1802,SiO2,14.00,-35.90,RAW 264.7,Yes,20.22,0.00,L,mouse,Monocyte/Macrophage,Adult,blood,24.00,LDH,ldh activity assay kit,60.08,2.93,Si,0.54
1803,SiO2,14.00,-35.90,RAW 264.7,Yes,22.88,0.00,L,mouse,Monocyte/Macrophage,Adult,blood,24.00,LDH,ldh activity assay kit,60.08,2.93,Si,0.54
1804,SiO2,14.00,-35.90,RAW 264.7,Yes,33.12,0.00,L,mouse,Monocyte/Macrophage,Adult,blood,24.00,LDH,ldh activity assay kit,60.08,2.93,Si,0.54
1805,SiO2,369.00,79.00,primary alveolar epithelial cells,No,87.09,0.00,P,human,Epithelial,Adult,lung,24.00,Vialight,luciferase,60.08,2.93,Si,0.54
1806,SiO2,369.00,79.00,RAW 264.7,Yes,77.91,0.00,L,mouse,Monocyte/Macrophage,Adult,blood,24.00,Vialight,luciferase,60.08,2.93,Si,0.54
1807,SiO2,369.00,79.00,RAW 264.7,Yes,59.48,0.00,L,mouse,Monocyte/Macrophage,Adult,blood,24.00,Vialight,luciferase,60.08,2.93,Si,0.54
1808,SiO2,96.00,-11.00,Caco-2,Yes,96.59,Digestive enzymes,L,human,Epithelial,Adult,colon,24.00,MTT,TetrazoliumSalt,60.08,2.93,Si,0.54
1809,SiO2,369.00,79.00,A549,Yes,96.97,0.00,L,human,Epithelial,Adult,lung,24.00,Vialight,luciferase,60.08,2.93,Si,0.54
1810,SiO2,369.00,79.00,A549,Yes,123.64,0.00,L,human,Epithelial,Adult,lung,24.00,Vialight,luciferase,60.08,2.93,Si,0.54
1811,SiO2,375.40,-26.80,PC12,Yes,71.74,Phosphonate,L,rat,Irregular,Adult,adrenal gland,12.00,MTT,TetrazoliumSalt,60.08,2.93,Si,0.54
1812,SiO2,29.50,-35.90,Caco-2,Yes,103.35,0.00,L,human,Epithelial,Adult,colon,4.00,Vialight,luciferase,60.08,2.93,Si,0.54
1813,SiO2,29.50,-35.90,Caco-2,Yes,104.00,0.00,L,human,Epithelial,Adult,colon,4.00,Vialight,luciferase,60.08,2.93,Si,0.54
1814,SiO2,29.50,-35.90,Caco-2,Yes,100.54,0.00,L,human,Epithelial,Adult,colon,4.00,Vialight,luciferase,60.08,2.93,Si,0.54
1815,SiO2,14.00,-35.90,RAW 264.7,Yes,40.70,0.00,L,mouse,Monocyte/Macrophage,Adult,blood,24.00,LDH,ldh activity assay kit,60.08,2.93,Si,0.54
1816,SiO2,14.00,-35.90,RAW 264.7,Yes,41.85,0.00,L,mouse,Monocyte/Macrophage,Adult,blood,24.00,LDH,ldh activity assay kit,60.08,2.93,Si,0.54
1817,SiO2,96.00,-11.00,Caco-2,Yes,100.00,0.00,L,human,Epithelial,Adult,colon,24.00,Live/Dead,sytox red,60.08,2.93,Si,0.54
1818,SiO2,96.00,-11.00,Caco-2,Yes,100.00,0.00,L,human,Epithelial,Adult,colon,24.00,Live/Dead,annexin v,60.08,2.93,Si,0.54
1819,SiO2,15.00,-35.90,A549,Yes,58.05,0.00,L,human,Epithelial,Adult,lung,72.00,MTT,TetrazoliumSalt,60.08,2.93,Si,0.54
1820,SiO2,15.00,-35.90,A549,Yes,74.02,0.00,L,human,Epithelial,Adult,lung,72.00,MTT,TetrazoliumSalt,60.08,2.93,Si,0.54
1821,SiO2,15.00,-35.90,A549,Yes,87.07,0.00,L,human,Epithelial,Adult,lung,72.00,MTT,TetrazoliumSalt,60.08,2.93,Si,0.54
1822,SiO2,15.00,-35.90,A431,Yes,48.92,0.00,L,human,Epithelial,Adult,skin,72.00,MTT,TetrazoliumSalt,60.08,2.93,Si,0.54
1823,SiO2,15.00,-35.90,A431,Yes,76.93,0.00,L,human,Epithelial,Adult,skin,72.00,MTT,TetrazoliumSalt,60.08,2.93,Si,0.54
1824,SiO2,15.00,-35.90,A431,Yes,88.97,0.00,L,human,Epithelial,Adult,skin,72.00,MTT,TetrazoliumSalt,60.08,2.93,Si,0.54
1825,SiO2,29.50,-35.90,Caco-2,Yes,103.35,0.00,L,human,Epithelial,Adult,colon,4.00,Vialight,luciferase,60.08,2.93,Si,0.54
1826,SiO2,15.00,-35.90,A431,Yes,59.95,0.00,L,human,Epithelial,Adult,skin,72.00,MTT,TetrazoliumSalt,60.08,2.93,Si,0.54
1827,SiO2,375.40,-26.80,PC12,Yes,102.46,Phosphonate,L,rat,Irregular,Adult,adrenal gland,24.00,MTT,TetrazoliumSalt,60.08,2.93,Si,0.54
1828,SiO2,96.00,-11.00,Caco-2,Yes,105.37,0.00,L,human,Epithelial,Adult,colon,24.00,LDH,ldh activity assay kit,60.08,2.93,Si,0.54
1829,SiO2,375.40,-26.80,PC12,Yes,94.04,Phosphonate,L,rat,Irregular,Adult,adrenal gland,24.00,MTT,TetrazoliumSalt,60.08,2.93,Si,0.54
1830,SiO2,14.00,-35.90,RAW 264.7,Yes,107.18,0.00,L,mouse,Monocyte/Macrophage,Adult,blood,24.00,WST-1,TetrazoliumSalt,60.08,2.93,Si,0.54
1831,SiO2,14.00,-35.90,RAW 264.7,Yes,127.96,0.00,L,mouse,Monocyte/Macrophage,Adult,blood,24.00,WST-1,TetrazoliumSalt,60.08,2.93,Si,0.54
1832,SiO2,369.00,79.00,primary tissue Macrophage,No,121.78,0.00,P,human,Macrophage,Adult,lung,24.00,Vialight,luciferase,60.08,2.93,Si,0.54
1833,SiO2,369.00,79.00,primary tissue Macrophage,No,3.56,0.00,P,human,Macrophage,Adult,lung,24.00,Vialight,luciferase,60.08,2.93,Si,0.54
1834,SiO2,240.00,58.00,A549,Yes,112.32,0.00,L,human,Epithelial,Adult,lung,24.00,Vialight,luciferase,60.08,2.93,Si,0.54
1835,SiO2,240.00,58.00,A549,Yes,113.94,0.00,L,human,Epithelial,Adult,lung,24.00,Vialight,luciferase,60.08,2.93,Si,0.54
1836,SiO2,240.00,58.00,RAW 264.7,Yes,76.23,0.00,L,mouse,Monocyte/Macrophage,Adult,blood,24.00,Vialight,luciferase,60.08,2.93,Si,0.54
1837,SiO2,240.00,58.00,primary alveolar epithelial cells,No,87.09,0.00,P,human,Epithelial,Adult,lung,24.00,Vialight,luciferase,60.08,2.93,Si,0.54
1838,SiO2,240.00,58.00,primary alveolar Macrophage,No,104.89,0.00,P,human,Macrophage,Adult,lung,24.00,Vialight,luciferase,60.08,2.93,Si,0.54
1839,SiO2,240.00,58.00,primary alveolar Macrophage,No,87.11,0.00,P,human,Macrophage,Adult,lung,24.00,Vialight,luciferase,60.08,2.93,Si,0.54
1840,SiO2,240.00,58.00,primary tissue Macrophage,No,142.22,0.00,P,human,Macrophage,Adult,lung,24.00,Vialight,luciferase,60.08,2.93,Si,0.54
1841,SiO2,369.00,79.00,RAW 264.7,Yes,32.67,0.00,L,mouse,Monocyte/Macrophage,Adult,blood,24.00,Vialight,luciferase,60.08,2.93,Si,0.54
1842,SiO2,60.00,32.00,HUVEC,No,110.24,0.00,P,human,Endothelial,Embryonic,umbilical cord,48.00,AlamarBlue,AlamarBlue,60.08,2.93,Si,0.54
1843,SiO2,598.20,87.00,A549,Yes,104.24,0.00,L,human,Epithelial,Adult,lung,24.00,Vialight,luciferase,60.08,2.93,Si,0.54
1844,SiO2,598.20,87.00,RAW 264.7,Yes,62.83,0.00,L,mouse,Monocyte/Macrophage,Adult,blood,24.00,Vialight,luciferase,60.08,2.93,Si,0.54
1845,SiO2,598.20,87.00,RAW 264.7,Yes,44.40,0.00,L,mouse,Monocyte/Macrophage,Adult,blood,24.00,Vialight,luciferase,60.08,2.93,Si,0.54
1846,SiO2,598.20,87.00,primary alveolar epithelial cells,No,82.03,0.00,P,human,Epithelial,Adult,lung,24.00,Vialight,luciferase,60.08,2.93,Si,0.54
1847,SiO2,598.20,87.00,primary alveolar Macrophage,No,87.70,0.00,P,human,Macrophage,Adult,lung,24.00,Vialight,luciferase,60.08,2.93,Si,0.54
1848,SiO2,598.20,87.00,primary alveolar Macrophage,No,69.93,0.00,P,human,Macrophage,Adult,lung,24.00,Vialight,luciferase,60.08,2.93,Si,0.54
1849,SiO2,598.20,87.00,primary tissue Macrophage,No,115.56,0.00,P,human,Macrophage,Adult,lung,24.00,Vialight,luciferase,60.08,2.93,Si,0.54
1850,SiO2,598.20,87.00,primary tissue Macrophage,No,68.15,0.00,P,human,Macrophage,Adult,lung,24.00,Vialight,luciferase,60.08,2.93,Si,0.54
1851,SiO2,14.00,-35.90,RAW 264.7,Yes,111.00,0.00,L,mouse,Monocyte/Macrophage,Adult,blood,24.00,WST-1,TetrazoliumSalt,60.08,2.93,Si,0.54
1852,SiO2,598.20,87.00,A549,Yes,121.21,0.00,L,human,Epithelial,Adult,lung,24.00,Vialight,luciferase,60.08,2.93,Si,0.54
1853,SiO2,14.00,-35.90,RAW 264.7,Yes,75.09,0.00,L,mouse,Monocyte/Macrophage,Adult,blood,24.00,WST-1,TetrazoliumSalt,60.08,2.93,Si,0.54
1854,SiO2,14.00,-35.90,RAW 264.7,Yes,64.69,0.00,L,mouse,Monocyte/Macrophage,Adult,blood,24.00,WST-1,TetrazoliumSalt,60.08,2.93,Si,0.54
1855,SiO2,240.00,58.00,primary tissue Macrophage,No,108.44,0.00,P,human,Macrophage,Adult,lung,24.00,Vialight,luciferase,60.08,2.93,Si,0.54
1856,SiO2,14.23,-35.90,HepG2,Yes,91.18,0.00,L,human,Epithelial,Adult,liver,72.00,MTT,TetrazoliumSalt,60.08,2.93,Si,0.54
1857,SiO2,14.23,-35.90,HepG2,Yes,92.46,0.00,L,human,Epithelial,Adult,liver,72.00,NRU,NeutralRed,60.08,2.93,Si,0.54
1858,SiO2,14.23,-35.90,HepG2,Yes,95.61,0.00,L,human,Epithelial,Adult,liver,72.00,NRU,NeutralRed,60.08,2.93,Si,0.54
1859,SiO2,19.10,-35.90,THP-1,Yes,92.57,0.00,L,human,Monocyte,Adult,blood,24.00,MTT,TetrazoliumSalt,60.08,2.93,Si,0.54
1860,SiO2,14.23,-35.90,HepG2,Yes,58.85,0.00,L,human,Epithelial,Adult,liver,72.00,NRU,NeutralRed,60.08,2.93,Si,0.54
1861,SiO2,100.00,-35.90,HaCat,No,9.51,0.00,L,human,Keratinocyte,Adult,skin,24.00,CCK-8,TetrazoliumSalt,60.08,2.93,Si,0.54
1862,SiO2,100.00,-35.90,HaCat,No,94.15,0.00,L,human,Keratinocyte,Adult,skin,24.00,CCK-8,TetrazoliumSalt,60.08,2.93,Si,0.54
1863,SiO2,100.00,-35.90,HaCat,No,20.84,0.00,L,human,Keratinocyte,Adult,skin,24.00,CCK-8,TetrazoliumSalt,60.08,2.93,Si,0.54
1864,SiO2,30.00,-35.90,HaCat,No,16.45,0.00,L,human,Keratinocyte,Adult,skin,24.00,CCK-8,TetrazoliumSalt,60.08,2.93,Si,0.54
1865,SiO2,100.00,-35.90,HaCat,No,17.19,0.00,L,human,Keratinocyte,Adult,skin,24.00,CCK-8,TetrazoliumSalt,60.08,2.93,Si,0.54
1866,SiO2,15.00,-35.90,HaCat,No,7.68,0.00,L,human,Keratinocyte,Adult,skin,24.00,CCK-8,TetrazoliumSalt,60.08,2.93,Si,0.54
1867,SiO2,30.00,-35.90,HaCat,No,10.97,0.00,L,human,Keratinocyte,Adult,skin,24.00,CCK-8,TetrazoliumSalt,60.08,2.93,Si,0.54
1868,SiO2,100.00,-35.90,HaCat,No,11.34,0.00,L,human,Keratinocyte,Adult,skin,24.00,CCK-8,TetrazoliumSalt,60.08,2.93,Si,0.54
1869,SiO2,15.00,-35.90,HaCat,No,7.50,0.00,L,human,Keratinocyte,Adult,skin,24.00,CCK-8,TetrazoliumSalt,60.08,2.93,Si,0.54
1870,SiO2,30.00,-35.90,HaCat,No,7.68,0.00,L,human,Keratinocyte,Adult,skin,24.00,CCK-8,TetrazoliumSalt,60.08,2.93,Si,0.54
1871,SiO2,19.10,-35.90,L-132,Yes,35.28,0.00,L,human,Epithelial,Embryonic,lung,24.00,MTT,TetrazoliumSalt,60.08,2.93,Si,0.54
1872,SiO2,15.00,-35.90,HaCat,No,7.86,0.00,L,human,Keratinocyte,Adult,skin,24.00,CCK-8,TetrazoliumSalt,60.08,2.93,Si,0.54
1873,SiO2,15.00,-35.90,HaCat,No,85.19,0.00,L,human,Keratinocyte,Adult,skin,24.00,CCK-8,TetrazoliumSalt,60.08,2.93,Si,0.54
1874,SiO2,100.00,-35.90,HaCat,No,98.36,0.00,L,human,Keratinocyte,Adult,skin,24.00,CCK-8,TetrazoliumSalt,60.08,2.93,Si,0.54
1875,SiO2,30.00,-35.90,HaCat,No,19.93,0.00,L,human,Keratinocyte,Adult,skin,24.00,CCK-8,TetrazoliumSalt,60.08,2.93,Si,0.54
1876,SiO2,15.00,-35.90,HaCat,No,10.24,0.00,L,human,Keratinocyte,Adult,skin,24.00,CCK-8,TetrazoliumSalt,60.08,2.93,Si,0.54
1877,SiO2,100.00,-35.90,HaCat,No,28.70,0.00,L,human,Keratinocyte,Adult,skin,24.00,CCK-8,TetrazoliumSalt,60.08,2.93,Si,0.54
1878,SiO2,30.00,-35.90,HaCat,No,22.12,0.00,L,human,Keratinocyte,Adult,skin,24.00,CCK-8,TetrazoliumSalt,60.08,2.93,Si,0.54
1879,SiO2,19.10,-35.90,L-132,Yes,31.88,0.00,L,human,Epithelial,Embryonic,lung,24.00,MTT,TetrazoliumSalt,60.08,2.93,Si,0.54
1880,SiO2,18.30,-35.90,SIRC,No,93.57,0.00,L,rabbit,Fibroblast,Adult,cornea,24.00,MTT,TetrazoliumSalt,60.08,2.93,Si,0.54
1881,SiO2,30.00,-35.90,HaCat,No,74.77,0.00,L,human,Keratinocyte,Adult,skin,24.00,CCK-8,TetrazoliumSalt,60.08,2.93,Si,0.54
1882,SiO2,15.00,-35.90,HaCat,No,30.71,0.00,L,human,Keratinocyte,Adult,skin,24.00,CCK-8,TetrazoliumSalt,60.08,2.93,Si,0.54
1883,SiO2,100.00,-35.90,HaCat,No,93.97,0.00,L,human,Keratinocyte,Adult,skin,24.00,CCK-8,TetrazoliumSalt,60.08,2.93,Si,0.54
1884,SiO2,59.72,-35.90,A549,Yes,15.72,0.00,L,human,Epithelial,Adult,lung,72.00,MTT,TetrazoliumSalt,60.08,2.93,Si,0.54
1885,SiO2,30.00,-35.90,HaCat,No,91.59,0.00,L,human,Keratinocyte,Adult,skin,24.00,CCK-8,TetrazoliumSalt,60.08,2.93,Si,0.54
1886,SiO2,10.00,-35.90,RAW 264.7,Yes,44.27,0.00,L,mouse,Monocyte/Macrophage,Adult,ascites,24.00,Live/Dead,CalceinAM,60.08,2.93,Si,0.54
1887,SiO2,19.10,-35.90,L-132,Yes,47.09,0.00,L,human,Epithelial,Embryonic,lung,24.00,MTT,TetrazoliumSalt,60.08,2.93,Si,0.54
1888,SiO2,20.00,-35.90,HFL1,No,64.80,0.00,L,human,Fibroblast,Fetus,lung,48.00,MTT,TetrazoliumSalt,60.08,2.93,Si,0.54
1889,SiO2,14.23,-35.90,HepG2,Yes,96.71,0.00,L,human,Epithelial,Adult,liver,72.00,NRU,NeutralRed,60.08,2.93,Si,0.54
1890,SiO2,14.23,-35.90,HepG2,Yes,55.26,0.00,L,human,Epithelial,Adult,liver,72.00,MTT,TetrazoliumSalt,60.08,2.93,Si,0.54
1891,SiO2,14.23,-35.90,HepG2,Yes,63.82,0.00,L,human,Epithelial,Adult,liver,72.00,MTT,TetrazoliumSalt,60.08,2.93,Si,0.54
1892,SiO2,14.23,-35.90,HepG2,Yes,71.32,0.00,L,human,Epithelial,Adult,liver,72.00,MTT,TetrazoliumSalt,60.08,2.93,Si,0.54
1893,SiO2,14.23,-35.90,HepG2,Yes,79.34,0.00,L,human,Epithelial,Adult,liver,72.00,MTT,TetrazoliumSalt,60.08,2.93,Si,0.54
1894,SiO2,15.00,-35.90,HaCat,No,89.58,0.00,L,human,Keratinocyte,Adult,skin,24.00,CCK-8,TetrazoliumSalt,60.08,2.93,Si,0.54
1895,SiO2,30.00,-35.90,HaCat,No,94.70,0.00,L,human,Keratinocyte,Adult,skin,24.00,CCK-8,TetrazoliumSalt,60.08,2.93,Si,0.54
1896,SiO2,14.23,-35.90,HepG2,Yes,95.00,0.00,L,human,Epithelial,Adult,liver,72.00,MTT,TetrazoliumSalt,60.08,2.93,Si,0.54
1897,SiO2,14.23,-35.90,HepG2,Yes,96.84,0.00,L,human,Epithelial,Adult,liver,72.00,MTT,TetrazoliumSalt,60.08,2.93,Si,0.54
1898,SiO2,15.00,-35.90,A549,Yes,44.99,0.00,L,human,Epithelial,Adult,lung,72.00,MTT,TetrazoliumSalt,60.08,2.93,Si,0.54
1899,SiO2,14.23,-35.90,HepG2,Yes,78.33,0.00,L,human,Epithelial,Adult,liver,72.00,NRU,NeutralRed,60.08,2.93,Si,0.54
1900,SiO2,14.23,-35.90,HepG2,Yes,71.61,0.00,L,human,Epithelial,Adult,liver,72.00,NRU,NeutralRed,60.08,2.93,Si,0.54
1901,SiO2,14.23,-35.90,HepG2,Yes,65.02,0.00,L,human,Epithelial,Adult,liver,72.00,NRU,NeutralRed,60.08,2.93,Si,0.54
1902,SiO2,19.10,-35.90,THP-1,Yes,71.33,0.00,L,human,Monocyte,Adult,blood,24.00,MTT,TetrazoliumSalt,60.08,2.93,Si,0.54
1903,SiO2,19.10,-35.90,THP-1,Yes,47.32,0.00,L,human,Monocyte,Adult,blood,24.00,MTT,TetrazoliumSalt,60.08,2.93,Si,0.54
1904,SiO2,19.10,-35.90,THP-1,Yes,30.23,0.00,L,human,Monocyte,Adult,blood,24.00,MTT,TetrazoliumSalt,60.08,2.93,Si,0.54
1905,SiO2,19.10,-35.90,THP-1,Yes,23.14,0.00,L,human,Monocyte,Adult,blood,24.00,MTT,TetrazoliumSalt,60.08,2.93,Si,0.54
1906,SiO2,19.10,-35.90,THP-1,Yes,12.78,0.00,L,human,Monocyte,Adult,blood,24.00,MTT,TetrazoliumSalt,60.08,2.93,Si,0.54
1907,SiO2,10.00,-35.90,RAW 264.7,Yes,25.53,0.00,L,mouse,Monocyte/Macrophage,Adult,ascites,24.00,XTT,TetrazoliumSalt,60.08,2.93,Si,0.54
1908,SiO2,10.00,-35.90,RAW 264.7,Yes,82.71,0.00,L,mouse,Monocyte/Macrophage,Adult,ascites,24.00,XTT,TetrazoliumSalt,60.08,2.93,Si,0.54
1909,SiO2,10.00,-35.90,RAW 264.7,Yes,114.38,0.00,L,mouse,Monocyte/Macrophage,Adult,ascites,24.00,XTT,TetrazoliumSalt,60.08,2.93,Si,0.54
1910,SiO2,10.00,-35.90,RAW 264.7,Yes,123.42,0.00,L,mouse,Monocyte/Macrophage,Adult,ascites,24.00,XTT,TetrazoliumSalt,60.08,2.93,Si,0.54
1911,SiO2,10.00,-35.90,RAW 264.7,Yes,22.62,0.00,L,mouse,Monocyte/Macrophage,Adult,ascites,24.00,CellTiterBlue,AlamarBlue,60.08,2.93,Si,0.54
1912,SiO2,10.00,-35.90,RAW 264.7,Yes,70.11,0.00,L,mouse,Monocyte/Macrophage,Adult,ascites,24.00,CellTiterBlue,AlamarBlue,60.08,2.93,Si,0.54
1913,SiO2,10.00,-35.90,RAW 264.7,Yes,100.81,0.00,L,mouse,Monocyte/Macrophage,Adult,ascites,24.00,CellTiterBlue,AlamarBlue,60.08,2.93,Si,0.54
1914,SiO2,10.00,-35.90,RAW 264.7,Yes,107.59,0.00,L,mouse,Monocyte/Macrophage,Adult,ascites,24.00,CellTiterBlue,AlamarBlue,60.08,2.93,Si,0.54
1915,SiO2,20.00,-35.90,HFL1,No,76.72,0.00,L,human,Fibroblast,Fetus,lung,48.00,MTT,TetrazoliumSalt,60.08,2.93,Si,0.54
1916,SiO2,96.00,-11.00,Caco-2,Yes,100.50,Digestive enzymes,L,human,Epithelial,Adult,colon,24.00,Live/Dead,sytox red,60.08,2.93,Si,0.54
1917,SiO2,375.40,-26.80,PC12,Yes,118.60,Phosphonate,L,rat,Irregular,Adult,adrenal gland,24.00,MTT,TetrazoliumSalt,60.08,2.93,Si,0.54
1918,SiO2,15.00,-35.90,HaCat,No,20.84,0.00,L,human,Keratinocyte,Adult,skin,24.00,CCK-8,TetrazoliumSalt,60.08,2.93,Si,0.54
1919,SiO2,437.00,21.70,PC12,Yes,76.96,NH2,L,rat,Irregular,Adult,adrenal gland,12.00,MTT,TetrazoliumSalt,60.08,2.93,Si,0.54
1920,SiO2,13.00,-27.00,RAW 264.7,Yes,24.79,0.00,L,mouse,Monocyte/Macrophage,Adult,blood,24.00,XTT,TetrazoliumSalt,60.08,2.93,Si,0.54
1921,SiO2,25.00,30.00,HUVEC,No,103.41,0.00,P,human,Endothelial,Embryonic,umbilical cord,48.00,AlamarBlue,AlamarBlue,60.08,2.93,Si,0.54
1922,SiO2,29.50,-35.90,Caco-2,Yes,88.65,0.00,L,human,Epithelial,Adult,colon,4.00,Vialight,luciferase,60.08,2.93,Si,0.54
1923,SiO2,13.00,-27.00,RAW 264.7,Yes,95.23,0.00,L,mouse,Monocyte/Macrophage,Adult,blood,24.00,Live/Dead,PropidiumIodide,60.08,2.93,Si,0.54
1924,SiO2,13.00,-27.00,RAW 264.7,Yes,85.61,0.00,L,mouse,Monocyte/Macrophage,Adult,blood,24.00,Live/Dead,PropidiumIodide,60.08,2.93,Si,0.54
1925,SiO2,13.00,-27.00,RAW 264.7,Yes,69.19,0.00,L,mouse,Monocyte/Macrophage,Adult,blood,24.00,Live/Dead,PropidiumIodide,60.08,2.93,Si,0.54
1926,SiO2,13.00,-27.00,RAW 264.7,Yes,9.76,0.00,L,mouse,Monocyte/Macrophage,Adult,blood,24.00,Live/Dead,PropidiumIodide,60.08,2.93,Si,0.54
1927,SiO2,13.00,-27.00,RAW 264.7,Yes,93.75,0.00,L,mouse,Monocyte/Macrophage,Adult,blood,24.00,Live/Dead,CalceinAM,60.08,2.93,Si,0.54
1928,SiO2,13.00,-27.00,RAW 264.7,Yes,91.68,0.00,L,mouse,Monocyte/Macrophage,Adult,blood,24.00,Live/Dead,CalceinAM,60.08,2.93,Si,0.54
1929,SiO2,13.00,-27.00,RAW 264.7,Yes,71.49,0.00,L,mouse,Monocyte/Macrophage,Adult,blood,24.00,Live/Dead,CalceinAM,60.08,2.93,Si,0.54
1930,SiO2,13.00,-27.00,RAW 264.7,Yes,45.27,0.00,L,mouse,Monocyte/Macrophage,Adult,blood,24.00,Live/Dead,CalceinAM,60.08,2.93,Si,0.54
1931,SiO2,25.00,30.00,HUVEC,No,108.29,0.00,P,human,Endothelial,Embryonic,umbilical cord,48.00,AlamarBlue,AlamarBlue,60.08,2.93,Si,0.54
1932,SiO2,29.50,-35.90,Caco-2,Yes,12.97,0.00,L,human,Epithelial,Adult,colon,4.00,Vialight,luciferase,60.08,2.93,Si,0.54
1933,SiO2,25.00,30.00,HUVEC,No,109.27,0.00,P,human,Endothelial,Embryonic,umbilical cord,48.00,AlamarBlue,AlamarBlue,60.08,2.93,Si,0.54
1934,SiO2,25.00,30.00,HUVEC,No,107.32,0.00,P,human,Endothelial,Embryonic,umbilical cord,48.00,AlamarBlue,AlamarBlue,60.08,2.93,Si,0.54
1935,SiO2,25.00,30.00,HUVEC,No,104.52,0.00,P,human,Endothelial,Embryonic,umbilical cord,96.00,AlamarBlue,AlamarBlue,60.08,2.93,Si,0.54
1936,SiO2,25.00,30.00,HUVEC,No,112.90,0.00,P,human,Endothelial,Embryonic,umbilical cord,96.00,AlamarBlue,AlamarBlue,60.08,2.93,Si,0.54
1937,SiO2,25.00,30.00,HUVEC,No,112.90,0.00,P,human,Endothelial,Embryonic,umbilical cord,96.00,AlamarBlue,AlamarBlue,60.08,2.93,Si,0.54
1938,SiO2,25.00,30.00,HUVEC,No,105.81,0.00,P,human,Endothelial,Embryonic,umbilical cord,96.00,AlamarBlue,AlamarBlue,60.08,2.93,Si,0.54
1939,SiO2,25.00,30.00,HUVEC,No,98.41,0.00,P,human,Endothelial,Embryonic,umbilical cord,96.00,LDH,ldh activity assay kit,60.08,2.93,Si,0.54
1940,SiO2,13.00,-27.00,RAW 264.7,Yes,5.57,0.00,L,mouse,Monocyte/Macrophage,Adult,blood,24.00,LDH,ldh activity assay kit,60.08,2.93,Si,0.54
1941,SiO2,13.00,-27.00,RAW 264.7,Yes,3.12,0.00,L,mouse,Monocyte/Macrophage,Adult,blood,24.00,LDH,ldh activity assay kit,60.08,2.93,Si,0.54
1942,SiO2,13.00,-27.00,RAW 264.7,Yes,70.11,0.00,L,mouse,Monocyte/Macrophage,Adult,blood,24.00,LDH,ldh activity assay kit,60.08,2.93,Si,0.54
1943,SiO2,13.00,-27.00,RAW 264.7,Yes,82.71,0.00,L,mouse,Monocyte/Macrophage,Adult,blood,24.00,XTT,TetrazoliumSalt,60.08,2.93,Si,0.54
1944,SiO2,386.90,-35.90,PC12,Yes,79.57,CTAB,L,rat,Irregular,Adult,adrenal gland,12.00,MTT,TetrazoliumSalt,60.08,2.93,Si,0.54
1945,SiO2,29.50,-35.90,Caco-2,Yes,39.78,0.00,L,human,Epithelial,Adult,colon,4.00,Vialight,luciferase,60.08,2.93,Si,0.54
1946,SiO2,29.50,-35.90,Caco-2,Yes,16.86,0.00,L,human,Epithelial,Adult,colon,4.00,Vialight,luciferase,60.08,2.93,Si,0.54
1947,SiO2,386.90,-35.90,PC12,Yes,100.43,CTAB,L,rat,Irregular,Adult,adrenal gland,12.00,MTT,TetrazoliumSalt,60.08,2.93,Si,0.54
1948,SiO2,29.50,-35.90,Caco-2,Yes,15.35,0.00,L,human,Epithelial,Adult,colon,4.00,Vialight,luciferase,60.08,2.93,Si,0.54
1949,SiO2,386.90,-35.90,PC12,Yes,120.70,CTAB,L,rat,Irregular,Adult,adrenal gland,24.00,MTT,TetrazoliumSalt,60.08,2.93,Si,0.54
1950,SiO2,375.40,-26.80,PC12,Yes,122.11,Phosphonate,L,rat,Irregular,Adult,adrenal gland,24.00,MTT,TetrazoliumSalt,60.08,2.93,Si,0.54
1951,SiO2,10.00,-35.90,RAW 264.7,Yes,69.47,0.00,L,mouse,Monocyte/Macrophage,Adult,ascites,24.00,LDH,LDHrelease,60.08,2.93,Si,0.54
1952,SiO2,60.00,-30.00,HUVEC,No,103.00,0.00,P,human,Endothelial,Embryonic,umbilical cord,48.00,AlamarBlue,AlamarBlue,60.08,2.93,Si,0.54
1953,SiO2,10.00,-35.90,RAW 264.7,Yes,6.14,0.00,L,mouse,Monocyte/Macrophage,Adult,ascites,24.00,LDH,LDHrelease,60.08,2.93,Si,0.54
1954,SiO2,386.90,-35.90,PC12,Yes,94.57,CTAB,L,rat,Irregular,Adult,adrenal gland,12.00,MTT,TetrazoliumSalt,60.08,2.93,Si,0.54
1955,SiO2,13.00,-27.00,RAW 264.7,Yes,107.20,0.00,L,mouse,Monocyte/Macrophage,Adult,blood,24.00,CellTiterBlue,AlamarBlue,60.08,2.93,Si,0.54
1956,SiO2,96.00,-11.00,Caco-2,Yes,100.00,Digestive enzymes,L,human,Epithelial,Adult,colon,24.00,Live/Dead,annexin v,60.08,2.93,Si,0.54
1957,SiO2,13.00,-27.00,RAW 264.7,Yes,114.22,0.00,L,mouse,Monocyte/Macrophage,Adult,blood,24.00,XTT,TetrazoliumSalt,60.08,2.93,Si,0.54
1958,SiO2,13.00,-27.00,RAW 264.7,Yes,69.84,0.00,L,mouse,Monocyte/Macrophage,Adult,blood,24.00,CellTiterBlue,AlamarBlue,60.08,2.93,Si,0.54
1959,SiO2,13.00,-27.00,RAW 264.7,Yes,22.49,0.00,L,mouse,Monocyte/Macrophage,Adult,blood,24.00,CellTiterBlue,AlamarBlue,60.08,2.93,Si,0.54
1960,SiO2,13.00,-27.00,RAW 264.7,Yes,123.08,0.00,L,mouse,Monocyte/Macrophage,Adult,blood,24.00,XTT,TetrazoliumSalt,60.08,2.93,Si,0.54
1961,SiO2,13.00,-27.00,RAW 264.7,Yes,100.59,0.00,L,mouse,Monocyte/Macrophage,Adult,blood,24.00,CellTiterBlue,AlamarBlue,60.08,2.93,Si,0.54
1962,SiO2,386.90,-35.90,PC12,Yes,105.26,CTAB,L,rat,Irregular,Adult,adrenal gland,24.00,MTT,TetrazoliumSalt,60.08,2.93,Si,0.54
1963,SiO2,60.00,-30.00,HUVEC,No,103.00,0.00,P,human,Endothelial,Embryonic,umbilical cord,48.00,AlamarBlue,AlamarBlue,60.08,2.93,Si,0.54
1964,SiO2,60.00,32.00,HUVEC,No,103.87,0.00,P,human,Endothelial,Embryonic,umbilical cord,96.00,AlamarBlue,AlamarBlue,60.08,2.93,Si,0.54
1965,SiO2,369.00,79.00,primary alveolar Macrophage,No,95.11,0.00,P,human,Macrophage,Adult,lung,24.00,Vialight,luciferase,60.08,2.93,Si,0.54
1966,SiO2,60.00,32.00,HUVEC,No,98.06,0.00,P,human,Endothelial,Embryonic,umbilical cord,96.00,AlamarBlue,AlamarBlue,60.08,2.93,Si,0.54
1967,SiO2,60.00,32.00,HUVEC,No,100.65,0.00,P,human,Endothelial,Embryonic,umbilical cord,96.00,AlamarBlue,AlamarBlue,60.08,2.93,Si,0.54
1968,SiO2,386.90,-35.90,PC12,Yes,94.04,CTAB,L,rat,Irregular,Adult,adrenal gland,24.00,MTT,TetrazoliumSalt,60.08,2.93,Si,0.54
1969,SiO2,115.00,-48.00,HUVEC,No,104.29,0.00,P,human,Endothelial,Embryonic,umbilical cord,96.00,AlamarBlue,AlamarBlue,60.08,2.93,Si,0.54
1970,SiO2,115.00,-48.00,HUVEC,No,86.15,0.00,P,human,Endothelial,Embryonic,umbilical cord,96.00,AlamarBlue,AlamarBlue,60.08,2.93,Si,0.54
1971,SiO2,386.90,-35.90,PC12,Yes,95.87,CTAB,L,rat,Irregular,Adult,adrenal gland,12.00,MTT,TetrazoliumSalt,60.08,2.93,Si,0.54
1972,SiO2,386.90,-35.90,PC12,Yes,95.44,CTAB,L,rat,Irregular,Adult,adrenal gland,24.00,MTT,TetrazoliumSalt,60.08,2.93,Si,0.54
1973,SiO2,386.90,-35.90,PC12,Yes,84.91,CTAB,L,rat,Irregular,Adult,adrenal gland,24.00,MTT,TetrazoliumSalt,60.08,2.93,Si,0.54
1974,SiO2,386.90,-35.90,PC12,Yes,105.96,CTAB,L,rat,Irregular,Adult,adrenal gland,24.00,MTT,TetrazoliumSalt,60.08,2.93,Si,0.54
1975,SiO2,386.90,-35.90,PC12,Yes,117.19,CTAB,L,rat,Irregular,Adult,adrenal gland,24.00,MTT,TetrazoliumSalt,60.08,2.93,Si,0.54
1976,SiO2,60.00,32.00,HUVEC,No,100.03,0.00,P,human,Endothelial,Embryonic,umbilical cord,96.00,LDH,ldh activity assay kit,60.08,2.93,Si,0.54
1977,SiO2,10.00,-35.90,RAW 264.7,Yes,4.52,0.00,L,mouse,Monocyte/Macrophage,Adult,ascites,24.00,LDH,LDHrelease,60.08,2.93,Si,0.54
1978,SiO2,386.90,-35.90,PC12,Yes,79.57,CTAB,L,rat,Irregular,Adult,adrenal gland,12.00,MTT,TetrazoliumSalt,60.08,2.93,Si,0.54
1979,SiO2,386.90,-35.90,PC12,Yes,98.48,CTAB,L,rat,Irregular,Adult,adrenal gland,12.00,MTT,TetrazoliumSalt,60.08,2.93,Si,0.54
1980,SiO2,375.40,-26.80,PC12,Yes,96.14,Phosphonate,L,rat,Irregular,Adult,adrenal gland,24.00,MTT,TetrazoliumSalt,60.08,2.93,Si,0.54
1981,SiO2,115.00,-48.00,HUVEC,No,75.79,0.00,P,human,Endothelial,Embryonic,umbilical cord,96.00,AlamarBlue,AlamarBlue,60.08,2.93,Si,0.54
1982,SiO2,437.00,21.70,PC12,Yes,94.04,NH2,L,rat,Irregular,Adult,adrenal gland,24.00,MTT,TetrazoliumSalt,60.08,2.93,Si,0.54
1983,SiO2,437.00,21.70,PC12,Yes,101.05,NH2,L,rat,Irregular,Adult,adrenal gland,24.00,MTT,TetrazoliumSalt,60.08,2.93,Si,0.54
1984,SiO2,437.00,21.70,PC12,Yes,103.86,NH2,L,rat,Irregular,Adult,adrenal gland,24.00,MTT,TetrazoliumSalt,60.08,2.93,Si,0.54
1985,SiO2,60.00,-30.00,HUVEC,No,104.29,0.00,P,human,Endothelial,Embryonic,umbilical cord,96.00,AlamarBlue,AlamarBlue,60.08,2.93,Si,0.54
1986,SiO2,115.00,-48.00,HUVEC,No,101.70,0.00,P,human,Endothelial,Embryonic,umbilical cord,96.00,AlamarBlue,AlamarBlue,60.08,2.93,Si,0.54
1987,SiO2,60.00,-30.00,HUVEC,No,104.94,0.00,P,human,Endothelial,Embryonic,umbilical cord,48.00,AlamarBlue,AlamarBlue,60.08,2.93,Si,0.54
1988,SiO2,60.00,-30.00,HUVEC,No,108.18,0.00,P,human,Endothelial,Embryonic,umbilical cord,96.00,AlamarBlue,AlamarBlue,60.08,2.93,Si,0.54
1989,SiO2,60.00,-30.00,HUVEC,No,111.42,0.00,P,human,Endothelial,Embryonic,umbilical cord,96.00,AlamarBlue,AlamarBlue,60.08,2.93,Si,0.54
1990,SiO2,60.00,-30.00,HUVEC,No,82.27,0.00,P,human,Endothelial,Embryonic,umbilical cord,96.00,AlamarBlue,AlamarBlue,60.08,2.93,Si,0.54
1991,SiO2,60.00,-30.00,HUVEC,No,101.39,0.00,P,human,Endothelial,Embryonic,umbilical cord,96.00,LDH,ldh activity assay kit,60.08,2.93,Si,0.54
1992,SiO2,115.00,-48.00,HUVEC,No,90.69,0.00,P,human,Endothelial,Embryonic,umbilical cord,48.00,AlamarBlue,AlamarBlue,60.08,2.93,Si,0.54
1993,SiO2,115.00,-48.00,HUVEC,No,101.05,0.00,P,human,Endothelial,Embryonic,umbilical cord,48.00,AlamarBlue,AlamarBlue,60.08,2.93,Si,0.54
1994,SiO2,115.00,-48.00,HUVEC,No,90.69,0.00,P,human,Endothelial,Embryonic,umbilical cord,48.00,AlamarBlue,AlamarBlue,60.08,2.93,Si,0.54
1995,SiO2,115.00,-48.00,HUVEC,No,82.91,0.00,P,human,Endothelial,Embryonic,umbilical cord,48.00,AlamarBlue,AlamarBlue,60.08,2.93,Si,0.54
1996,SiO2,386.90,-35.90,PC12,Yes,103.86,CTAB,L,rat,Irregular,Adult,adrenal gland,24.00,MTT,TetrazoliumSalt,60.08,2.93,Si,0.54
1997,SiO2,437.00,21.70,PC12,Yes,119.35,NH2,L,rat,Irregular,Adult,adrenal gland,12.00,MTT,TetrazoliumSalt,60.08,2.93,Si,0.54
1998,SiO2,386.90,-35.90,PC12,Yes,63.86,CTAB,L,rat,Irregular,Adult,adrenal gland,24.00,MTT,TetrazoliumSalt,60.08,2.93,Si,0.54
1999,SiO2,60.00,32.00,HUVEC,No,109.27,0.00,P,human,Endothelial,Embryonic,umbilical cord,48.00,AlamarBlue,AlamarBlue,60.08,2.93,Si,0.54
2000,SiO2,437.00,21.70,PC12,Yes,108.91,NH2,L,rat,Irregular,Adult,adrenal gland,12.00,MTT,TetrazoliumSalt,60.08,2.93,Si,0.54
2001,SiO2,437.00,21.70,PC12,Yes,111.52,NH2,L,rat,Irregular,Adult,adrenal gland,12.00,MTT,TetrazoliumSalt,60.08,2.93,Si,0.54
2002,SiO2,437.00,21.70,PC12,Yes,114.13,NH2,L,rat,Irregular,Adult,adrenal gland,12.00,MTT,TetrazoliumSalt,60.08,2.93,Si,0.54
2003,SiO2,437.00,21.70,PC12,Yes,116.09,NH2,L,rat,Irregular,Adult,adrenal gland,12.00,MTT,TetrazoliumSalt,60.08,2.93,Si,0.54
2004,SiO2,437.00,21.70,PC12,Yes,106.96,NH2,L,rat,Irregular,Adult,adrenal gland,12.00,MTT,TetrazoliumSalt,60.08,2.93,Si,0.54
2005,SiO2,437.00,21.70,PC12,Yes,74.35,NH2,L,rat,Irregular,Adult,adrenal gland,12.00,MTT,TetrazoliumSalt,60.08,2.93,Si,0.54
2006,SiO2,437.00,21.70,PC12,Yes,93.91,NH2,L,rat,Irregular,Adult,adrenal gland,12.00,MTT,TetrazoliumSalt,60.08,2.93,Si,0.54
2007,SiO2,375.40,-26.80,PC12,Yes,103.16,Phosphonate,L,rat,Irregular,Adult,adrenal gland,24.00,MTT,TetrazoliumSalt,60.08,2.93,Si,0.54
2008,SiO2,375.40,-26.80,PC12,Yes,71.09,Phosphonate,L,rat,Irregular,Adult,adrenal gland,12.00,MTT,TetrazoliumSalt,60.08,2.93,Si,0.54
2009,SiO2,375.40,-26.80,PC12,Yes,110.18,Phosphonate,L,rat,Irregular,Adult,adrenal gland,24.00,MTT,TetrazoliumSalt,60.08,2.93,Si,0.54
2010,SiO2,375.40,-26.80,PC12,Yes,72.39,Phosphonate,L,rat,Irregular,Adult,adrenal gland,12.00,MTT,TetrazoliumSalt,60.08,2.93,Si,0.54
2011,SiO2,386.90,-35.90,PC12,Yes,97.83,CTAB,L,rat,Irregular,Adult,adrenal gland,12.00,MTT,TetrazoliumSalt,60.08,2.93,Si,0.54
2012,SiO2,386.90,-35.90,PC12,Yes,108.26,CTAB,L,rat,Irregular,Adult,adrenal gland,12.00,MTT,TetrazoliumSalt,60.08,2.93,Si,0.54
2013,SiO2,386.90,-35.90,PC12,Yes,97.17,CTAB,L,rat,Irregular,Adult,adrenal gland,12.00,MTT,TetrazoliumSalt,60.08,2.93,Si,0.54
2014,SiO2,386.90,-35.90,PC12,Yes,113.48,CTAB,L,rat,Irregular,Adult,adrenal gland,12.00,MTT,TetrazoliumSalt,60.08,2.93,Si,0.54
2015,SiO2,115.00,-48.00,HUVEC,No,99.83,0.00,P,human,Endothelial,Embryonic,umbilical cord,96.00,LDH,ldh activity assay kit,60.08,2.93,Si,0.54
2016,SiO2,369.00,79.00,primary alveolar Macrophage,No,34.67,0.00,P,human,Macrophage,Adult,lung,24.00,Vialight,luciferase,60.08,2.93,Si,0.54
2017,SiO2,13.00,-27.00,RAW 264.7,Yes,22.37,0.00,L,mouse,Monocyte/Macrophage,Adult,blood,24.00,LDH,ldh activity assay kit,60.08,2.93,Si,0.54
2018,SiO2,96.00,-11.00,Caco-2,Yes,107.00,0.00,L,human,Epithelial,Adult,colon,24.00,MTT,ldh activity assay kit,60.08,2.93,Si,0.54
2019,SiO2,375.40,-26.80,PC12,Yes,103.86,Phosphonate,L,rat,Irregular,Adult,adrenal gland,24.00,MTT,TetrazoliumSalt,60.08,2.93,Si,0.54
2020,SiO2,375.40,-26.80,PC12,Yes,80.00,Phosphonate,L,rat,Irregular,Adult,adrenal gland,24.00,MTT,TetrazoliumSalt,60.08,2.93,Si,0.54
2021,SiO2,437.00,21.70,PC12,Yes,90.53,NH2,L,rat,Irregular,Adult,adrenal gland,24.00,MTT,TetrazoliumSalt,60.08,2.93,Si,0.54
2022,SiO2,437.00,21.70,PC12,Yes,100.35,NH2,L,rat,Irregular,Adult,adrenal gland,24.00,MTT,TetrazoliumSalt,60.08,2.93,Si,0.54
2023,SiO2,437.00,21.70,PC12,Yes,96.14,NH2,L,rat,Irregular,Adult,adrenal gland,24.00,MTT,TetrazoliumSalt,60.08,2.93,Si,0.54
2024,SiO2,437.00,21.70,PC12,Yes,89.82,NH2,L,rat,Irregular,Adult,adrenal gland,24.00,MTT,TetrazoliumSalt,60.08,2.93,Si,0.54
2025,SiO2,437.00,21.70,PC12,Yes,85.61,NH2,L,rat,Irregular,Adult,adrenal gland,24.00,MTT,TetrazoliumSalt,60.08,2.93,Si,0.54
2026,SiO2,437.00,21.70,PC12,Yes,103.16,NH2,L,rat,Irregular,Adult,adrenal gland,24.00,MTT,TetrazoliumSalt,60.08,2.93,Si,0.54
2027,SiO2,386.90,-35.90,PC12,Yes,79.30,CTAB,L,rat,Irregular,Adult,adrenal gland,24.00,MTT,TetrazoliumSalt,60.08,2.93,Si,0.54
2028,SiO2,437.00,21.70,PC12,Yes,120.00,NH2,L,rat,Irregular,Adult,adrenal gland,12.00,MTT,TetrazoliumSalt,60.08,2.93,Si,0.54
2029,SiO2,375.40,-26.80,PC12,Yes,105.96,Phosphonate,L,rat,Irregular,Adult,adrenal gland,24.00,MTT,TetrazoliumSalt,60.08,2.93,Si,0.54
2030,SiO2,375.40,-26.80,PC12,Yes,97.83,Phosphonate,L,rat,Irregular,Adult,adrenal gland,12.00,MTT,TetrazoliumSalt,60.08,2.93,Si,0.54
2031,SiO2,375.40,-26.80,PC12,Yes,95.22,Phosphonate,L,rat,Irregular,Adult,adrenal gland,12.00,MTT,TetrazoliumSalt,60.08,2.93,Si,0.54
2032,SiO2,375.40,-26.80,PC12,Yes,89.35,Phosphonate,L,rat,Irregular,Adult,adrenal gland,12.00,MTT,TetrazoliumSalt,60.08,2.93,Si,0.54
2033,SiO2,375.40,-26.80,PC12,Yes,106.30,Phosphonate,L,rat,Irregular,Adult,adrenal gland,12.00,MTT,TetrazoliumSalt,60.08,2.93,Si,0.54
2034,SiO2,375.40,-26.80,PC12,Yes,95.22,Phosphonate,L,rat,Irregular,Adult,adrenal gland,12.00,MTT,TetrazoliumSalt,60.08,2.93,Si,0.54
2035,SiO2,437.00,21.70,PC12,Yes,103.86,NH2,L,rat,Irregular,Adult,adrenal gland,24.00,MTT,TetrazoliumSalt,60.08,2.93,Si,0.54
2036,SiO2,375.40,-26.80,PC12,Yes,96.52,Phosphonate,L,rat,Irregular,Adult,adrenal gland,12.00,MTT,TetrazoliumSalt,60.08,2.93,Si,0.54
2037,SiO2,375.40,-26.80,PC12,Yes,93.91,Phosphonate,L,rat,Irregular,Adult,adrenal gland,12.00,MTT,TetrazoliumSalt,60.08,2.93,Si,0.54
2038,TiO2,150.00,-17.60,Fibroblasts,No,94.24,0.00,P,human,Fibroblast,Adult,skin,24.00,MTS,TetrazoliumSalt,79.87,2.81,Ti,0.85
2039,TiO2,47.83,-17.60,IP15,No,100.00,0.00,L,human,Spindle,Adult,kidney,24.00,WST-1,TetrazoliumSalt,79.87,2.81,Ti,0.85
2040,TiO2,170.00,-17.60,RAW 264.7,Yes,119.81,0.00,L,mouse,Monocyte/Macrophage,Adult,blood,24.00,WST-1,TetrazoliumSalt,79.87,2.81,Ti,0.85
2041,TiO2,170.00,-17.60,RAW 264.7,Yes,106.65,0.00,L,mouse,Monocyte/Macrophage,Adult,blood,24.00,WST-1,TetrazoliumSalt,79.87,2.81,Ti,0.85
2042,TiO2,124.90,-17.60,A431,Yes,95.24,0.00,L,human,Epithelial,Adult,skin,6.00,MTT,TetrazoliumSalt,79.87,2.81,Ti,0.85
2043,TiO2,124.90,-17.60,A431,Yes,73.65,0.00,L,human,Epithelial,Adult,skin,48.00,MTT,TetrazoliumSalt,79.87,2.81,Ti,0.85
2044,TiO2,124.90,-17.60,A431,Yes,83.81,0.00,L,human,Epithelial,Adult,skin,24.00,MTT,TetrazoliumSalt,79.87,2.81,Ti,0.85
2045,TiO2,124.90,-17.60,A431,Yes,97.14,0.00,L,human,Epithelial,Adult,skin,6.00,MTT,TetrazoliumSalt,79.87,2.81,Ti,0.85
2046,TiO2,124.90,-17.60,A431,Yes,85.71,0.00,L,human,Epithelial,Adult,skin,48.00,MTT,TetrazoliumSalt,79.87,2.81,Ti,0.85
2047,TiO2,124.90,-17.60,A431,Yes,92.70,0.00,L,human,Epithelial,Adult,skin,6.00,MTT,TetrazoliumSalt,79.87,2.81,Ti,0.85
2048,TiO2,150.00,-17.60,Fibroblasts,No,86.72,0.00,P,human,Fibroblast,Adult,skin,24.00,MTS,TetrazoliumSalt,79.87,2.81,Ti,0.85
2049,TiO2,11.69,-17.60,IP15,No,99.10,0.00,L,human,Spindle,Adult,kidney,24.00,WST-1,TetrazoliumSalt,79.87,2.81,Ti,0.85
2050,TiO2,150.00,-17.60,Fibroblasts,No,70.18,0.00,P,human,Fibroblast,Adult,skin,24.00,MTS,TetrazoliumSalt,79.87,2.81,Ti,0.85
2051,TiO2,150.00,-17.60,Fibroblasts,No,44.36,0.00,P,human,Fibroblast,Adult,skin,24.00,MTS,TetrazoliumSalt,79.87,2.81,Ti,0.85
2052,TiO2,150.00,-17.60,Fibroblasts,No,90.98,0.00,P,human,Fibroblast,Adult,skin,24.00,MTS,TetrazoliumSalt,79.87,2.81,Ti,0.85
2053,TiO2,11.69,-17.60,IP15,No,93.72,0.00,L,human,Spindle,Adult,kidney,24.00,WST-1,TetrazoliumSalt,79.87,2.81,Ti,0.85
2054,TiO2,11.69,-17.60,IP15,No,95.52,0.00,L,human,Spindle,Adult,kidney,24.00,WST-1,TetrazoliumSalt,79.87,2.81,Ti,0.85
2055,TiO2,11.69,-17.60,IP15,No,92.83,0.00,L,human,Spindle,Adult,kidney,24.00,WST-1,TetrazoliumSalt,79.87,2.81,Ti,0.85
2056,TiO2,124.90,-17.60,A431,Yes,88.25,0.00,L,human,Epithelial,Adult,skin,24.00,MTT,TetrazoliumSalt,79.87,2.81,Ti,0.85
2057,TiO2,124.90,-17.60,A431,Yes,95.87,0.00,L,human,Epithelial,Adult,skin,48.00,MTT,TetrazoliumSalt,79.87,2.81,Ti,0.85
2058,TiO2,50.00,-17.60,RAW 264.7,Yes,21.55,0.00,L,mouse,Monocyte/Macrophage,Adult,blood,24.00,LDH,ldh activity assay kit,79.87,2.81,Ti,0.85
2059,TiO2,20.00,-17.60,CHO-K1,No,81.30,0.00,L,hamster,Epithelial,Adult,ovary,24.00,NR,toluylene red,79.87,2.81,Ti,0.85
2060,TiO2,124.90,-17.60,A431,Yes,98.57,0.00,L,human,Epithelial,Adult,skin,24.00,NR,toluylene red,79.87,2.81,Ti,0.85
2061,TiO2,150.00,-17.60,Fibroblasts,No,84.21,0.00,P,human,Fibroblast,Adult,skin,24.00,MTS,TetrazoliumSalt,79.87,2.81,Ti,0.85
2062,TiO2,11.69,-17.60,IP15,No,93.27,0.00,L,human,Spindle,Adult,kidney,24.00,WST-1,TetrazoliumSalt,79.87,2.81,Ti,0.85
2063,TiO2,47.83,-17.60,IP15,No,94.17,0.00,L,human,Spindle,Adult,kidney,24.00,WST-1,TetrazoliumSalt,79.87,2.81,Ti,0.85
2064,TiO2,50.00,-17.60,RAW 264.7,Yes,21.15,0.00,L,mouse,Monocyte/Macrophage,Adult,blood,24.00,LDH,ldh activity assay kit,79.87,2.81,Ti,0.85
2065,TiO2,50.00,-17.60,RAW 264.7,Yes,169.91,0.00,L,mouse,Monocyte/Macrophage,Adult,blood,24.00,WST-1,TetrazoliumSalt,79.87,2.81,Ti,0.85
2066,TiO2,50.00,-17.60,RAW 264.7,Yes,23.41,0.00,L,mouse,Monocyte/Macrophage,Adult,blood,24.00,LDH,ldh activity assay kit,79.87,2.81,Ti,0.85
2067,TiO2,124.90,-17.60,A431,Yes,97.86,0.00,L,human,Epithelial,Adult,skin,48.00,NR,toluylene red,79.87,2.81,Ti,0.85
2068,TiO2,47.83,-17.60,LLC-PK1,No,100.00,0.00,L,pig,Epithelial,Adult,kidney,24.00,WST-1,TetrazoliumSalt,79.87,2.81,Ti,0.85
2069,TiO2,50.00,-17.60,RAW 264.7,Yes,18.51,0.00,L,mouse,Monocyte/Macrophage,Adult,blood,24.00,LDH,ldh activity assay kit,79.87,2.81,Ti,0.85
2070,TiO2,38.00,-17.60,HUVEC,No,81.27,0.00,P,human,Endothelial,Embryonic,umbilical cord,24.00,CellTiterGlo,luciferase,79.87,2.81,Ti,0.85
2071,TiO2,38.00,-17.60,HUVEC,No,99.82,0.00,P,human,Endothelial,Embryonic,umbilical cord,24.00,CellTiterGlo,luciferase,79.87,2.81,Ti,0.85
2072,TiO2,50.00,-17.60,RAW 264.7,Yes,18.89,0.00,L,mouse,Monocyte/Macrophage,Adult,blood,24.00,LDH,ldh activity assay kit,79.87,2.81,Ti,0.85
2073,TiO2,38.00,-17.60,HUVEC,No,98.73,0.00,P,human,Endothelial,Embryonic,umbilical cord,24.00,CellTiterGlo,luciferase,79.87,2.81,Ti,0.85
2074,TiO2,38.00,-17.60,HUVEC,No,91.64,0.00,P,human,Endothelial,Embryonic,umbilical cord,24.00,CellTiterGlo,luciferase,79.87,2.81,Ti,0.85
2075,TiO2,38.00,-17.60,HUVEC,No,79.64,0.00,P,human,Endothelial,Embryonic,umbilical cord,24.00,CellTiterGlo,luciferase,79.87,2.81,Ti,0.85
2076,TiO2,38.00,-17.60,HUVEC,No,100.36,0.00,P,human,Endothelial,Embryonic,umbilical cord,24.00,CytoTox-One?,ldh activity assay kit,79.87,2.81,Ti,0.85
2077,TiO2,420.70,-9.96,AGS,Yes,119.32,0.00,L,human,Epithelial,Adult,stomach,3.00,MTS,TetrazoliumSalt,79.87,2.81,Ti,0.85
2078,TiO2,420.70,-9.96,AGS,Yes,111.73,0.00,L,human,Epithelial,Adult,stomach,24.00,MTS,TetrazoliumSalt,79.87,2.81,Ti,0.85
2079,TiO2,420.70,-9.96,AGS,Yes,120.10,0.00,L,human,Epithelial,Adult,stomach,3.00,MTS,TetrazoliumSalt,79.87,2.81,Ti,0.85
2080,TiO2,420.70,-9.96,AGS,Yes,102.10,0.00,L,human,Epithelial,Adult,stomach,6.00,MTS,TetrazoliumSalt,79.87,2.81,Ti,0.85
2081,TiO2,420.70,-9.96,AGS,Yes,113.21,0.00,L,human,Epithelial,Adult,stomach,24.00,MTS,TetrazoliumSalt,79.87,2.81,Ti,0.85
2082,TiO2,420.70,-9.96,AGS,Yes,116.03,0.00,L,human,Epithelial,Adult,stomach,3.00,MTS,TetrazoliumSalt,79.87,2.81,Ti,0.85
2083,TiO2,420.70,-9.96,AGS,Yes,106.34,0.00,L,human,Epithelial,Adult,stomach,6.00,MTS,TetrazoliumSalt,79.87,2.81,Ti,0.85
2084,TiO2,124.90,-17.60,A431,Yes,67.94,0.00,L,human,Epithelial,Adult,skin,48.00,MTT,TetrazoliumSalt,79.87,2.81,Ti,0.85
2085,TiO2,38.00,-17.60,HUVEC,No,94.91,0.00,P,human,Endothelial,Embryonic,umbilical cord,24.00,CellTiterGlo,luciferase,79.87,2.81,Ti,0.85
2086,TiO2,170.00,-17.60,RAW 264.7,Yes,113.23,0.00,L,mouse,Monocyte/Macrophage,Adult,blood,24.00,WST-1,TetrazoliumSalt,79.87,2.81,Ti,0.85
2087,TiO2,20.00,-17.60,CHO-K1,No,99.57,0.00,L,hamster,Epithelial,Adult,ovary,24.00,NR,toluylene red,79.87,2.81,Ti,0.85
2088,TiO2,38.00,-17.60,HUVEC,No,98.18,0.00,P,human,Endothelial,Embryonic,umbilical cord,24.00,CytoTox-One?,ldh activity assay kit,79.87,2.81,Ti,0.85
2089,TiO2,420.70,-9.96,AGS,Yes,107.81,0.00,L,human,Epithelial,Adult,stomach,6.00,MTS,TetrazoliumSalt,79.87,2.81,Ti,0.85
2090,TiO2,420.70,-9.96,AGS,Yes,115.51,0.00,L,human,Epithelial,Adult,stomach,3.00,MTS,TetrazoliumSalt,79.87,2.81,Ti,0.85
2091,TiO2,420.70,-9.96,AGS,Yes,115.53,0.00,L,human,Epithelial,Adult,stomach,6.00,MTS,TetrazoliumSalt,79.87,2.81,Ti,0.85
2092,TiO2,420.70,-9.96,AGS,Yes,120.40,0.00,L,human,Epithelial,Adult,stomach,24.00,MTS,TetrazoliumSalt,79.87,2.81,Ti,0.85
2093,TiO2,420.70,-9.96,AGS,Yes,123.91,0.00,L,human,Epithelial,Adult,stomach,3.00,MTS,TetrazoliumSalt,79.87,2.81,Ti,0.85
2094,TiO2,420.70,-9.96,AGS,Yes,118.39,0.00,L,human,Epithelial,Adult,stomach,6.00,MTS,TetrazoliumSalt,79.87,2.81,Ti,0.85
2095,TiO2,420.70,-9.96,AGS,Yes,123.26,0.00,L,human,Epithelial,Adult,stomach,24.00,MTS,TetrazoliumSalt,79.87,2.81,Ti,0.85
2096,TiO2,47.83,-17.60,LLC-PK1,No,90.13,0.00,L,pig,Epithelial,Adult,kidney,24.00,WST-1,TetrazoliumSalt,79.87,2.81,Ti,0.85
2097,TiO2,47.83,-17.60,IP15,No,93.27,0.00,L,human,Spindle,Adult,kidney,24.00,WST-1,TetrazoliumSalt,79.87,2.81,Ti,0.85
2098,TiO2,35.00,-17.60,A549,Yes,78.77,0.00,L,human,Epithelial,Adult,lung,4.00,WST-8,TetrazoliumSalt,79.87,2.81,Ti,0.85
2099,TiO2,160.50,-27.80,AGS,Yes,124.00,0.00,L,human,Epithelial,Adult,stomach,24.00,MTS,TetrazoliumSalt,79.87,2.81,Ti,0.85
2100,TiO2,47.83,-17.60,LLC-PK1,No,100.00,0.00,L,pig,Epithelial,Adult,kidney,24.00,WST-1,TetrazoliumSalt,79.87,2.81,Ti,0.85
2101,TiO2,160.50,-27.80,AGS,Yes,128.00,0.00,L,human,Epithelial,Adult,stomach,6.00,MTS,TetrazoliumSalt,79.87,2.81,Ti,0.85
2102,TiO2,47.83,-17.60,IP15,No,94.62,0.00,L,human,Spindle,Adult,kidney,24.00,WST-1,TetrazoliumSalt,79.87,2.81,Ti,0.85
2103,TiO2,47.83,-17.60,LLC-PK1,No,92.83,0.00,L,pig,Epithelial,Adult,kidney,24.00,WST-1,TetrazoliumSalt,79.87,2.81,Ti,0.85
2104,TiO2,47.83,-17.60,IP15,No,92.38,0.00,L,human,Spindle,Adult,kidney,24.00,WST-1,TetrazoliumSalt,79.87,2.81,Ti,0.85
2105,TiO2,47.83,-17.60,IP15,No,90.13,0.00,L,human,Spindle,Adult,kidney,24.00,WST-1,TetrazoliumSalt,79.87,2.81,Ti,0.85
2106,TiO2,50.00,-17.60,RAW 264.7,Yes,142.58,0.00,L,mouse,Monocyte/Macrophage,Adult,blood,24.00,WST-1,TetrazoliumSalt,79.87,2.81,Ti,0.85
2107,TiO2,35.00,-17.60,A549,Yes,87.06,0.00,L,human,Epithelial,Adult,lung,4.00,WST-8,TetrazoliumSalt,79.87,2.81,Ti,0.85
2108,TiO2,124.90,-17.60,A431,Yes,80.63,0.00,L,human,Epithelial,Adult,skin,24.00,MTT,TetrazoliumSalt,79.87,2.81,Ti,0.85
2109,TiO2,47.83,-17.60,LLC-PK1,No,73.99,0.00,L,pig,Epithelial,Adult,kidney,24.00,WST-1,TetrazoliumSalt,79.87,2.81,Ti,0.85
2110,TiO2,160.50,-27.80,AGS,Yes,111.20,0.00,L,human,Epithelial,Adult,stomach,24.00,MTS,TetrazoliumSalt,79.87,2.81,Ti,0.85
2111,TiO2,20.00,-17.60,CHO-K1,No,100.87,0.00,L,hamster,Epithelial,Adult,ovary,24.00,NR,toluylene red,79.87,2.81,Ti,0.85
2112,TiO2,20.00,-17.60,CHO-K1,No,90.00,0.00,L,hamster,Epithelial,Adult,ovary,24.00,NR,toluylene red,79.87,2.81,Ti,0.85
2113,TiO2,20.00,-17.60,CHO-K1,No,64.78,0.00,L,hamster,Epithelial,Adult,ovary,24.00,NR,toluylene red,79.87,2.81,Ti,0.85
2114,TiO2,124.90,-17.60,A431,Yes,99.68,0.00,L,human,Epithelial,Adult,skin,24.00,MTT,TetrazoliumSalt,79.87,2.81,Ti,0.85
2115,TiO2,20.00,-17.60,CHO-K1,No,84.37,0.00,L,hamster,Epithelial,Adult,ovary,24.00,MTT,TetrazoliumSalt,79.87,2.81,Ti,0.85
2116,TiO2,20.00,-17.60,CHO-K1,No,76.59,0.00,L,hamster,Epithelial,Adult,ovary,24.00,MTT,TetrazoliumSalt,79.87,2.81,Ti,0.85
2117,TiO2,20.00,-17.60,CHO-K1,No,72.82,0.00,L,hamster,Epithelial,Adult,ovary,24.00,MTT,TetrazoliumSalt,79.87,2.81,Ti,0.85
2118,TiO2,20.00,-17.60,CHO-K1,No,61.35,0.00,L,hamster,Epithelial,Adult,ovary,24.00,MTT,TetrazoliumSalt,79.87,2.81,Ti,0.85
2119,TiO2,47.83,-17.60,IP15,No,89.69,0.00,L,human,Spindle,Adult,kidney,24.00,WST-1,TetrazoliumSalt,79.87,2.81,Ti,0.85
2120,TiO2,124.90,-17.60,A431,Yes,99.68,0.00,L,human,Epithelial,Adult,skin,6.00,MTT,TetrazoliumSalt,79.87,2.81,Ti,0.85
2121,TiO2,124.90,-17.60,A431,Yes,97.78,0.00,L,human,Epithelial,Adult,skin,24.00,MTT,TetrazoliumSalt,79.87,2.81,Ti,0.85
2122,TiO2,160.50,-27.80,AGS,Yes,108.00,0.00,L,human,Epithelial,Adult,stomach,24.00,MTS,TetrazoliumSalt,79.87,2.81,Ti,0.85
2123,TiO2,124.90,-17.60,A431,Yes,97.14,0.00,L,human,Epithelial,Adult,skin,48.00,MTT,TetrazoliumSalt,79.87,2.81,Ti,0.85
2124,TiO2,124.90,-17.60,A431,Yes,98.41,0.00,L,human,Epithelial,Adult,skin,6.00,MTT,TetrazoliumSalt,79.87,2.81,Ti,0.85
2125,TiO2,50.00,-17.60,RAW 264.7,Yes,115.24,0.00,L,mouse,Monocyte/Macrophage,Adult,blood,24.00,WST-1,TetrazoliumSalt,79.87,2.81,Ti,0.85
2126,TiO2,80.00,-17.60,HUVEC,No,85.92,0.00,P,human,Endothelial,Embryonic,umbilical vein,24.00,CCK-8,TetrazoliumSalt,79.87,2.81,Ti,0.85
2127,TiO2,50.00,-17.60,RAW 264.7,Yes,96.41,0.00,L,mouse,Monocyte/Macrophage,Adult,blood,24.00,WST-1,TetrazoliumSalt,79.87,2.81,Ti,0.85
2128,TiO2,24.00,-17.60,A549,Yes,105.66,0.00,L,human,Epithelial,Adult,lung,24.00,MTT,TetrazoliumSalt,79.87,2.81,Ti,0.85
2129,TiO2,30.00,-17.60,HUVEC,No,68.59,0.00,P,human,Endothelial,Embryonic,umbilical vein,24.00,CCK-8,TetrazoliumSalt,79.87,2.81,Ti,0.85
2130,TiO2,30.00,-17.60,HUVEC,No,78.70,0.00,P,human,Endothelial,Embryonic,umbilical vein,24.00,CCK-8,TetrazoliumSalt,79.87,2.81,Ti,0.85
2131,TiO2,30.00,-17.60,HUVEC,No,79.96,0.00,P,human,Endothelial,Embryonic,umbilical vein,24.00,CCK-8,TetrazoliumSalt,79.87,2.81,Ti,0.85
2132,TiO2,30.00,-17.60,HUVEC,No,88.27,0.00,P,human,Endothelial,Embryonic,umbilical vein,24.00,CCK-8,TetrazoliumSalt,79.87,2.81,Ti,0.85
2133,TiO2,25.00,-17.60,HUVEC,No,43.86,0.00,P,human,Endothelial,Embryonic,umbilical vein,24.00,CCK-8,TetrazoliumSalt,79.87,2.81,Ti,0.85
2134,TiO2,25.00,-17.60,HUVEC,No,74.01,0.00,P,human,Endothelial,Embryonic,umbilical vein,24.00,CCK-8,TetrazoliumSalt,79.87,2.81,Ti,0.85
2135,TiO2,25.00,-17.60,HUVEC,No,94.40,0.00,P,human,Endothelial,Embryonic,umbilical vein,24.00,CCK-8,TetrazoliumSalt,79.87,2.81,Ti,0.85
2136,TiO2,25.00,-17.60,AGS,Yes,121.74,0.00,L,human,Epithelial,Adult,stomach,3.00,MTS,TetrazoliumSalt,79.87,2.81,Ti,0.85
2137,TiO2,42.30,-17.60,HepG2,Yes,115.40,0.00,L,human,Epithelial,Adult,liver,48.00,MTT,TetrazoliumSalt,79.87,2.81,Ti,0.85
2138,TiO2,25.00,-17.60,AGS,Yes,116.62,0.00,L,human,Epithelial,Adult,stomach,3.00,MTS,TetrazoliumSalt,79.87,2.81,Ti,0.85
2139,TiO2,80.00,-17.60,HUVEC,No,100.36,0.00,P,human,Endothelial,Embryonic,umbilical vein,24.00,CCK-8,TetrazoliumSalt,79.87,2.81,Ti,0.85
2140,TiO2,21.00,-17.60,AGS,Yes,132.00,0.00,L,human,Epithelial,Adult,stomach,6.00,MTS,TetrazoliumSalt,79.87,2.81,Ti,0.85
2141,TiO2,21.00,-17.60,AGS,Yes,100.62,0.00,L,human,Epithelial,Adult,stomach,3.00,MTS,TetrazoliumSalt,79.87,2.81,Ti,0.85
2142,TiO2,80.00,-17.60,HUVEC,No,99.10,0.00,P,human,Endothelial,Embryonic,umbilical vein,24.00,CCK-8,TetrazoliumSalt,79.87,2.81,Ti,0.85
2143,TiO2,80.00,-17.60,HUVEC,No,93.68,0.00,P,human,Endothelial,Embryonic,umbilical vein,24.00,CCK-8,TetrazoliumSalt,79.87,2.81,Ti,0.85
2144,TiO2,100.00,-17.60,HUVEC,No,87.73,0.00,P,human,Endothelial,Embryonic,umbilical vein,24.00,CCK-8,TetrazoliumSalt,79.87,2.81,Ti,0.85
2145,TiO2,100.00,-17.60,HUVEC,No,93.14,0.00,P,human,Endothelial,Embryonic,umbilical vein,24.00,CCK-8,TetrazoliumSalt,79.87,2.81,Ti,0.85
2146,TiO2,100.00,-17.60,HUVEC,No,83.57,0.00,P,human,Endothelial,Embryonic,umbilical vein,24.00,CCK-8,TetrazoliumSalt,79.87,2.81,Ti,0.85
2147,TiO2,24.00,-17.60,A549,Yes,91.52,0.00,L,human,Epithelial,Adult,lung,24.00,MTT,TetrazoliumSalt,79.87,2.81,Ti,0.85
2148,TiO2,35.00,-17.60,A549,Yes,76.40,0.00,L,human,Epithelial,Adult,lung,4.00,WST-8,TetrazoliumSalt,79.87,2.81,Ti,0.85
2149,TiO2,15.00,-17.60,HEK-293,No,92.00,0.00,L,human,Epithelial,Embryonic,kidney,24.00,MTT,TetrazoliumSalt,79.87,2.81,Ti,0.85
2150,TiO2,30.60,-17.60,WISH,Yes,98.30,0.00,L,human,Epithelial,Embryonic,amnion,24.00,NRU,NeutralRed,79.87,2.81,Ti,0.85
2151,TiO2,30.60,-17.60,WISH,Yes,86.90,0.00,L,human,Epithelial,Embryonic,amnion,24.00,NRU,NeutralRed,79.87,2.81,Ti,0.85
2152,TiO2,21.00,-17.60,AGS,Yes,133.85,0.00,L,human,Epithelial,Adult,stomach,6.00,MTS,TetrazoliumSalt,79.87,2.81,Ti,0.85
2153,TiO2,30.60,-17.60,WISH,Yes,80.30,0.00,L,human,Epithelial,Embryonic,amnion,24.00,NRU,NeutralRed,79.87,2.81,Ti,0.85
2154,TiO2,100.00,-17.60,HUVEC,No,87.18,0.00,P,human,Endothelial,Embryonic,umbilical vein,24.00,CCK-8,TetrazoliumSalt,79.87,2.81,Ti,0.85
2155,TiO2,25.00,-17.60,AGS,Yes,121.74,0.00,L,human,Epithelial,Adult,stomach,3.00,MTS,TetrazoliumSalt,79.87,2.81,Ti,0.85
2156,TiO2,47.83,-17.60,LLC-PK1,No,100.00,0.00,L,pig,Epithelial,Adult,kidney,24.00,WST-1,TetrazoliumSalt,79.87,2.81,Ti,0.85
2157,TiO2,21.00,-17.60,AGS,Yes,118.15,0.00,L,human,Epithelial,Adult,stomach,24.00,MTS,TetrazoliumSalt,79.87,2.81,Ti,0.85
2158,TiO2,21.00,-17.60,AGS,Yes,110.15,0.00,L,human,Epithelial,Adult,stomach,24.00,MTS,TetrazoliumSalt,79.87,2.81,Ti,0.85
2159,TiO2,21.00,-17.60,AGS,Yes,128.31,0.00,L,human,Epithelial,Adult,stomach,6.00,MTS,TetrazoliumSalt,79.87,2.81,Ti,0.85
2160,TiO2,21.00,-17.60,AGS,Yes,107.08,0.00,L,human,Epithelial,Adult,stomach,24.00,MTS,TetrazoliumSalt,79.87,2.81,Ti,0.85
2161,TiO2,21.00,-17.60,AGS,Yes,128.00,0.00,L,human,Epithelial,Adult,stomach,6.00,MTS,TetrazoliumSalt,79.87,2.81,Ti,0.85
2162,TiO2,21.00,-17.60,AGS,Yes,135.38,0.00,L,human,Epithelial,Adult,stomach,6.00,MTS,TetrazoliumSalt,79.87,2.81,Ti,0.85
2163,TiO2,21.00,-17.60,AGS,Yes,139.08,0.00,L,human,Epithelial,Adult,stomach,6.00,MTS,TetrazoliumSalt,79.87,2.81,Ti,0.85
2164,TiO2,25.00,-17.60,AGS,Yes,120.46,0.00,L,human,Epithelial,Adult,stomach,3.00,MTS,TetrazoliumSalt,79.87,2.81,Ti,0.85
2165,TiO2,25.00,-17.60,AGS,Yes,117.14,0.00,L,human,Epithelial,Adult,stomach,3.00,MTS,TetrazoliumSalt,79.87,2.81,Ti,0.85
2166,TiO2,42.30,-17.60,HepG2,Yes,94.92,0.00,L,human,Epithelial,Adult,liver,48.00,MTT,TetrazoliumSalt,79.87,2.81,Ti,0.85
2167,TiO2,21.00,-17.60,AGS,Yes,110.77,0.00,L,human,Epithelial,Adult,stomach,24.00,MTS,TetrazoliumSalt,79.87,2.81,Ti,0.85
2168,TiO2,20.00,-17.60,CHO-K1,No,84.20,0.00,L,hamster,Epithelial,Adult,ovary,24.00,MTT,TetrazoliumSalt,79.87,2.81,Ti,0.85
2169,TiO2,20.00,-17.60,CHO-K1,No,61.40,0.00,L,hamster,Epithelial,Adult,ovary,24.00,MTT,TetrazoliumSalt,79.87,2.81,Ti,0.85
2170,TiO2,21.00,-17.60,HFL1,No,39.11,0.00,L,human,Fibroblast,Fetus,lung,48.00,MTT,TetrazoliumSalt,79.87,2.81,Ti,0.85
2171,TiO2,21.00,-17.60,HFL1,No,50.28,0.00,L,human,Fibroblast,Fetus,lung,48.00,MTT,TetrazoliumSalt,79.87,2.81,Ti,0.85
2172,TiO2,21.00,-17.60,AGS,Yes,95.08,0.00,L,human,Epithelial,Adult,stomach,3.00,MTS,TetrazoliumSalt,79.87,2.81,Ti,0.85
2173,TiO2,21.00,-17.60,HFL1,No,57.54,0.00,L,human,Fibroblast,Fetus,lung,48.00,MTT,TetrazoliumSalt,79.87,2.81,Ti,0.85
2174,TiO2,20.00,-17.60,CHO-K1,No,100.00,0.00,L,hamster,Epithelial,Adult,ovary,24.00,NRU,NeutralRed,79.87,2.81,Ti,0.85
2175,TiO2,20.00,-17.60,CHO-K1,No,72.89,0.00,L,hamster,Epithelial,Adult,ovary,24.00,MTT,TetrazoliumSalt,79.87,2.81,Ti,0.85
2176,TiO2,20.00,-17.60,CHO-K1,No,76.30,0.00,L,hamster,Epithelial,Adult,ovary,24.00,MTT,TetrazoliumSalt,79.87,2.81,Ti,0.85
2177,TiO2,21.00,-17.60,AGS,Yes,124.00,0.00,L,human,Epithelial,Adult,stomach,24.00,MTS,TetrazoliumSalt,79.87,2.81,Ti,0.85
2178,TiO2,20.00,-17.60,CHO-K1,No,64.19,0.00,L,hamster,Epithelial,Adult,ovary,24.00,NRU,NeutralRed,79.87,2.81,Ti,0.85
2179,TiO2,21.00,-17.60,AGS,Yes,118.46,0.00,L,human,Epithelial,Adult,stomach,24.00,MTS,TetrazoliumSalt,79.87,2.81,Ti,0.85
2180,TiO2,21.00,-17.60,HFL1,No,67.60,0.00,L,human,Fibroblast,Fetus,lung,48.00,MTT,TetrazoliumSalt,79.87,2.81,Ti,0.85
2181,TiO2,50.00,-17.60,RAW 264.7,Yes,114.32,0.00,L,mouse,Monocyte/Macrophage,Adult,blood,24.00,WST-1,TetrazoliumSalt,79.87,2.81,Ti,0.85
2182,TiO2,30.60,-17.60,WISH,Yes,57.50,0.00,L,human,Epithelial,Embryonic,amnion,24.00,NRU,NeutralRed,79.87,2.81,Ti,0.85
2183,TiO2,30.60,-17.60,WISH,Yes,82.50,0.00,L,human,Epithelial,Embryonic,amnion,24.00,MTT,TetrazoliumSalt,79.87,2.81,Ti,0.85
2184,TiO2,21.00,-17.60,HFL1,No,34.26,0.00,L,human,Fibroblast,Fetus,lung,48.00,MTT,TetrazoliumSalt,79.87,2.81,Ti,0.85
2185,TiO2,24.00,-17.60,A549,Yes,101.80,0.00,L,human,Epithelial,Adult,lung,24.00,MTT,TetrazoliumSalt,79.87,2.81,Ti,0.85
2186,TiO2,24.00,-17.60,A549,Yes,101.80,0.00,L,human,Epithelial,Adult,lung,24.00,MTT,TetrazoliumSalt,79.87,2.81,Ti,0.85
2187,TiO2,30.60,-17.60,WISH,Yes,80.00,0.00,L,human,Epithelial,Embryonic,amnion,24.00,MTT,TetrazoliumSalt,79.87,2.81,Ti,0.85
2188,TiO2,20.00,-17.60,CHO-K1,No,98.44,0.00,L,hamster,Epithelial,Adult,ovary,24.00,NRU,NeutralRed,79.87,2.81,Ti,0.85
2189,TiO2,20.00,-17.60,CHO-K1,No,89.62,0.00,L,hamster,Epithelial,Adult,ovary,24.00,NRU,NeutralRed,79.87,2.81,Ti,0.85
2190,TiO2,30.60,-17.60,WISH,Yes,90.40,0.00,L,human,Epithelial,Embryonic,amnion,24.00,MTT,TetrazoliumSalt,79.87,2.81,Ti,0.85
2191,TiO2,20.00,-17.60,CHO-K1,No,80.45,0.00,L,hamster,Epithelial,Adult,ovary,24.00,NRU,NeutralRed,79.87,2.81,Ti,0.85
2192,TiO2,21.00,-17.60,AGS,Yes,98.46,0.00,L,human,Epithelial,Adult,stomach,3.00,MTS,TetrazoliumSalt,79.87,2.81,Ti,0.85
2193,TiO2,38.00,-17.60,HAEC,No,103.09,0.00,P,human,Endothelial,Adult,aorta,24.00,CytoTox-One?,ldh activity assay kit,79.87,2.81,Ti,0.85
2194,TiO2,21.00,-17.60,AGS,Yes,103.69,0.00,L,human,Epithelial,Adult,stomach,3.00,MTS,TetrazoliumSalt,79.87,2.81,Ti,0.85
2195,TiO2,24.00,-17.60,A549,Yes,104.88,0.00,L,human,Epithelial,Adult,lung,24.00,MTT,TetrazoliumSalt,79.87,2.81,Ti,0.85
2196,TiO2,124.90,-17.60,A431,Yes,75.00,0.00,L,human,Epithelial,Adult,skin,48.00,NR,toluylene red,79.87,2.81,Ti,0.85
2197,TiO2,124.90,-17.60,A431,Yes,94.29,0.00,L,human,Epithelial,Adult,skin,24.00,NR,toluylene red,79.87,2.81,Ti,0.85
2198,TiO2,124.90,-17.60,A431,Yes,92.86,0.00,L,human,Epithelial,Adult,skin,48.00,NR,toluylene red,79.87,2.81,Ti,0.85
2199,TiO2,124.90,-17.60,A431,Yes,92.14,0.00,L,human,Epithelial,Adult,skin,6.00,NR,toluylene red,79.87,2.81,Ti,0.85
2200,TiO2,124.90,-17.60,A431,Yes,87.86,0.00,L,human,Epithelial,Adult,skin,24.00,NR,toluylene red,79.87,2.81,Ti,0.85
2201,TiO2,124.90,-17.60,A431,Yes,85.71,0.00,L,human,Epithelial,Adult,skin,48.00,NR,toluylene red,79.87,2.81,Ti,0.85
2202,TiO2,124.90,-17.60,A431,Yes,91.43,0.00,L,human,Epithelial,Adult,skin,6.00,NR,toluylene red,79.87,2.81,Ti,0.85
2203,TiO2,124.90,-17.60,A431,Yes,85.71,0.00,L,human,Epithelial,Adult,skin,24.00,NR,toluylene red,79.87,2.81,Ti,0.85
2204,TiO2,124.90,-17.60,A431,Yes,92.14,0.00,L,human,Epithelial,Adult,skin,6.00,NR,toluylene red,79.87,2.81,Ti,0.85
2205,TiO2,124.90,-17.60,A431,Yes,98.57,0.00,L,human,Epithelial,Adult,skin,6.00,NR,toluylene red,79.87,2.81,Ti,0.85
2206,TiO2,124.90,-17.60,A431,Yes,77.86,0.00,L,human,Epithelial,Adult,skin,24.00,NR,toluylene red,79.87,2.81,Ti,0.85
2207,TiO2,124.90,-17.60,A431,Yes,65.00,0.00,L,human,Epithelial,Adult,skin,48.00,NR,toluylene red,79.87,2.81,Ti,0.85
2208,TiO2,124.90,-17.60,A431,Yes,100.00,0.00,L,human,Epithelial,Adult,skin,6.00,NR,toluylene red,79.87,2.81,Ti,0.85
2209,TiO2,30.60,-17.60,WISH,Yes,75.70,0.00,L,human,Epithelial,Embryonic,amnion,24.00,MTT,TetrazoliumSalt,79.87,2.81,Ti,0.85
2210,TiO2,15.00,-17.60,HEK-293,No,32.70,0.00,L,human,Epithelial,Embryonic,kidney,72.00,MTT,TetrazoliumSalt,79.87,2.81,Ti,0.85
2211,TiO2,15.00,-17.60,HEK-293,No,79.10,0.00,L,human,Epithelial,Embryonic,kidney,72.00,MTT,TetrazoliumSalt,79.87,2.81,Ti,0.85
2212,TiO2,21.00,-17.60,AGS,Yes,106.15,0.00,L,human,Epithelial,Adult,stomach,3.00,MTS,TetrazoliumSalt,79.87,2.81,Ti,0.85
2213,TiO2,38.00,-17.60,HAEC,No,97.09,0.00,P,human,Endothelial,Adult,aorta,24.00,CellTiterGlo,luciferase,79.87,2.81,Ti,0.85
2214,TiO2,38.00,-17.60,HAEC,No,91.64,0.00,P,human,Endothelial,Adult,aorta,24.00,CellTiterGlo,luciferase,79.87,2.81,Ti,0.85
2215,TiO2,38.00,-17.60,HAEC,No,87.82,0.00,P,human,Endothelial,Adult,aorta,24.00,ApoTox-Glo™ Tripl,caspase-glo® 3/7 reagen,79.87,2.81,Ti,0.85
2216,TiO2,38.00,-17.60,HAEC,No,81.27,0.00,P,human,Endothelial,Adult,aorta,24.00,CellTiterGlo,luciferase,79.87,2.81,Ti,0.85
2217,TiO2,38.00,-17.60,HAEC,No,80.18,0.00,P,human,Endothelial,Adult,aorta,24.00,CellTiterGlo,luciferase,79.87,2.81,Ti,0.85
2218,TiO2,38.00,-17.60,HUVEC,No,87.82,0.00,P,human,Endothelial,Embryonic,umbilical cord,24.00,ApoTox-Glo™ Tripl,caspase-glo® 3/7 reagen,79.87,2.81,Ti,0.85
2219,TiO2,38.00,-17.60,HUVEC,No,89.45,0.00,P,human,Endothelial,Embryonic,umbilical cord,24.00,ApoTox-Glo™ Tripl,caspase-glo® 3/7 reagen,79.87,2.81,Ti,0.85
2220,TiO2,38.00,-17.60,HUVEC,No,88.91,0.00,P,human,Endothelial,Embryonic,umbilical cord,24.00,ApoTox-Glo™ Tripl,caspase-glo® 3/7 reagen,79.87,2.81,Ti,0.85
2221,TiO2,38.00,-17.60,HUVEC,No,88.91,0.00,P,human,Endothelial,Embryonic,umbilical cord,24.00,ApoTox-Glo™ Tripl,caspase-glo® 3/7 reagen,79.87,2.81,Ti,0.85
2222,TiO2,38.00,-17.60,HUVEC,No,97.09,0.00,P,human,Endothelial,Embryonic,umbilical cord,24.00,ApoTox-Glo™ Tripl,caspase-glo® 3/7 reagen,79.87,2.81,Ti,0.85
2223,TiO2,15.00,-17.60,HEK-293,No,63.30,0.00,L,human,Epithelial,Embryonic,kidney,72.00,MTT,TetrazoliumSalt,79.87,2.81,Ti,0.85
2224,TiO2,38.00,-17.60,HUVEC,No,88.36,0.00,P,human,Endothelial,Embryonic,umbilical cord,24.00,ApoTox-Glo™ Tripl,caspase-glo® 3/7 reagen,79.87,2.81,Ti,0.85
2225,TiO2,38.00,-17.60,HUVEC,No,98.73,0.00,P,human,Endothelial,Embryonic,umbilical cord,24.00,CytoTox-One?,ldh activity assay kit,79.87,2.81,Ti,0.85
2226,TiO2,38.00,-17.60,HUVEC,No,95.45,0.00,P,human,Endothelial,Embryonic,umbilical cord,24.00,CytoTox-One?,ldh activity assay kit,79.87,2.81,Ti,0.85
2227,TiO2,38.00,-17.60,HUVEC,No,91.09,0.00,P,human,Endothelial,Embryonic,umbilical cord,24.00,CytoTox-One?,ldh activity assay kit,79.87,2.81,Ti,0.85
2228,TiO2,30.60,-17.60,WISH,Yes,93.80,0.00,L,human,Epithelial,Embryonic,amnion,24.00,NRU,NeutralRed,79.87,2.81,Ti,0.85
2229,TiO2,30.60,-17.60,WISH,Yes,75.50,0.00,L,human,Epithelial,Embryonic,amnion,24.00,MTT,TetrazoliumSalt,79.87,2.81,Ti,0.85
2230,TiO2,15.00,-17.60,HEK-293,No,85.40,0.00,L,human,Epithelial,Embryonic,kidney,24.00,MTT,TetrazoliumSalt,79.87,2.81,Ti,0.85
2231,TiO2,42.30,-17.60,HepG2,Yes,90.79,0.00,L,human,Epithelial,Adult,liver,48.00,MTT,TetrazoliumSalt,79.87,2.81,Ti,0.85
2232,TiO2,15.00,-17.60,HEK-293,No,66.40,0.00,L,human,Epithelial,Embryonic,kidney,24.00,MTT,TetrazoliumSalt,79.87,2.81,Ti,0.85
2233,TiO2,15.00,-17.60,HEK-293,No,85.20,0.00,L,human,Epithelial,Embryonic,kidney,48.00,MTT,TetrazoliumSalt,79.87,2.81,Ti,0.85
2234,TiO2,15.00,-17.60,HEK-293,No,69.10,0.00,L,human,Epithelial,Embryonic,kidney,48.00,MTT,TetrazoliumSalt,79.87,2.81,Ti,0.85
2235,TiO2,15.00,-17.60,HEK-293,No,44.80,0.00,L,human,Epithelial,Embryonic,kidney,48.00,MTT,TetrazoliumSalt,79.87,2.81,Ti,0.85
2236,TiO2,38.00,-17.60,HUVEC,No,99.82,0.00,P,human,Endothelial,Embryonic,umbilical cord,24.00,CytoTox-One?,ldh activity assay kit,79.87,2.81,Ti,0.85
2237,TiO2,47.83,-17.60,LLC-PK1,No,100.00,0.00,L,pig,Epithelial,Adult,kidney,24.00,WST-1,TetrazoliumSalt,79.87,2.81,Ti,0.85
2238,TiO2,47.83,-17.60,IP15,No,99.55,0.00,L,human,Spindle,Adult,kidney,24.00,WST-1,TetrazoliumSalt,79.87,2.81,Ti,0.85
2239,TiO2,47.83,-17.60,LLC-PK1,No,100.00,0.00,L,pig,Epithelial,Adult,kidney,24.00,WST-1,TetrazoliumSalt,79.87,2.81,Ti,0.85
2240,TiO2,150.00,-17.60,Fibroblasts,No,92.86,0.00,P,human,Fibroblast,Adult,skin,4.00,MTS,TetrazoliumSalt,79.87,2.81,Ti,0.85
2241,TiO2,150.00,-17.60,Fibroblasts,No,92.48,0.00,P,human,Fibroblast,Adult,skin,4.00,MTS,TetrazoliumSalt,79.87,2.81,Ti,0.85
2242,TiO2,150.00,-17.60,Fibroblasts,No,92.48,0.00,P,human,Fibroblast,Adult,skin,4.00,MTS,TetrazoliumSalt,79.87,2.81,Ti,0.85
2243,TiO2,150.00,-17.60,Fibroblasts,No,92.73,0.00,P,human,Fibroblast,Adult,skin,4.00,MTS,TetrazoliumSalt,79.87,2.81,Ti,0.85
2244,TiO2,115.00,-17.60,Caco-2,Yes,100.00,0.00,L,human,Epithelial,Adult,colon,24.00,Live/Dead,sytox red,79.87,2.81,Ti,0.85
2245,TiO2,150.00,-17.60,Fibroblasts,No,91.73,0.00,P,human,Fibroblast,Adult,skin,4.00,MTS,TetrazoliumSalt,79.87,2.81,Ti,0.85
2246,TiO2,100.00,-17.60,Lymphocyte,No,85.19,0.00,P,human,Lymphoblast,Adult,blood,3.00,Resazurin,AlamarBlue,79.87,2.81,Ti,0.85
2247,TiO2,150.00,-17.60,Fibroblasts,No,88.72,0.00,P,human,Fibroblast,Adult,skin,4.00,MTS,TetrazoliumSalt,79.87,2.81,Ti,0.85
2248,TiO2,150.00,-17.60,Fibroblasts,No,79.45,0.00,P,human,Fibroblast,Adult,skin,4.00,MTS,TetrazoliumSalt,79.87,2.81,Ti,0.85
2249,TiO2,150.00,-17.60,Fibroblasts,No,70.68,0.00,P,human,Fibroblast,Adult,skin,4.00,MTS,TetrazoliumSalt,79.87,2.81,Ti,0.85
2250,TiO2,100.00,-17.60,Lymphocyte,No,100.00,0.00,P,human,Lymphoblast,Adult,blood,3.00,NR,toluylene red,79.87,2.81,Ti,0.85
2251,TiO2,420.70,-9.96,AGS,Yes,97.16,0.00,L,human,Epithelial,Adult,stomach,6.00,MTS,TetrazoliumSalt,79.87,2.81,Ti,0.85
2252,TiO2,115.00,-17.60,Caco-2,Yes,100.00,0.00,L,human,Epithelial,Adult,colon,24.00,Live/Dead,annexin v,79.87,2.81,Ti,0.85
2253,TiO2,170.00,-17.60,RAW 264.7,Yes,17.44,0.00,L,mouse,Monocyte/Macrophage,Adult,blood,24.00,LDH,ldh activity assay kit,79.87,2.81,Ti,0.85
2254,TiO2,5.00,-17.60,SH-SY5Y,Yes,136.91,0.00,L,human,Epithelial,Adult,bone marrow,24.00,MTT,TetrazoliumSalt,79.87,2.81,Ti,0.85
2255,TiO2,11.69,-17.60,LLC-PK1,No,61.43,0.00,L,pig,Epithelial,Adult,kidney,24.00,WST-1,TetrazoliumSalt,79.87,2.81,Ti,0.85
2256,TiO2,11.69,-17.60,IP15,No,78.92,0.00,L,human,Spindle,Adult,kidney,24.00,WST-1,TetrazoliumSalt,79.87,2.81,Ti,0.85
2257,TiO2,11.69,-17.60,LLC-PK1,No,100.00,0.00,L,pig,Epithelial,Adult,kidney,24.00,WST-1,TetrazoliumSalt,79.87,2.81,Ti,0.85
2258,TiO2,11.69,-17.60,LLC-PK1,No,100.00,0.00,L,pig,Epithelial,Adult,kidney,24.00,WST-1,TetrazoliumSalt,79.87,2.81,Ti,0.85
2259,TiO2,11.69,-17.60,LLC-PK1,No,97.31,0.00,L,pig,Epithelial,Adult,kidney,24.00,WST-1,TetrazoliumSalt,79.87,2.81,Ti,0.85
2260,TiO2,11.69,-17.60,LLC-PK1,No,100.00,0.00,L,pig,Epithelial,Adult,kidney,24.00,WST-1,TetrazoliumSalt,79.87,2.81,Ti,0.85
2261,TiO2,11.69,-17.60,LLC-PK1,No,100.00,0.00,L,pig,Epithelial,Adult,kidney,24.00,WST-1,TetrazoliumSalt,79.87,2.81,Ti,0.85
2262,TiO2,11.69,-17.60,LLC-PK1,No,100.00,0.00,L,pig,Epithelial,Adult,kidney,24.00,WST-1,TetrazoliumSalt,79.87,2.81,Ti,0.85
2263,TiO2,100.00,-17.60,Lymphocyte,No,81.48,0.00,P,human,Lymphoblast,Adult,blood,3.00,Resazurin,AlamarBlue,79.87,2.81,Ti,0.85
2264,TiO2,11.69,-17.60,LLC-PK1,No,30.94,0.00,L,pig,Epithelial,Adult,kidney,24.00,WST-1,TetrazoliumSalt,79.87,2.81,Ti,0.85
2265,TiO2,115.00,-17.60,Caco-2,Yes,99.42,0.00,L,human,Epithelial,Adult,colon,24.00,MTT,TetrazoliumSalt,79.87,2.81,Ti,0.85
2266,TiO2,25.00,-17.60,A549,Yes,84.34,0.00,L,human,Epithelial,Adult,lung,24.00,MTT,TetrazoliumSalt,79.87,2.81,Ti,0.85
2267,TiO2,25.00,-17.60,A549,Yes,97.74,0.00,L,human,Epithelial,Adult,lung,6.00,MTT,TetrazoliumSalt,79.87,2.81,Ti,0.85
2268,TiO2,25.00,-17.60,A549,Yes,95.16,0.00,L,human,Epithelial,Adult,lung,6.00,MTT,TetrazoliumSalt,79.87,2.81,Ti,0.85
2269,TiO2,25.00,-17.60,A549,Yes,96.94,0.00,L,human,Epithelial,Adult,lung,6.00,MTT,TetrazoliumSalt,79.87,2.81,Ti,0.85
2270,TiO2,25.00,-17.60,A549,Yes,95.16,0.00,L,human,Epithelial,Adult,lung,6.00,MTT,TetrazoliumSalt,79.87,2.81,Ti,0.85
2271,TiO2,25.00,-17.60,A549,Yes,97.74,0.00,L,human,Epithelial,Adult,lung,24.00,MTT,TetrazoliumSalt,79.87,2.81,Ti,0.85
2272,TiO2,25.00,-17.60,A549,Yes,95.65,0.00,L,human,Epithelial,Adult,lung,24.00,MTT,TetrazoliumSalt,79.87,2.81,Ti,0.85
2273,TiO2,25.00,-17.60,A549,Yes,92.19,0.00,L,human,Epithelial,Adult,lung,24.00,MTT,TetrazoliumSalt,79.87,2.81,Ti,0.85
2274,TiO2,25.00,-17.60,A549,Yes,87.07,0.00,L,human,Epithelial,Adult,lung,24.00,MTT,TetrazoliumSalt,79.87,2.81,Ti,0.85
2275,TiO2,25.00,-17.60,A549,Yes,97.74,0.00,L,human,Epithelial,Adult,lung,48.00,MTT,TetrazoliumSalt,79.87,2.81,Ti,0.85
2276,TiO2,15.84,-17.60,A549,Yes,14.71,0.00,L,human,Epithelial,Adult,lung,48.00,MTT,TetrazoliumSalt,79.87,2.81,Ti,0.85
2277,TiO2,25.00,-17.60,A549,Yes,92.74,0.00,L,human,Epithelial,Adult,lung,48.00,MTT,TetrazoliumSalt,79.87,2.81,Ti,0.85
2278,TiO2,25.00,-17.60,A549,Yes,82.34,0.00,L,human,Epithelial,Adult,lung,48.00,MTT,TetrazoliumSalt,79.87,2.81,Ti,0.85
2279,TiO2,25.00,-17.60,A549,Yes,78.89,0.00,L,human,Epithelial,Adult,lung,48.00,MTT,TetrazoliumSalt,79.87,2.81,Ti,0.85
2280,TiO2,15.84,-17.60,A549,Yes,89.37,0.00,L,human,Epithelial,Adult,lung,48.00,MTT,TetrazoliumSalt,79.87,2.81,Ti,0.85
2281,TiO2,15.84,-17.60,A549,Yes,75.09,0.00,L,human,Epithelial,Adult,lung,48.00,MTT,TetrazoliumSalt,79.87,2.81,Ti,0.85
2282,TiO2,15.84,-17.60,A549,Yes,64.11,0.00,L,human,Epithelial,Adult,lung,48.00,MTT,TetrazoliumSalt,79.87,2.81,Ti,0.85
2283,TiO2,15.84,-17.60,A549,Yes,25.40,0.00,L,human,Epithelial,Adult,lung,48.00,MTT,TetrazoliumSalt,79.87,2.81,Ti,0.85
2284,TiO2,50.00,-17.60,A431,Yes,65.31,0.00,L,human,Epithelial,Adult,skin,48.00,NRU,NeutralRed,79.87,2.81,Ti,0.85
2285,TiO2,5.00,-17.60,SH-SY5Y,Yes,99.23,0.00,L,human,Epithelial,Adult,bone marrow,24.00,MTT,TetrazoliumSalt,79.87,2.81,Ti,0.85
2286,TiO2,5.00,-17.60,SH-SY5Y,Yes,104.44,0.00,L,human,Epithelial,Adult,bone marrow,24.00,MTT,TetrazoliumSalt,79.87,2.81,Ti,0.85
2287,TiO2,150.00,-17.60,Fibroblasts,No,95.86,0.00,P,human,Fibroblast,Adult,skin,4.00,MTS,TetrazoliumSalt,79.87,2.81,Ti,0.85
2288,TiO2,115.00,-17.60,Caco-2,Yes,100.21,0.00,L,human,Epithelial,Adult,colon,24.00,LDH,ldh activity assay kit,79.87,2.81,Ti,0.85
2289,TiO2,25.00,-17.60,A549,Yes,88.72,0.00,L,human,Epithelial,Adult,lung,48.00,MTT,TetrazoliumSalt,79.87,2.81,Ti,0.85
2290,TiO2,25.00,-17.60,A549,Yes,100.97,0.00,L,human,Epithelial,Adult,lung,6.00,MTT,TetrazoliumSalt,79.87,2.81,Ti,0.85
2291,TiO2,170.00,-17.60,RAW 264.7,Yes,17.43,0.00,L,mouse,Monocyte/Macrophage,Adult,blood,24.00,LDH,ldh activity assay kit,79.87,2.81,Ti,0.85
2292,TiO2,150.00,-17.60,Fibroblasts,No,94.49,0.00,P,human,Fibroblast,Adult,skin,24.00,MTS,TetrazoliumSalt,79.87,2.81,Ti,0.85
2293,TiO2,50.00,-17.60,A431,Yes,74.17,0.00,L,human,Epithelial,Adult,skin,48.00,MTT,TetrazoliumSalt,79.87,2.81,Ti,0.85
2294,TiO2,50.00,-17.60,A431,Yes,85.02,0.00,L,human,Epithelial,Adult,skin,48.00,MTT,TetrazoliumSalt,79.87,2.81,Ti,0.85
2295,TiO2,50.00,-17.60,A431,Yes,96.39,0.00,L,human,Epithelial,Adult,skin,48.00,MTT,TetrazoliumSalt,79.87,2.81,Ti,0.85
2296,TiO2,50.00,-17.60,A431,Yes,93.05,0.00,L,human,Epithelial,Adult,skin,48.00,NRU,NeutralRed,79.87,2.81,Ti,0.85
2297,TiO2,38.00,-17.60,HAEC,No,88.36,0.00,P,human,Endothelial,Adult,aorta,24.00,ApoTox-Glo™ Tripl,caspase-glo® 3/7 reagen,79.87,2.81,Ti,0.85
2298,TiO2,38.00,-17.60,HAEC,No,98.73,0.00,P,human,Endothelial,Adult,aorta,24.00,CytoTox-One?,ldh activity assay kit,79.87,2.81,Ti,0.85
2299,TiO2,38.00,-17.60,HAEC,No,97.64,0.00,P,human,Endothelial,Adult,aorta,24.00,CytoTox-One?,ldh activity assay kit,79.87,2.81,Ti,0.85
2300,TiO2,38.00,-17.60,HAEC,No,96.00,0.00,P,human,Endothelial,Adult,aorta,24.00,CytoTox-One?,ldh activity assay kit,79.87,2.81,Ti,0.85
2301,TiO2,38.00,-17.60,HAEC,No,91.64,0.00,P,human,Endothelial,Adult,aorta,24.00,CytoTox-One?,ldh activity assay kit,79.87,2.81,Ti,0.85
2302,TiO2,38.00,-17.60,HAEC,No,100.36,0.00,P,human,Endothelial,Adult,aorta,24.00,CytoTox-One?,ldh activity assay kit,79.87,2.81,Ti,0.85
2303,TiO2,160.50,-27.80,AGS,Yes,101.60,0.00,L,human,Epithelial,Adult,stomach,3.00,MTS,TetrazoliumSalt,79.87,2.81,Ti,0.85
2304,TiO2,5.00,-17.60,SH-SY5Y,Yes,162.02,0.00,L,human,Epithelial,Adult,bone marrow,24.00,MTT,TetrazoliumSalt,79.87,2.81,Ti,0.85
2305,TiO2,38.00,-17.60,HAEC,No,103.64,0.00,P,human,Endothelial,Adult,aorta,24.00,CellTiterGlo,luciferase,79.87,2.81,Ti,0.85
2306,TiO2,6.00,-17.60,SIRC,No,94.42,0.00,L,rabbit,Fibroblast,Adult,cornea,24.00,MTT,TetrazoliumSalt,79.87,2.81,Ti,0.85
2307,TiO2,6.00,-17.60,SIRC,No,93.23,0.00,L,rabbit,Fibroblast,Adult,cornea,24.00,MTT,TetrazoliumSalt,79.87,2.81,Ti,0.85
2308,TiO2,6.00,-17.60,SIRC,No,92.05,0.00,L,rabbit,Fibroblast,Adult,cornea,24.00,MTT,TetrazoliumSalt,79.87,2.81,Ti,0.85
2309,TiO2,6.00,-17.60,SIRC,No,89.34,0.00,L,rabbit,Fibroblast,Adult,cornea,24.00,MTT,TetrazoliumSalt,79.87,2.81,Ti,0.85
2310,TiO2,6.00,-17.60,SIRC,No,87.31,0.00,L,rabbit,Fibroblast,Adult,cornea,24.00,MTT,TetrazoliumSalt,79.87,2.81,Ti,0.85
2311,TiO2,50.00,-17.60,A431,Yes,77.51,0.00,L,human,Epithelial,Adult,skin,24.00,NRU,NeutralRed,79.87,2.81,Ti,0.85
2312,TiO2,60.00,-17.60,THP-1,Yes,44.90,0.00,L,human,Monocyte,Adult,blood,24.00,MTT,TetrazoliumSalt,79.87,2.81,Ti,0.85
2313,TiO2,50.00,-17.60,A431,Yes,80.47,0.00,L,human,Epithelial,Adult,skin,24.00,MTT,TetrazoliumSalt,79.87,2.81,Ti,0.85
2314,TiO2,38.00,-17.60,HAEC,No,90.00,0.00,P,human,Endothelial,Adult,aorta,24.00,ApoTox-Glo™ Tripl,caspase-glo® 3/7 reagen,79.87,2.81,Ti,0.85
2315,TiO2,24.59,-17.60,Caco-2,Yes,64.71,0.00,L,human,Epithelial,Adult,colon,48.00,MTT,TetrazoliumSalt,79.87,2.81,Ti,0.85
2316,TiO2,47.83,-17.60,LLC-PK1,No,100.00,0.00,L,pig,Epithelial,Adult,kidney,24.00,WST-1,TetrazoliumSalt,79.87,2.81,Ti,0.85
2317,TiO2,6.00,-17.60,SIRC,No,98.31,0.00,L,rabbit,Fibroblast,Adult,cornea,24.00,MTT,TetrazoliumSalt,79.87,2.81,Ti,0.85
2318,TiO2,150.00,-17.60,Fibroblasts,No,93.48,0.00,P,human,Fibroblast,Adult,skin,24.00,MTS,TetrazoliumSalt,79.87,2.81,Ti,0.85
2319,TiO2,60.00,-17.60,THP-1,Yes,87.47,0.00,L,human,Monocyte,Adult,blood,24.00,MTT,TetrazoliumSalt,79.87,2.81,Ti,0.85
2320,TiO2,60.00,-17.60,THP-1,Yes,51.77,0.00,L,human,Monocyte,Adult,blood,24.00,MTT,TetrazoliumSalt,79.87,2.81,Ti,0.85
2321,TiO2,170.00,-17.60,RAW 264.7,Yes,131.11,0.00,L,mouse,Monocyte/Macrophage,Adult,blood,24.00,WST-1,TetrazoliumSalt,79.87,2.81,Ti,0.85
2322,TiO2,150.00,-17.60,Fibroblasts,No,94.49,0.00,P,human,Fibroblast,Adult,skin,24.00,MTS,TetrazoliumSalt,79.87,2.81,Ti,0.85
2323,TiO2,170.00,-17.60,RAW 264.7,Yes,147.13,0.00,L,mouse,Monocyte/Macrophage,Adult,blood,24.00,WST-1,TetrazoliumSalt,79.87,2.81,Ti,0.85
2324,TiO2,170.00,-17.60,RAW 264.7,Yes,21.19,0.00,L,mouse,Monocyte/Macrophage,Adult,blood,24.00,LDH,ldh activity assay kit,79.87,2.81,Ti,0.85
2325,TiO2,170.00,-17.60,RAW 264.7,Yes,20.07,0.00,L,mouse,Monocyte/Macrophage,Adult,blood,24.00,LDH,ldh activity assay kit,79.87,2.81,Ti,0.85
2326,TiO2,170.00,-17.60,RAW 264.7,Yes,19.70,0.00,L,mouse,Monocyte/Macrophage,Adult,blood,24.00,LDH,ldh activity assay kit,79.87,2.81,Ti,0.85
2327,TiO2,100.00,-17.60,Lymphocyte,No,92.59,0.00,P,human,Lymphoblast,Adult,blood,3.00,Resazurin,AlamarBlue,79.87,2.81,Ti,0.85
2328,TiO2,38.00,-17.60,HAEC,No,90.00,0.00,P,human,Endothelial,Adult,aorta,24.00,ApoTox-Glo™ Tripl,caspase-glo® 3/7 reagen,79.87,2.81,Ti,0.85
2329,TiO2,38.00,-17.60,HAEC,No,84.55,0.00,P,human,Endothelial,Adult,aorta,24.00,ApoTox-Glo™ Tripl,caspase-glo® 3/7 reagen,79.87,2.81,Ti,0.85
2330,TiO2,50.00,-17.60,A431,Yes,88.33,0.00,L,human,Epithelial,Adult,skin,24.00,NRU,NeutralRed,79.87,2.81,Ti,0.85
2331,TiO2,50.00,-17.60,A431,Yes,68.22,0.00,L,human,Epithelial,Adult,skin,48.00,MTT,TetrazoliumSalt,79.87,2.81,Ti,0.85
2332,TiO2,60.00,-17.60,THP-1,Yes,61.20,0.00,L,human,Monocyte,Adult,blood,24.00,MTT,TetrazoliumSalt,79.87,2.81,Ti,0.85
2333,TiO2,50.00,-17.60,A431,Yes,98.75,0.00,L,human,Epithelial,Adult,skin,6.00,NRU,NeutralRed,79.87,2.81,Ti,0.85
2334,TiO2,50.00,-17.60,A431,Yes,92.26,0.00,L,human,Epithelial,Adult,skin,6.00,NRU,NeutralRed,79.87,2.81,Ti,0.85
2335,TiO2,50.00,-17.60,A431,Yes,91.67,0.00,L,human,Epithelial,Adult,skin,6.00,NRU,NeutralRed,79.87,2.81,Ti,0.85
2336,TiO2,50.00,-17.60,A431,Yes,90.30,0.00,L,human,Epithelial,Adult,skin,6.00,NRU,NeutralRed,79.87,2.81,Ti,0.85
2337,TiO2,50.00,-17.60,A431,Yes,97.57,0.00,L,human,Epithelial,Adult,skin,24.00,NRU,NeutralRed,79.87,2.81,Ti,0.85
2338,TiO2,50.00,-17.60,A431,Yes,93.84,0.00,L,human,Epithelial,Adult,skin,24.00,NRU,NeutralRed,79.87,2.81,Ti,0.85
2339,TiO2,50.00,-17.60,A431,Yes,85.38,0.00,L,human,Epithelial,Adult,skin,24.00,NRU,NeutralRed,79.87,2.81,Ti,0.85
2340,TiO2,38.00,-17.60,HAEC,No,100.36,0.00,P,human,Endothelial,Adult,aorta,24.00,ApoTox-Glo™ Tripl,caspase-glo® 3/7 reagen,79.87,2.81,Ti,0.85
2341,TiO2,50.00,-17.60,A431,Yes,83.44,0.00,L,human,Epithelial,Adult,skin,24.00,MTT,TetrazoliumSalt,79.87,2.81,Ti,0.85
2342,TiO2,50.00,-17.60,A431,Yes,97.57,0.00,L,human,Epithelial,Adult,skin,48.00,NRU,NeutralRed,79.87,2.81,Ti,0.85
2343,TiO2,50.00,-17.60,A431,Yes,88.34,0.00,L,human,Epithelial,Adult,skin,24.00,MTT,TetrazoliumSalt,79.87,2.81,Ti,0.85
2344,TiO2,50.00,-17.60,A431,Yes,98.66,0.00,L,human,Epithelial,Adult,skin,24.00,MTT,TetrazoliumSalt,79.87,2.81,Ti,0.85
2345,TiO2,50.00,-17.60,A431,Yes,99.34,0.00,L,human,Epithelial,Adult,skin,6.00,NRU,NeutralRed,79.87,2.81,Ti,0.85
2346,TiO2,81.80,-17.60,Caco-2,Yes,46.83,0.00,L,human,Epithelial,Adult,colon,48.00,MTT,TetrazoliumSalt,79.87,2.81,Ti,0.85
2347,TiO2,11.69,-17.60,LLC-PK1,No,97.76,0.00,L,pig,Epithelial,Adult,kidney,24.00,WST-1,TetrazoliumSalt,79.87,2.81,Ti,0.85
2348,TiO2,21.00,-17.60,AGS,Yes,105.23,0.00,L,human,Epithelial,Adult,stomach,3.00,MTS,TetrazoliumSalt,79.87,2.81,Ti,0.85
2349,TiO2,160.50,-27.80,AGS,Yes,103.20,0.00,L,human,Epithelial,Adult,stomach,3.00,MTS,TetrazoliumSalt,79.87,2.81,Ti,0.85
2350,TiO2,160.50,-27.80,AGS,Yes,110.40,0.00,L,human,Epithelial,Adult,stomach,24.00,MTS,TetrazoliumSalt,79.87,2.81,Ti,0.85
2351,TiO2,160.50,-27.80,AGS,Yes,104.00,0.00,L,human,Epithelial,Adult,stomach,3.00,MTS,TetrazoliumSalt,79.87,2.81,Ti,0.85
2352,TiO2,160.50,-27.80,AGS,Yes,134.40,0.00,L,human,Epithelial,Adult,stomach,6.00,MTS,TetrazoliumSalt,79.87,2.81,Ti,0.85
2353,TiO2,160.50,-27.80,AGS,Yes,109.60,0.00,L,human,Epithelial,Adult,stomach,24.00,MTS,TetrazoliumSalt,79.87,2.81,Ti,0.85
2354,TiO2,160.50,-27.80,AGS,Yes,107.20,0.00,L,human,Epithelial,Adult,stomach,3.00,MTS,TetrazoliumSalt,79.87,2.81,Ti,0.85
2355,TiO2,35.00,-17.60,A549,Yes,86.72,0.00,L,human,Epithelial,Adult,lung,4.00,ATP,luciferase,79.87,2.81,Ti,0.85
2356,TiO2,35.00,-17.60,A549,Yes,78.52,0.00,L,human,Epithelial,Adult,lung,4.00,ATP,luciferase,79.87,2.81,Ti,0.85
2357,TiO2,35.00,-17.60,A549,Yes,69.53,0.00,L,human,Epithelial,Adult,lung,4.00,ATP,luciferase,79.87,2.81,Ti,0.85
2358,TiO2,35.00,-17.60,A549,Yes,56.64,0.00,L,human,Epithelial,Adult,lung,4.00,ATP,luciferase,79.87,2.81,Ti,0.85
2359,TiO2,100.00,-17.60,Lymphocyte,No,56.00,0.00,P,human,Lymphoblast,Adult,blood,3.00,MTT,TetrazoliumSalt,79.87,2.81,Ti,0.85
2360,TiO2,160.50,-27.80,AGS,Yes,135.20,0.00,L,human,Epithelial,Adult,stomach,6.00,MTS,TetrazoliumSalt,79.87,2.81,Ti,0.85
2361,TiO2,100.00,-17.60,Lymphocyte,No,68.00,0.00,P,human,Lymphoblast,Adult,blood,3.00,MTT,TetrazoliumSalt,79.87,2.81,Ti,0.85
2362,TiO2,35.00,-17.60,A549,Yes,68.59,0.00,L,human,Epithelial,Adult,lung,4.00,WST-8,TetrazoliumSalt,79.87,2.81,Ti,0.85
2363,TiO2,100.00,-17.60,Lymphocyte,No,72.00,0.00,P,human,Lymphoblast,Adult,blood,3.00,WST-1,TetrazoliumSalt,79.87,2.81,Ti,0.85
2364,TiO2,11.69,-17.60,IP15,No,93.27,0.00,L,human,Spindle,Adult,kidney,24.00,WST-1,TetrazoliumSalt,79.87,2.81,Ti,0.85
2365,TiO2,11.69,-17.60,IP15,No,90.58,0.00,L,human,Spindle,Adult,kidney,24.00,WST-1,TetrazoliumSalt,79.87,2.81,Ti,0.85
2366,TiO2,21.00,-17.60,AGS,Yes,103.08,0.00,L,human,Epithelial,Adult,stomach,3.00,MTS,TetrazoliumSalt,79.87,2.81,Ti,0.85
2367,TiO2,24.59,-17.60,Caco-2,Yes,11.43,0.00,L,human,Epithelial,Adult,colon,48.00,MTT,TetrazoliumSalt,79.87,2.81,Ti,0.85
2368,TiO2,24.59,-17.60,A549,Yes,64.70,0.00,L,human,Epithelial,Adult,lung,48.00,MTT,TetrazoliumSalt,79.87,2.81,Ti,0.85
2369,TiO2,15.84,-17.60,Caco-2,Yes,60.52,0.00,L,human,Epithelial,Adult,colon,48.00,MTT,TetrazoliumSalt,79.87,2.81,Ti,0.85
2370,TiO2,15.84,-17.60,Caco-2,Yes,15.11,0.00,L,human,Epithelial,Adult,colon,48.00,MTT,TetrazoliumSalt,79.87,2.81,Ti,0.85
2371,TiO2,15.84,-17.60,Caco-2,Yes,6.00,0.00,L,human,Epithelial,Adult,colon,48.00,MTT,TetrazoliumSalt,79.87,2.81,Ti,0.85
2372,TiO2,24.59,-17.60,Caco-2,Yes,90.72,0.00,L,human,Epithelial,Adult,colon,48.00,MTT,TetrazoliumSalt,79.87,2.81,Ti,0.85
2373,TiO2,100.00,-17.60,Lymphocyte,No,62.00,0.00,P,human,Lymphoblast,Adult,blood,3.00,MTT,TetrazoliumSalt,79.87,2.81,Ti,0.85
2374,TiO2,24.59,-17.60,Caco-2,Yes,78.39,0.00,L,human,Epithelial,Adult,colon,48.00,MTT,TetrazoliumSalt,79.87,2.81,Ti,0.85
2375,TiO2,160.50,-27.80,AGS,Yes,118.40,0.00,L,human,Epithelial,Adult,stomach,24.00,MTS,TetrazoliumSalt,79.87,2.81,Ti,0.85
2376,TiO2,160.50,-27.80,AGS,Yes,135.20,0.00,L,human,Epithelial,Adult,stomach,6.00,MTS,TetrazoliumSalt,79.87,2.81,Ti,0.85
2377,TiO2,420.70,-9.96,AGS,Yes,108.06,0.00,L,human,Epithelial,Adult,stomach,3.00,MTS,TetrazoliumSalt,79.87,2.81,Ti,0.85
2378,TiO2,81.80,-17.60,Caco-2,Yes,15.84,0.00,L,human,Epithelial,Adult,colon,48.00,MTT,TetrazoliumSalt,79.87,2.81,Ti,0.85
2379,TiO2,420.70,-9.96,AGS,Yes,127.48,0.00,L,human,Epithelial,Adult,stomach,6.00,MTS,TetrazoliumSalt,79.87,2.81,Ti,0.85
2380,TiO2,420.70,-9.96,AGS,Yes,99.78,0.00,L,human,Epithelial,Adult,stomach,24.00,MTS,TetrazoliumSalt,79.87,2.81,Ti,0.85
2381,TiO2,160.50,-27.80,AGS,Yes,118.40,0.00,L,human,Epithelial,Adult,stomach,24.00,MTS,TetrazoliumSalt,79.87,2.81,Ti,0.85
2382,TiO2,100.00,-17.60,Lymphocyte,No,108.00,0.00,P,human,Lymphoblast,Adult,blood,3.00,NR,toluylene red,79.87,2.81,Ti,0.85
2383,TiO2,100.00,-17.60,Lymphocyte,No,92.13,0.00,P,human,Lymphoblast,Adult,blood,3.00,Live/Dead,TrypanBlue,79.87,2.81,Ti,0.85
2384,TiO2,100.00,-17.60,Lymphocyte,No,56.00,0.00,P,human,Lymphoblast,Adult,blood,3.00,WST-1,TetrazoliumSalt,79.87,2.81,Ti,0.85
2385,TiO2,100.00,-17.60,Lymphocyte,No,61.00,0.00,P,human,Lymphoblast,Adult,blood,3.00,WST-1,TetrazoliumSalt,79.87,2.81,Ti,0.85
2386,TiO2,100.00,-17.60,Lymphocyte,No,88.62,0.00,P,human,Lymphoblast,Adult,blood,3.00,Live/Dead,TrypanBlue,79.87,2.81,Ti,0.85
2387,TiO2,100.00,-17.60,Lymphocyte,No,125.00,0.00,P,human,Lymphoblast,Adult,blood,3.00,NR,toluylene red,79.87,2.81,Ti,0.85
2388,TiO2,160.50,-27.80,AGS,Yes,94.40,0.00,L,human,Epithelial,Adult,stomach,3.00,MTS,TetrazoliumSalt,79.87,2.81,Ti,0.85
2389,TiO2,38.00,-17.60,HAEC,No,95.45,0.00,P,human,Endothelial,Adult,aorta,24.00,CellTiterGlo,luciferase,79.87,2.81,Ti,0.85
2390,TiO2,160.50,-27.80,AGS,Yes,98.40,0.00,L,human,Epithelial,Adult,stomach,3.00,MTS,TetrazoliumSalt,79.87,2.81,Ti,0.85
2391,TiO2,160.50,-27.80,AGS,Yes,104.80,0.00,L,human,Epithelial,Adult,stomach,3.00,MTS,TetrazoliumSalt,79.87,2.81,Ti,0.85
2392,TiO2,160.50,-27.80,AGS,Yes,139.20,0.00,L,human,Epithelial,Adult,stomach,6.00,MTS,TetrazoliumSalt,79.87,2.81,Ti,0.85
2393,TiO2,47.83,-17.60,IP15,No,94.62,0.00,L,human,Spindle,Adult,kidney,24.00,WST-1,TetrazoliumSalt,79.87,2.81,Ti,0.85
2394,TiO2,420.70,-9.96,AGS,Yes,113.38,0.00,L,human,Epithelial,Adult,stomach,24.00,MTS,TetrazoliumSalt,79.87,2.81,Ti,0.85
2395,TiO2,420.70,-9.96,AGS,Yes,120.27,0.00,L,human,Epithelial,Adult,stomach,3.00,MTS,TetrazoliumSalt,79.87,2.81,Ti,0.85
2396,TiO2,420.70,-9.96,AGS,Yes,107.06,0.00,L,human,Epithelial,Adult,stomach,24.00,MTS,TetrazoliumSalt,79.87,2.81,Ti,0.85
2397,TiO2,100.00,-17.60,Lymphocyte,No,92.93,0.00,P,human,Lymphoblast,Adult,blood,3.00,Live/Dead,TrypanBlue,79.87,2.81,Ti,0.85
2398,TiO2,160.50,-27.80,AGS,Yes,128.80,0.00,L,human,Epithelial,Adult,stomach,6.00,MTS,TetrazoliumSalt,79.87,2.81,Ti,0.85
2399,TiO2,24.59,-17.60,Caco-2,Yes,41.17,0.00,L,human,Epithelial,Adult,colon,48.00,MTT,TetrazoliumSalt,79.87,2.81,Ti,0.85
2400,TiO2,160.50,-27.80,AGS,Yes,132.00,0.00,L,human,Epithelial,Adult,stomach,6.00,MTS,TetrazoliumSalt,79.87,2.81,Ti,0.85
2401,TiO2,81.80,-17.60,Caco-2,Yes,91.63,0.00,L,human,Epithelial,Adult,colon,48.00,MTT,TetrazoliumSalt,79.87,2.81,Ti,0.85
2402,TiO2,81.80,-17.60,A549,Yes,93.15,0.00,L,human,Epithelial,Adult,lung,48.00,MTT,TetrazoliumSalt,79.87,2.81,Ti,0.85
2403,TiO2,81.80,-17.60,A549,Yes,90.20,0.00,L,human,Epithelial,Adult,lung,48.00,MTT,TetrazoliumSalt,79.87,2.81,Ti,0.85
2404,TiO2,81.80,-17.60,A549,Yes,76.51,0.00,L,human,Epithelial,Adult,lung,48.00,MTT,TetrazoliumSalt,79.87,2.81,Ti,0.85
2405,TiO2,81.80,-17.60,A549,Yes,57.40,0.00,L,human,Epithelial,Adult,lung,48.00,MTT,TetrazoliumSalt,79.87,2.81,Ti,0.85
2406,TiO2,42.30,-17.60,Hepatocytes,No,93.33,0.00,P,catfish,Epithelial,Adult,liver,48.00,MTT,TetrazoliumSalt,79.87,2.81,Ti,0.85
2407,TiO2,42.30,-17.60,Hepatocytes,No,96.95,0.00,P,catfish,Epithelial,Adult,liver,48.00,MTT,TetrazoliumSalt,79.87,2.81,Ti,0.85
2408,TiO2,11.69,-17.60,IP15,No,83.41,0.00,L,human,Spindle,Adult,kidney,24.00,WST-1,TetrazoliumSalt,79.87,2.81,Ti,0.85
2409,TiO2,25.00,-17.60,AGS,Yes,119.44,0.00,L,human,Epithelial,Adult,stomach,6.00,MTS,TetrazoliumSalt,79.87,2.81,Ti,0.85
2410,TiO2,25.00,-17.60,HUVEC,No,98.56,0.00,P,human,Endothelial,Embryonic,umbilical vein,24.00,CCK-8,TetrazoliumSalt,79.87,2.81,Ti,0.85
2411,TiO2,25.00,-17.60,AGS,Yes,125.32,0.00,L,human,Epithelial,Adult,stomach,3.00,MTS,TetrazoliumSalt,79.87,2.81,Ti,0.85
2412,TiO2,25.00,-17.60,AGS,Yes,108.95,0.00,L,human,Epithelial,Adult,stomach,3.00,MTS,TetrazoliumSalt,79.87,2.81,Ti,0.85
2413,TiO2,25.00,-17.60,AGS,Yes,98.47,0.00,L,human,Epithelial,Adult,stomach,6.00,MTS,TetrazoliumSalt,79.87,2.81,Ti,0.85
2414,TiO2,25.00,-17.60,AGS,Yes,103.32,0.00,L,human,Epithelial,Adult,stomach,6.00,MTS,TetrazoliumSalt,79.87,2.81,Ti,0.85
2415,TiO2,25.00,-17.60,AGS,Yes,106.65,0.00,L,human,Epithelial,Adult,stomach,6.00,MTS,TetrazoliumSalt,79.87,2.81,Ti,0.85
2416,TiO2,25.00,-17.60,AGS,Yes,108.95,0.00,L,human,Epithelial,Adult,stomach,6.00,MTS,TetrazoliumSalt,79.87,2.81,Ti,0.85
2417,TiO2,25.00,-17.60,AGS,Yes,116.11,0.00,L,human,Epithelial,Adult,stomach,6.00,MTS,TetrazoliumSalt,79.87,2.81,Ti,0.85
2418,TiO2,25.00,-17.60,AGS,Yes,127.62,0.00,L,human,Epithelial,Adult,stomach,6.00,MTS,TetrazoliumSalt,79.87,2.81,Ti,0.85
2419,TiO2,81.80,-17.60,Caco-2,Yes,31.67,0.00,L,human,Epithelial,Adult,colon,48.00,MTT,TetrazoliumSalt,79.87,2.81,Ti,0.85
2420,TiO2,25.00,-17.60,AGS,Yes,112.79,0.00,L,human,Epithelial,Adult,stomach,24.00,MTS,TetrazoliumSalt,79.87,2.81,Ti,0.85
2421,TiO2,25.00,-17.60,AGS,Yes,113.81,0.00,L,human,Epithelial,Adult,stomach,24.00,MTS,TetrazoliumSalt,79.87,2.81,Ti,0.85
2422,TiO2,25.00,-17.60,AGS,Yes,108.95,0.00,L,human,Epithelial,Adult,stomach,24.00,MTS,TetrazoliumSalt,79.87,2.81,Ti,0.85
2423,TiO2,25.00,-17.60,AGS,Yes,113.81,0.00,L,human,Epithelial,Adult,stomach,24.00,MTS,TetrazoliumSalt,79.87,2.81,Ti,0.85
2424,TiO2,25.00,-17.60,AGS,Yes,121.48,0.00,L,human,Epithelial,Adult,stomach,24.00,MTS,TetrazoliumSalt,79.87,2.81,Ti,0.85
2425,TiO2,24.59,-17.60,Caco-2,Yes,20.61,0.00,L,human,Epithelial,Adult,colon,48.00,MTT,TetrazoliumSalt,79.87,2.81,Ti,0.85
2426,TiO2,25.00,-17.60,AGS,Yes,100.51,0.00,L,human,Epithelial,Adult,stomach,24.00,MTS,TetrazoliumSalt,79.87,2.81,Ti,0.85
2427,TiO2,24.59,-17.60,A549,Yes,8.60,0.00,L,human,Epithelial,Adult,lung,48.00,MTT,TetrazoliumSalt,79.87,2.81,Ti,0.85
2428,TiO2,24.59,-17.60,A549,Yes,16.60,0.00,L,human,Epithelial,Adult,lung,48.00,MTT,TetrazoliumSalt,79.87,2.81,Ti,0.85
2429,TiO2,25.00,-17.60,AGS,Yes,124.30,0.00,L,human,Epithelial,Adult,stomach,24.00,MTS,TetrazoliumSalt,79.87,2.81,Ti,0.85
2430,TiO2,42.30,-17.60,Hepatocytes,No,100.19,0.00,P,catfish,Epithelial,Adult,liver,48.00,MTT,TetrazoliumSalt,79.87,2.81,Ti,0.85
2431,TiO2,24.59,-17.60,A549,Yes,30.61,0.00,L,human,Epithelial,Adult,lung,48.00,MTT,TetrazoliumSalt,79.87,2.81,Ti,0.85
2432,TiO2,81.80,-17.60,Caco-2,Yes,87.56,0.00,L,human,Epithelial,Adult,colon,48.00,MTT,TetrazoliumSalt,79.87,2.81,Ti,0.85
2433,TiO2,81.80,-17.60,Caco-2,Yes,78.73,0.00,L,human,Epithelial,Adult,colon,48.00,MTT,TetrazoliumSalt,79.87,2.81,Ti,0.85
2434,TiO2,15.84,-17.60,Caco-2,Yes,26.40,0.00,L,human,Epithelial,Adult,colon,48.00,MTT,TetrazoliumSalt,79.87,2.81,Ti,0.85
2435,TiO2,24.59,-17.60,A549,Yes,80.28,0.00,L,human,Epithelial,Adult,lung,48.00,MTT,TetrazoliumSalt,79.87,2.81,Ti,0.85
2436,TiO2,24.59,-17.60,A549,Yes,91.50,0.00,L,human,Epithelial,Adult,lung,48.00,MTT,TetrazoliumSalt,79.87,2.81,Ti,0.85
2437,TiO2,15.84,-17.60,A549,Yes,5.51,0.00,L,human,Epithelial,Adult,lung,48.00,MTT,TetrazoliumSalt,79.87,2.81,Ti,0.85
2438,TiO2,42.30,-17.60,HepG2,Yes,103.17,0.00,L,human,Epithelial,Adult,liver,48.00,MTT,TetrazoliumSalt,79.87,2.81,Ti,0.85
2439,TiO2,21.00,-17.60,AGS,Yes,134.15,0.00,L,human,Epithelial,Adult,stomach,6.00,MTS,TetrazoliumSalt,79.87,2.81,Ti,0.85
2440,TiO2,15.84,-17.60,Caco-2,Yes,75.45,0.00,L,human,Epithelial,Adult,colon,48.00,MTT,TetrazoliumSalt,79.87,2.81,Ti,0.85
2441,TiO2,81.80,-17.60,A549,Yes,11.51,0.00,L,human,Epithelial,Adult,lung,48.00,MTT,TetrazoliumSalt,79.87,2.81,Ti,0.85
2442,TiO2,42.30,-17.60,Hepatocytes,No,120.38,0.00,P,catfish,Epithelial,Adult,liver,48.00,MTT,TetrazoliumSalt,79.87,2.81,Ti,0.85
2443,TiO2,15.84,-17.60,Caco-2,Yes,87.56,0.00,L,human,Epithelial,Adult,colon,48.00,MTT,TetrazoliumSalt,79.87,2.81,Ti,0.85
2444,TiO2,50.00,-17.60,A431,Yes,74.95,0.00,L,human,Epithelial,Adult,skin,48.00,NRU,NeutralRed,79.87,2.81,Ti,0.85
2445,TiO2,50.00,-17.60,A431,Yes,85.77,0.00,L,human,Epithelial,Adult,skin,48.00,NRU,NeutralRed,79.87,2.81,Ti,0.85
2446,TiO2,50.00,-17.60,A431,Yes,99.88,0.00,L,human,Epithelial,Adult,skin,6.00,MTT,TetrazoliumSalt,79.87,2.81,Ti,0.85
2447,TiO2,50.00,-17.60,A431,Yes,98.66,0.00,L,human,Epithelial,Adult,skin,6.00,MTT,TetrazoliumSalt,79.87,2.81,Ti,0.85
2448,TiO2,50.00,-17.60,A431,Yes,96.91,0.00,L,human,Epithelial,Adult,skin,6.00,MTT,TetrazoliumSalt,79.87,2.81,Ti,0.85
2449,TiO2,50.00,-17.60,A431,Yes,95.34,0.00,L,human,Epithelial,Adult,skin,6.00,MTT,TetrazoliumSalt,79.87,2.81,Ti,0.85
2450,TiO2,50.00,-17.60,A431,Yes,93.06,0.00,L,human,Epithelial,Adult,skin,6.00,MTT,TetrazoliumSalt,79.87,2.81,Ti,0.85
2451,TiO2,50.00,-17.60,A431,Yes,99.88,0.00,L,human,Epithelial,Adult,skin,24.00,MTT,TetrazoliumSalt,79.87,2.81,Ti,0.85
2452,TiO2,21.00,-17.60,AGS,Yes,109.54,0.00,L,human,Epithelial,Adult,stomach,24.00,MTS,TetrazoliumSalt,79.87,2.81,Ti,0.85
2453,TiO2,81.80,-17.60,A549,Yes,37.61,0.00,L,human,Epithelial,Adult,lung,48.00,MTT,TetrazoliumSalt,79.87,2.81,Ti,0.85
2454,TiO2,50.00,-17.60,A431,Yes,97.61,0.00,L,human,Epithelial,Adult,skin,48.00,MTT,TetrazoliumSalt,79.87,2.81,Ti,0.85
2455,ZnO,90.00,-26.00,HepG2,Yes,95.75,0.00,L,human,Epithelial,Adult,liver,24.00,MTT,TetrazoliumSalt,81.41,2.55,Zn,0.88
2456,ZnO,90.00,-26.00,HepG2,Yes,79.91,0.00,L,human,Epithelial,Adult,liver,24.00,MTT,TetrazoliumSalt,81.41,2.55,Zn,0.88
2457,ZnO,20.00,-26.00,HepG2,Yes,24.89,0.00,L,human,Epithelial,Adult,liver,24.00,MTT,TetrazoliumSalt,81.41,2.55,Zn,0.88
2458,ZnO,20.00,-26.00,HepG2,Yes,40.56,0.00,L,human,Epithelial,Adult,liver,24.00,MTT,TetrazoliumSalt,81.41,2.55,Zn,0.88
2459,ZnO,90.00,-26.00,HepG2,Yes,99.56,0.00,L,human,Epithelial,Adult,liver,24.00,MTT,TetrazoliumSalt,81.41,2.55,Zn,0.88
2460,ZnO,90.00,-26.00,HepG2,Yes,48.68,0.00,L,human,Epithelial,Adult,liver,24.00,MTT,TetrazoliumSalt,81.41,2.55,Zn,0.88
2461,ZnO,90.00,-26.00,HepG2,Yes,29.47,0.00,L,human,Epithelial,Adult,liver,24.00,MTT,TetrazoliumSalt,81.41,2.55,Zn,0.88
2462,ZnO,90.00,-26.00,HepG2,Yes,23.61,0.00,L,human,Epithelial,Adult,liver,24.00,MTT,TetrazoliumSalt,81.41,2.55,Zn,0.88
2463,ZnO,40.44,-26.00,Ana-1,No,67.17,0.00,L,mouse,Macrophage,Adult,bone marrow,24.00,CCK-8,TetrazoliumSalt,81.41,2.55,Zn,0.88
2464,ZnO,20.00,-26.00,HepG2,Yes,68.96,0.00,L,human,Epithelial,Adult,liver,24.00,MTT,TetrazoliumSalt,81.41,2.55,Zn,0.88
2465,ZnO,20.00,-26.00,HepG2,Yes,21.67,0.00,L,human,Epithelial,Adult,liver,24.00,MTT,TetrazoliumSalt,81.41,2.55,Zn,0.88
2466,ZnO,18.76,-26.00,Ana-1,No,67.73,0.00,L,mouse,Macrophage,Adult,bone marrow,24.00,CCK-8,TetrazoliumSalt,81.41,2.55,Zn,0.88
2467,ZnO,60.21,-26.00,Ana-1,No,96.81,0.00,L,mouse,Macrophage,Adult,bone marrow,24.00,CCK-8,TetrazoliumSalt,81.41,2.55,Zn,0.88
2468,ZnO,173.48,-26.00,Ana-1,No,35.08,0.00,L,mouse,Macrophage,Adult,bone marrow,24.00,CCK-8,TetrazoliumSalt,81.41,2.55,Zn,0.88
2469,ZnO,173.48,-26.00,Ana-1,No,35.08,0.00,L,mouse,Macrophage,Adult,bone marrow,24.00,CCK-8,TetrazoliumSalt,81.41,2.55,Zn,0.88
2470,ZnO,173.48,-26.00,Ana-1,No,48.59,0.00,L,mouse,Macrophage,Adult,bone marrow,24.00,CCK-8,TetrazoliumSalt,81.41,2.55,Zn,0.88
2471,ZnO,18.76,-26.00,Ana-1,No,79.36,0.00,L,mouse,Macrophage,Adult,bone marrow,24.00,CCK-8,TetrazoliumSalt,81.41,2.55,Zn,0.88
2472,ZnO,18.76,-26.00,Ana-1,No,83.68,0.00,L,mouse,Macrophage,Adult,bone marrow,24.00,CCK-8,TetrazoliumSalt,81.41,2.55,Zn,0.88
2473,ZnO,18.76,-26.00,Ana-1,No,90.81,0.00,L,mouse,Macrophage,Adult,bone marrow,24.00,CCK-8,TetrazoliumSalt,81.41,2.55,Zn,0.88
2474,ZnO,40.44,-26.00,Ana-1,No,34.52,0.00,L,mouse,Macrophage,Adult,bone marrow,24.00,CCK-8,TetrazoliumSalt,81.41,2.55,Zn,0.88
2475,ZnO,40.44,-26.00,Ana-1,No,33.02,0.00,L,mouse,Macrophage,Adult,bone marrow,24.00,CCK-8,TetrazoliumSalt,81.41,2.55,Zn,0.88
2476,ZnO,40.44,-26.00,Ana-1,No,40.90,0.00,L,mouse,Macrophage,Adult,bone marrow,24.00,CCK-8,TetrazoliumSalt,81.41,2.55,Zn,0.88
2477,ZnO,20.00,-26.00,HepG2,Yes,98.10,0.00,L,human,Epithelial,Adult,liver,24.00,MTT,TetrazoliumSalt,81.41,2.55,Zn,0.88
2478,ZnO,200.00,-26.00,HepG2,Yes,60.23,0.00,L,human,Epithelial,Adult,liver,24.00,MTT,TetrazoliumSalt,81.41,2.55,Zn,0.88
2479,ZnO,90.00,-26.00,Caco-2,Yes,25.73,0.00,L,human,Epithelial,Adult,colon,24.00,CCK-8,TetrazoliumSalt,81.41,2.55,Zn,0.88
2480,ZnO,75.00,-26.00,Lymphocyte,No,95.03,0.00,P,human,Lymphoblast,Adult,blood,3.00,MTT,TetrazoliumSalt,81.41,2.55,Zn,0.88
2481,ZnO,94.50,-26.00,THP-1,Yes,36.96,0.00,L,human,Monocyte,Adult,blood,24.00,MTT,TetrazoliumSalt,81.41,2.55,Zn,0.88
2482,ZnO,40.44,-26.00,Ana-1,No,85.74,0.00,L,mouse,Macrophage,Adult,bone marrow,24.00,CCK-8,TetrazoliumSalt,81.41,2.55,Zn,0.88
2483,ZnO,94.50,-26.00,L-132,Yes,29.49,0.00,L,human,Epithelial,Embryonic,lung,24.00,MTT,TetrazoliumSalt,81.41,2.55,Zn,0.88
2484,ZnO,94.50,-26.00,L-132,Yes,94.71,0.00,L,human,Epithelial,Embryonic,lung,24.00,MTT,TetrazoliumSalt,81.41,2.55,Zn,0.88
2485,ZnO,20.00,-26.00,HFL1,No,28.49,0.00,L,human,Fibroblast,Fetus,lung,48.00,MTT,TetrazoliumSalt,81.41,2.55,Zn,0.88
2486,ZnO,20.00,-26.00,HFL1,No,31.47,0.00,L,human,Fibroblast,Fetus,lung,48.00,MTT,TetrazoliumSalt,81.41,2.55,Zn,0.88
2487,ZnO,20.00,-26.00,HFL1,No,39.67,0.00,L,human,Fibroblast,Fetus,lung,48.00,MTT,TetrazoliumSalt,81.41,2.55,Zn,0.88
2488,ZnO,20.00,-26.00,HFL1,No,43.95,0.00,L,human,Fibroblast,Fetus,lung,48.00,MTT,TetrazoliumSalt,81.41,2.55,Zn,0.88
2489,ZnO,20.00,-26.00,HFL1,No,59.78,0.00,L,human,Fibroblast,Fetus,lung,48.00,MTT,TetrazoliumSalt,81.41,2.55,Zn,0.88
2490,ZnO,94.50,-26.00,L-132,Yes,73.56,0.00,L,human,Epithelial,Embryonic,lung,24.00,MTT,TetrazoliumSalt,81.41,2.55,Zn,0.88
2491,ZnO,45.30,-26.00,HCMEC,No,21.64,0.00,P,human,Epithelial,Adult,heart,24.00,MTT,TetrazoliumSalt,81.41,2.55,Zn,0.88
2492,ZnO,20.00,-26.00,HepG2,Yes,87.41,0.00,L,human,Epithelial,Adult,liver,24.00,MTT,TetrazoliumSalt,81.41,2.55,Zn,0.88
2493,ZnO,94.50,-26.00,THP-1,Yes,21.07,0.00,L,human,Monocyte,Adult,blood,24.00,MTT,TetrazoliumSalt,81.41,2.55,Zn,0.88
2494,ZnO,45.30,-26.00,HCMEC,No,92.13,0.00,P,human,Epithelial,Adult,heart,24.00,MTT,TetrazoliumSalt,81.41,2.55,Zn,0.88
2495,ZnO,60.21,-26.00,Ana-1,No,40.53,0.00,L,mouse,Macrophage,Adult,bone marrow,24.00,CCK-8,TetrazoliumSalt,81.41,2.55,Zn,0.88
2496,ZnO,75.00,-26.00,Lymphocyte,No,106.05,0.00,P,human,Lymphoblast,Adult,blood,3.00,MTT,TetrazoliumSalt,81.41,2.55,Zn,0.88
2497,ZnO,75.00,-26.00,Lymphocyte,No,74.76,0.00,P,human,Lymphoblast,Adult,blood,3.00,MTT,TetrazoliumSalt,81.41,2.55,Zn,0.88
2498,ZnO,75.00,-26.00,Lymphocyte,No,91.30,0.00,P,human,Lymphoblast,Adult,blood,3.00,Live/Dead,TrypanBlue,81.41,2.55,Zn,0.88
2499,ZnO,75.00,-26.00,Lymphocyte,No,90.26,0.00,P,human,Lymphoblast,Adult,blood,3.00,Live/Dead,TrypanBlue,81.41,2.55,Zn,0.88
2500,ZnO,75.00,-26.00,Lymphocyte,No,78.96,0.00,P,human,Lymphoblast,Adult,blood,3.00,Live/Dead,TrypanBlue,81.41,2.55,Zn,0.88
2501,ZnO,75.00,-26.00,Lymphocyte,No,65.57,0.00,P,human,Lymphoblast,Adult,blood,3.00,Live/Dead,TrypanBlue,81.41,2.55,Zn,0.88
2502,ZnO,60.21,-26.00,Ana-1,No,68.48,0.00,L,mouse,Macrophage,Adult,bone marrow,24.00,CCK-8,TetrazoliumSalt,81.41,2.55,Zn,0.88
2503,ZnO,60.21,-26.00,Ana-1,No,81.61,0.00,L,mouse,Macrophage,Adult,bone marrow,24.00,CCK-8,TetrazoliumSalt,81.41,2.55,Zn,0.88
2504,ZnO,60.21,-26.00,Ana-1,No,92.50,0.00,L,mouse,Macrophage,Adult,bone marrow,24.00,CCK-8,TetrazoliumSalt,81.41,2.55,Zn,0.88
2505,ZnO,45.30,-26.00,HCMEC,No,42.62,0.00,P,human,Epithelial,Adult,heart,24.00,MTT,TetrazoliumSalt,81.41,2.55,Zn,0.88
2506,ZnO,45.30,-26.00,HCMEC,No,95.72,0.00,P,human,Epithelial,Adult,heart,12.00,MTT,TetrazoliumSalt,81.41,2.55,Zn,0.88
2507,ZnO,8.00,-26.00,CD4+T cells,No,24.81,0.00,P,human,Lymphoblast,Adult,blood,24.00,Live/Dead,PropidiumIodide,81.41,2.55,Zn,0.88
2508,ZnO,100.00,-26.00,SH-SY5Y,Yes,81.23,0.00,L,human,Epithelial,Adult,bone marrow,6.00,MTT,TetrazoliumSalt,81.41,2.55,Zn,0.88
2509,ZnO,45.30,-26.00,HCMEC,No,60.98,0.00,P,human,Epithelial,Adult,heart,24.00,MTT,TetrazoliumSalt,81.41,2.55,Zn,0.88
2510,ZnO,45.30,-26.00,HCMEC,No,97.37,0.00,P,human,Epithelial,Adult,heart,12.00,MTT,TetrazoliumSalt,81.41,2.55,Zn,0.88
2511,ZnO,45.30,-26.00,HCMEC,No,71.48,0.00,P,human,Epithelial,Adult,heart,24.00,MTT,TetrazoliumSalt,81.41,2.55,Zn,0.88
2512,ZnO,45.30,-26.00,HCMEC,No,97.05,0.00,P,human,Epithelial,Adult,heart,24.00,MTT,TetrazoliumSalt,81.41,2.55,Zn,0.88
2513,ZnO,45.30,-26.00,HCMEC,No,96.07,0.00,P,human,Epithelial,Adult,heart,24.00,MTT,TetrazoliumSalt,81.41,2.55,Zn,0.88
2514,ZnO,45.30,-26.00,HCMEC,No,97.71,0.00,P,human,Epithelial,Adult,heart,24.00,MTT,TetrazoliumSalt,81.41,2.55,Zn,0.88
2515,ZnO,45.30,-26.00,HCMEC,No,33.22,0.00,P,human,Epithelial,Adult,heart,12.00,MTT,TetrazoliumSalt,81.41,2.55,Zn,0.88
2516,ZnO,45.30,-26.00,HCMEC,No,36.18,0.00,P,human,Epithelial,Adult,heart,12.00,MTT,TetrazoliumSalt,81.41,2.55,Zn,0.88
2517,ZnO,45.30,-26.00,HCMEC,No,63.82,0.00,P,human,Epithelial,Adult,heart,12.00,MTT,TetrazoliumSalt,81.41,2.55,Zn,0.88
2518,ZnO,45.30,-26.00,HCMEC,No,75.00,0.00,P,human,Epithelial,Adult,heart,12.00,MTT,TetrazoliumSalt,81.41,2.55,Zn,0.88
2519,ZnO,45.30,-26.00,HCMEC,No,91.78,0.00,P,human,Epithelial,Adult,heart,12.00,MTT,TetrazoliumSalt,81.41,2.55,Zn,0.88
2520,ZnO,40.44,-26.00,Ana-1,No,94.00,0.00,L,mouse,Macrophage,Adult,bone marrow,24.00,CCK-8,TetrazoliumSalt,81.41,2.55,Zn,0.88
2521,ZnO,45.30,-26.00,HCMEC,No,98.36,0.00,P,human,Epithelial,Adult,heart,12.00,MTT,TetrazoliumSalt,81.41,2.55,Zn,0.88
2522,ZnO,45.30,-26.00,HCMEC,No,27.87,0.00,P,human,Epithelial,Adult,heart,24.00,MTT,TetrazoliumSalt,81.41,2.55,Zn,0.88
2523,ZnO,67.00,44.10,A549,Yes,100.98,0.00,L,human,Epithelial,Adult,lung,48.00,WST-1,TetrazoliumSalt,81.41,2.55,Zn,0.88
2524,ZnO,8.00,-26.00,CD3+ T cells,No,64.73,0.00,P,human,Lymphoblast,Adult,blood,24.00,Live/Dead,PropidiumIodide,81.41,2.55,Zn,0.88
2525,ZnO,8.00,-26.00,NK cells,No,44.57,0.00,P,human,Lymphoblast,Adult,blood,24.00,Live/Dead,PropidiumIodide,81.41,2.55,Zn,0.88
2526,ZnO,8.00,-26.00,NK cells,No,62.79,0.00,P,human,Lymphoblast,Adult,blood,24.00,Live/Dead,PropidiumIodide,81.41,2.55,Zn,0.88
2527,ZnO,8.00,-26.00,B cells,No,21.32,0.00,P,human,Lymphoblast,Adult,blood,24.00,Live/Dead,PropidiumIodide,81.41,2.55,Zn,0.88
2528,ZnO,8.00,-26.00,B cells,No,43.41,0.00,P,human,Lymphoblast,Adult,blood,24.00,Live/Dead,PropidiumIodide,81.41,2.55,Zn,0.88
2529,ZnO,8.00,-26.00,B cells,No,67.05,0.00,P,human,Lymphoblast,Adult,blood,24.00,Live/Dead,PropidiumIodide,81.41,2.55,Zn,0.88
2530,ZnO,8.00,-26.00,B cells,No,81.01,0.00,P,human,Lymphoblast,Adult,blood,24.00,Live/Dead,PropidiumIodide,81.41,2.55,Zn,0.88
2531,ZnO,8.00,-26.00,B cells,No,89.15,0.00,P,human,Lymphoblast,Adult,blood,24.00,Live/Dead,PropidiumIodide,81.41,2.55,Zn,0.88
2532,ZnO,94.50,-26.00,L-132,Yes,21.31,0.00,L,human,Epithelial,Embryonic,lung,24.00,MTT,TetrazoliumSalt,81.41,2.55,Zn,0.88
2533,ZnO,45.30,-26.00,HCMEC,No,100.33,0.00,P,human,Epithelial,Adult,heart,12.00,MTT,TetrazoliumSalt,81.41,2.55,Zn,0.88
2534,ZnO,60.21,-26.00,Ana-1,No,36.21,0.00,L,mouse,Macrophage,Adult,bone marrow,24.00,CCK-8,TetrazoliumSalt,81.41,2.55,Zn,0.88
2535,ZnO,60.21,-26.00,Ana-1,No,38.84,0.00,L,mouse,Macrophage,Adult,bone marrow,24.00,CCK-8,TetrazoliumSalt,81.41,2.55,Zn,0.88
2536,ZnO,200.00,-26.00,HepG2,Yes,57.02,0.00,L,human,Epithelial,Adult,liver,24.00,MTT,TetrazoliumSalt,81.41,2.55,Zn,0.88
2537,ZnO,100.00,-26.00,SH-SY5Y,Yes,86.76,0.00,L,human,Epithelial,Adult,bone marrow,6.00,MTT,TetrazoliumSalt,81.41,2.55,Zn,0.88
2538,ZnO,100.00,-26.00,SH-SY5Y,Yes,95.85,0.00,L,human,Epithelial,Adult,bone marrow,6.00,MTT,TetrazoliumSalt,81.41,2.55,Zn,0.88
2539,ZnO,100.00,-26.00,SH-SY5Y,Yes,48.42,0.00,L,human,Epithelial,Adult,bone marrow,3.00,MTT,TetrazoliumSalt,81.41,2.55,Zn,0.88
2540,ZnO,100.00,-26.00,SH-SY5Y,Yes,61.66,0.00,L,human,Epithelial,Adult,bone marrow,3.00,MTT,TetrazoliumSalt,81.41,2.55,Zn,0.88
2541,ZnO,100.00,-26.00,SH-SY5Y,Yes,64.82,0.00,L,human,Epithelial,Adult,bone marrow,3.00,MTT,TetrazoliumSalt,81.41,2.55,Zn,0.88
2542,ZnO,100.00,-26.00,SH-SY5Y,Yes,71.15,0.00,L,human,Epithelial,Adult,bone marrow,3.00,MTT,TetrazoliumSalt,81.41,2.55,Zn,0.88
2543,ZnO,100.00,-26.00,SH-SY5Y,Yes,76.88,0.00,L,human,Epithelial,Adult,bone marrow,3.00,MTT,TetrazoliumSalt,81.41,2.55,Zn,0.88
2544,ZnO,100.00,-26.00,SH-SY5Y,Yes,89.53,0.00,L,human,Epithelial,Adult,bone marrow,3.00,MTT,TetrazoliumSalt,81.41,2.55,Zn,0.88
2545,ZnO,100.00,-26.00,SH-SY5Y,Yes,90.71,0.00,L,human,Epithelial,Adult,bone marrow,3.00,MTT,TetrazoliumSalt,81.41,2.55,Zn,0.88
2546,ZnO,100.00,-26.00,SH-SY5Y,Yes,97.43,0.00,L,human,Epithelial,Adult,bone marrow,3.00,MTT,TetrazoliumSalt,81.41,2.55,Zn,0.88
2547,ZnO,90.00,-26.00,Caco-2,Yes,14.34,0.00,L,human,Epithelial,Adult,colon,24.00,CCK-8,TetrazoliumSalt,81.41,2.55,Zn,0.88
2548,ZnO,90.00,-26.00,Caco-2,Yes,17.87,0.00,L,human,Epithelial,Adult,colon,24.00,CCK-8,TetrazoliumSalt,81.41,2.55,Zn,0.88
2549,ZnO,90.00,-26.00,Caco-2,Yes,18.21,0.00,L,human,Epithelial,Adult,colon,24.00,CCK-8,TetrazoliumSalt,81.41,2.55,Zn,0.88
2550,ZnO,18.76,-26.00,Ana-1,No,36.02,0.00,L,mouse,Macrophage,Adult,bone marrow,24.00,CCK-8,TetrazoliumSalt,81.41,2.55,Zn,0.88
2551,ZnO,18.76,-26.00,Ana-1,No,29.27,0.00,L,mouse,Macrophage,Adult,bone marrow,24.00,CCK-8,TetrazoliumSalt,81.41,2.55,Zn,0.88
2552,ZnO,18.76,-26.00,Ana-1,No,24.58,0.00,L,mouse,Macrophage,Adult,bone marrow,24.00,CCK-8,TetrazoliumSalt,81.41,2.55,Zn,0.88
2553,ZnO,40.44,-26.00,Ana-1,No,90.62,0.00,L,mouse,Macrophage,Adult,bone marrow,24.00,CCK-8,TetrazoliumSalt,81.41,2.55,Zn,0.88
2554,ZnO,173.48,-26.00,Ana-1,No,62.48,0.00,L,mouse,Macrophage,Adult,bone marrow,24.00,CCK-8,TetrazoliumSalt,81.41,2.55,Zn,0.88
2555,ZnO,173.48,-26.00,Ana-1,No,88.74,0.00,L,mouse,Macrophage,Adult,bone marrow,24.00,CCK-8,TetrazoliumSalt,81.41,2.55,Zn,0.88
2556,ZnO,173.48,-26.00,Ana-1,No,94.93,0.00,L,mouse,Macrophage,Adult,bone marrow,24.00,CCK-8,TetrazoliumSalt,81.41,2.55,Zn,0.88
2557,ZnO,200.00,-26.00,HepG2,Yes,99.85,0.00,L,human,Epithelial,Adult,liver,24.00,MTT,TetrazoliumSalt,81.41,2.55,Zn,0.88
2558,ZnO,200.00,-26.00,HepG2,Yes,92.98,0.00,L,human,Epithelial,Adult,liver,24.00,MTT,TetrazoliumSalt,81.41,2.55,Zn,0.88
2559,ZnO,200.00,-26.00,HepG2,Yes,80.99,0.00,L,human,Epithelial,Adult,liver,24.00,MTT,TetrazoliumSalt,81.41,2.55,Zn,0.88
2560,ZnO,200.00,-26.00,HepG2,Yes,63.60,0.00,L,human,Epithelial,Adult,liver,24.00,MTT,TetrazoliumSalt,81.41,2.55,Zn,0.88
2561,ZnO,173.48,-26.00,Ana-1,No,97.00,0.00,L,mouse,Macrophage,Adult,bone marrow,24.00,CCK-8,TetrazoliumSalt,81.41,2.55,Zn,0.88
2562,ZnO,100.00,-26.00,SH-SY5Y,Yes,56.77,0.00,L,human,Epithelial,Adult,bone marrow,3.00,NRU,NeutralRed,81.41,2.55,Zn,0.88
2563,ZnO,94.50,-26.00,THP-1,Yes,57.36,0.00,L,human,Monocyte,Adult,blood,24.00,MTT,TetrazoliumSalt,81.41,2.55,Zn,0.88
2564,ZnO,100.00,-26.00,SH-SY5Y,Yes,9.68,0.00,L,human,Epithelial,Adult,bone marrow,24.00,MTT,TetrazoliumSalt,81.41,2.55,Zn,0.88
2565,ZnO,94.50,-26.00,THP-1,Yes,24.58,0.00,L,human,Monocyte,Adult,blood,24.00,MTT,TetrazoliumSalt,81.41,2.55,Zn,0.88
2566,ZnO,100.00,-26.00,SH-SY5Y,Yes,77.27,0.00,L,human,Epithelial,Adult,bone marrow,48.00,MTT,TetrazoliumSalt,81.41,2.55,Zn,0.88
2567,ZnO,71.00,-26.00,HepG2,Yes,11.59,0.00,L,human,Epithelial,Adult,liver,48.00,MTT,TetrazoliumSalt,81.41,2.55,Zn,0.88
2568,ZnO,100.00,-26.00,SH-SY5Y,Yes,72.13,0.00,L,human,Epithelial,Adult,bone marrow,48.00,MTT,TetrazoliumSalt,81.41,2.55,Zn,0.88
2569,ZnO,141.00,-26.00,SIRC,No,66.62,0.00,L,rabbit,Fibroblast,Adult,cornea,6.00,MTT,TetrazoliumSalt,81.41,2.55,Zn,0.88
2570,ZnO,141.00,-26.00,SIRC,No,61.62,0.00,L,rabbit,Fibroblast,Adult,cornea,6.00,MTT,TetrazoliumSalt,81.41,2.55,Zn,0.88
2571,ZnO,141.00,-26.00,SIRC,No,96.10,0.00,L,rabbit,Fibroblast,Adult,cornea,9.00,MTT,TetrazoliumSalt,81.41,2.55,Zn,0.88
2572,ZnO,141.00,-26.00,SIRC,No,88.46,0.00,L,rabbit,Fibroblast,Adult,cornea,9.00,MTT,TetrazoliumSalt,81.41,2.55,Zn,0.88
2573,ZnO,141.00,-26.00,SIRC,No,80.66,0.00,L,rabbit,Fibroblast,Adult,cornea,9.00,MTT,TetrazoliumSalt,81.41,2.55,Zn,0.88
2574,ZnO,52.00,-26.00,A549,Yes,26.91,0.00,L,human,Epithelial,Adult,lung,48.00,MTT,TetrazoliumSalt,81.41,2.55,Zn,0.88
2575,ZnO,141.00,-26.00,SIRC,No,70.67,0.00,L,rabbit,Fibroblast,Adult,cornea,9.00,MTT,TetrazoliumSalt,81.41,2.55,Zn,0.88
2576,ZnO,141.00,-26.00,SIRC,No,39.94,0.00,L,rabbit,Fibroblast,Adult,cornea,9.00,MTT,TetrazoliumSalt,81.41,2.55,Zn,0.88
2577,ZnO,100.00,-26.00,SH-SY5Y,Yes,9.29,0.00,L,human,Epithelial,Adult,bone marrow,24.00,MTT,TetrazoliumSalt,81.41,2.55,Zn,0.88
2578,ZnO,141.00,-26.00,SIRC,No,91.89,0.00,L,rabbit,Fibroblast,Adult,cornea,12.00,MTT,TetrazoliumSalt,81.41,2.55,Zn,0.88
2579,ZnO,141.00,-26.00,SIRC,No,42.12,0.00,L,rabbit,Fibroblast,Adult,cornea,12.00,MTT,TetrazoliumSalt,81.41,2.55,Zn,0.88
2580,ZnO,141.00,-26.00,SIRC,No,27.61,0.00,L,rabbit,Fibroblast,Adult,cornea,12.00,MTT,TetrazoliumSalt,81.41,2.55,Zn,0.88
2581,ZnO,141.00,-26.00,SIRC,No,49.92,0.00,L,rabbit,Fibroblast,Adult,cornea,9.00,MTT,TetrazoliumSalt,81.41,2.55,Zn,0.88
2582,ZnO,141.00,-26.00,SIRC,No,87.21,0.00,L,rabbit,Fibroblast,Adult,cornea,6.00,MTT,TetrazoliumSalt,81.41,2.55,Zn,0.88
2583,ZnO,52.00,-26.00,A549,Yes,37.87,0.00,L,human,Epithelial,Adult,lung,48.00,MTT,TetrazoliumSalt,81.41,2.55,Zn,0.88
2584,ZnO,52.00,-26.00,A549,Yes,60.91,0.00,L,human,Epithelial,Adult,lung,48.00,MTT,TetrazoliumSalt,81.41,2.55,Zn,0.88
2585,ZnO,100.00,-26.00,SH-SY5Y,Yes,56.77,0.00,L,human,Epithelial,Adult,bone marrow,3.00,NRU,NeutralRed,81.41,2.55,Zn,0.88
2586,ZnO,100.00,-26.00,SH-SY5Y,Yes,65.07,0.00,L,human,Epithelial,Adult,bone marrow,3.00,NRU,NeutralRed,81.41,2.55,Zn,0.88
2587,ZnO,100.00,-26.00,SH-SY5Y,Yes,86.46,0.00,L,human,Epithelial,Adult,bone marrow,3.00,NRU,NeutralRed,81.41,2.55,Zn,0.88
2588,ZnO,100.00,-26.00,SH-SY5Y,Yes,92.36,0.00,L,human,Epithelial,Adult,bone marrow,3.00,NRU,NeutralRed,81.41,2.55,Zn,0.88
2589,ZnO,100.00,-26.00,SH-SY5Y,Yes,101.97,0.00,L,human,Epithelial,Adult,bone marrow,3.00,NRU,NeutralRed,81.41,2.55,Zn,0.88
2590,ZnO,141.00,-26.00,SIRC,No,61.15,0.00,L,rabbit,Fibroblast,Adult,cornea,12.00,MTT,TetrazoliumSalt,81.41,2.55,Zn,0.88
2591,ZnO,71.00,-26.00,HepG2,Yes,67.14,0.00,L,human,Epithelial,Adult,liver,48.00,MTT,TetrazoliumSalt,81.41,2.55,Zn,0.88
2592,ZnO,71.00,-26.00,HepG2,Yes,88.25,0.00,L,human,Epithelial,Adult,liver,48.00,MTT,TetrazoliumSalt,81.41,2.55,Zn,0.88
2593,ZnO,50.00,-26.00,Macrophages,No,15.15,0.00,P,mouse,Macrophage,Adult,peritoneal cavity,24.00,MTT,TetrazoliumSalt,81.41,2.55,Zn,0.88
2594,ZnO,8.00,-26.00,CD4+T cells,No,64.34,0.00,P,human,Lymphoblast,Adult,blood,24.00,Live/Dead,PropidiumIodide,81.41,2.55,Zn,0.88
2595,ZnO,100.00,-26.00,SH-SY5Y,Yes,11.86,0.00,L,human,Epithelial,Adult,bone marrow,24.00,MTT,TetrazoliumSalt,81.41,2.55,Zn,0.88
2596,ZnO,100.00,-26.00,SH-SY5Y,Yes,14.63,0.00,L,human,Epithelial,Adult,bone marrow,24.00,MTT,TetrazoliumSalt,81.41,2.55,Zn,0.88
2597,ZnO,52.00,-26.00,A549,Yes,93.25,0.00,L,human,Epithelial,Adult,lung,48.00,MTT,TetrazoliumSalt,81.41,2.55,Zn,0.88
2598,ZnO,52.00,-26.00,A549,Yes,39.09,0.00,L,human,Epithelial,Adult,lung,24.00,MTT,TetrazoliumSalt,81.41,2.55,Zn,0.88
2599,ZnO,52.00,-26.00,A549,Yes,49.17,0.00,L,human,Epithelial,Adult,lung,24.00,MTT,TetrazoliumSalt,81.41,2.55,Zn,0.88
2600,ZnO,52.00,-26.00,A549,Yes,60.13,0.00,L,human,Epithelial,Adult,lung,24.00,MTT,TetrazoliumSalt,81.41,2.55,Zn,0.88
2601,ZnO,52.00,-26.00,A549,Yes,73.09,0.00,L,human,Epithelial,Adult,lung,24.00,MTT,TetrazoliumSalt,81.41,2.55,Zn,0.88
2602,ZnO,52.00,-26.00,A549,Yes,95.02,0.00,L,human,Epithelial,Adult,lung,24.00,MTT,TetrazoliumSalt,81.41,2.55,Zn,0.88
2603,ZnO,52.00,-26.00,A549,Yes,47.84,0.00,L,human,Epithelial,Adult,lung,48.00,MTT,TetrazoliumSalt,81.41,2.55,Zn,0.88
2604,ZnO,100.00,-26.00,SH-SY5Y,Yes,72.53,0.00,L,human,Epithelial,Adult,bone marrow,6.00,MTT,TetrazoliumSalt,81.41,2.55,Zn,0.88
2605,ZnO,100.00,-26.00,SH-SY5Y,Yes,61.07,0.00,L,human,Epithelial,Adult,bone marrow,6.00,MTT,TetrazoliumSalt,81.41,2.55,Zn,0.88
2606,ZnO,100.00,-26.00,SH-SY5Y,Yes,57.12,0.00,L,human,Epithelial,Adult,bone marrow,6.00,MTT,TetrazoliumSalt,81.41,2.55,Zn,0.88
2607,ZnO,100.00,-26.00,SH-SY5Y,Yes,30.44,0.00,L,human,Epithelial,Adult,bone marrow,6.00,MTT,TetrazoliumSalt,81.41,2.55,Zn,0.88
2608,ZnO,100.00,-26.00,SH-SY5Y,Yes,79.25,0.00,L,human,Epithelial,Adult,bone marrow,24.00,MTT,TetrazoliumSalt,81.41,2.55,Zn,0.88
2609,ZnO,100.00,-26.00,SH-SY5Y,Yes,80.24,0.00,L,human,Epithelial,Adult,bone marrow,24.00,MTT,TetrazoliumSalt,81.41,2.55,Zn,0.88
2610,ZnO,100.00,-26.00,SH-SY5Y,Yes,72.13,0.00,L,human,Epithelial,Adult,bone marrow,24.00,MTT,TetrazoliumSalt,81.41,2.55,Zn,0.88
2611,ZnO,100.00,-26.00,SH-SY5Y,Yes,68.58,0.00,L,human,Epithelial,Adult,bone marrow,6.00,MTT,TetrazoliumSalt,81.41,2.55,Zn,0.88
2612,ZnO,141.00,-26.00,SIRC,No,92.36,0.00,L,rabbit,Fibroblast,Adult,cornea,6.00,MTT,TetrazoliumSalt,81.41,2.55,Zn,0.88
2613,ZnO,141.00,-26.00,SIRC,No,84.87,0.00,L,rabbit,Fibroblast,Adult,cornea,12.00,MTT,TetrazoliumSalt,81.41,2.55,Zn,0.88
2614,ZnO,141.00,-26.00,SIRC,No,72.08,0.00,L,rabbit,Fibroblast,Adult,cornea,3.00,MTT,TetrazoliumSalt,81.41,2.55,Zn,0.88
2615,ZnO,50.00,-26.00,Macrophages,No,91.34,0.00,P,mouse,Macrophage,Adult,peritoneal cavity,24.00,MTT,TetrazoliumSalt,81.41,2.55,Zn,0.88
2616,ZnO,50.00,-26.00,Macrophages,No,61.91,0.00,P,mouse,Macrophage,Adult,peritoneal cavity,24.00,MTT,TetrazoliumSalt,81.41,2.55,Zn,0.88
2617,ZnO,50.00,-26.00,Macrophages,No,31.82,0.00,P,mouse,Macrophage,Adult,peritoneal cavity,24.00,MTT,TetrazoliumSalt,81.41,2.55,Zn,0.88
2618,ZnO,100.00,-26.00,SH-SY5Y,Yes,7.91,0.00,L,human,Epithelial,Adult,bone marrow,48.00,MTT,TetrazoliumSalt,81.41,2.55,Zn,0.88
2619,ZnO,94.50,-26.00,THP-1,Yes,45.65,0.00,L,human,Monocyte,Adult,blood,24.00,MTT,TetrazoliumSalt,81.41,2.55,Zn,0.88
2620,ZnO,100.00,-26.00,SH-SY5Y,Yes,7.91,0.00,L,human,Epithelial,Adult,bone marrow,48.00,MTT,TetrazoliumSalt,81.41,2.55,Zn,0.88
2621,ZnO,100.00,-26.00,SH-SY5Y,Yes,10.08,0.00,L,human,Epithelial,Adult,bone marrow,48.00,MTT,TetrazoliumSalt,81.41,2.55,Zn,0.88
2622,ZnO,100.00,-26.00,SH-SY5Y,Yes,70.74,0.00,L,human,Epithelial,Adult,bone marrow,24.00,NRU,NeutralRed,81.41,2.55,Zn,0.88
2623,ZnO,141.00,-26.00,SIRC,No,93.57,0.00,L,rabbit,Fibroblast,Adult,cornea,24.00,MTT,TetrazoliumSalt,81.41,2.55,Zn,0.88
2624,ZnO,100.00,-26.00,SH-SY5Y,Yes,105.90,0.00,L,human,Epithelial,Adult,bone marrow,6.00,NRU,NeutralRed,81.41,2.55,Zn,0.88
2625,ZnO,100.00,-26.00,SH-SY5Y,Yes,60.26,0.00,L,human,Epithelial,Adult,bone marrow,6.00,NRU,NeutralRed,81.41,2.55,Zn,0.88
2626,ZnO,71.00,-26.00,Hepatocytes,No,85.33,0.00,P,catfish,Epithelial,Adult,liver,48.00,MTT,TetrazoliumSalt,81.41,2.55,Zn,0.88
2627,ZnO,141.00,-26.00,SIRC,No,5.92,0.00,L,rabbit,Fibroblast,Adult,cornea,24.00,MTT,TetrazoliumSalt,81.41,2.55,Zn,0.88
2628,ZnO,141.00,-26.00,SIRC,No,96.57,0.00,L,rabbit,Fibroblast,Adult,cornea,6.00,MTT,TetrazoliumSalt,81.41,2.55,Zn,0.88
2629,ZnO,71.00,-26.00,Hepatocytes,No,55.81,0.00,P,catfish,Epithelial,Adult,liver,48.00,MTT,TetrazoliumSalt,81.41,2.55,Zn,0.88
2630,ZnO,30.00,-26.00,A549,Yes,96.94,0.00,L,human,Epithelial,Adult,lung,24.00,CCK-8,TetrazoliumSalt,81.41,2.55,Zn,0.88
2631,ZnO,30.00,-26.00,A549,Yes,98.69,0.00,L,human,Epithelial,Adult,lung,24.00,CCK-8,TetrazoliumSalt,81.41,2.55,Zn,0.88
2632,ZnO,30.00,-26.00,A549,Yes,101.16,0.00,L,human,Epithelial,Adult,lung,24.00,CCK-8,TetrazoliumSalt,81.41,2.55,Zn,0.88
2633,ZnO,100.00,-26.00,SH-SY5Y,Yes,63.76,0.00,L,human,Epithelial,Adult,bone marrow,48.00,NRU,NeutralRed,81.41,2.55,Zn,0.88
2634,ZnO,30.00,-26.00,A549,Yes,89.52,0.00,L,human,Epithelial,Adult,lung,24.00,CCK-8,TetrazoliumSalt,81.41,2.55,Zn,0.88
2635,ZnO,100.00,-26.00,SH-SY5Y,Yes,55.68,0.00,L,human,Epithelial,Adult,bone marrow,48.00,NRU,NeutralRed,81.41,2.55,Zn,0.88
2636,ZnO,100.00,-26.00,SH-SY5Y,Yes,50.44,0.00,L,human,Epithelial,Adult,bone marrow,3.00,NRU,NeutralRed,81.41,2.55,Zn,0.88
2637,ZnO,30.00,-26.00,A549,Yes,59.97,0.00,L,human,Epithelial,Adult,lung,24.00,CCK-8,TetrazoliumSalt,81.41,2.55,Zn,0.88
2638,ZnO,100.00,-26.00,SH-SY5Y,Yes,64.19,0.00,L,human,Epithelial,Adult,bone marrow,48.00,NRU,NeutralRed,81.41,2.55,Zn,0.88
2639,ZnO,71.00,-26.00,Hepatocytes,No,79.43,0.00,P,catfish,Epithelial,Adult,liver,48.00,MTT,TetrazoliumSalt,81.41,2.55,Zn,0.88
2640,ZnO,100.00,-26.00,SH-SY5Y,Yes,60.26,0.00,L,human,Epithelial,Adult,bone marrow,48.00,NRU,NeutralRed,81.41,2.55,Zn,0.88
2641,ZnO,141.00,-26.00,SIRC,No,15.74,0.00,L,rabbit,Fibroblast,Adult,cornea,24.00,MTT,TetrazoliumSalt,81.41,2.55,Zn,0.88
2642,ZnO,141.00,-26.00,SIRC,No,9.64,0.00,L,rabbit,Fibroblast,Adult,cornea,24.00,MTT,TetrazoliumSalt,81.41,2.55,Zn,0.88
2643,ZnO,141.00,-26.00,SIRC,No,83.15,0.00,L,rabbit,Fibroblast,Adult,cornea,6.00,MTT,TetrazoliumSalt,81.41,2.55,Zn,0.88
2644,ZnO,141.00,-26.00,SIRC,No,22.15,0.00,L,rabbit,Fibroblast,Adult,cornea,12.00,MTT,TetrazoliumSalt,81.41,2.55,Zn,0.88
2645,ZnO,90.00,-26.00,Caco-2,Yes,27.99,0.00,L,human,Epithelial,Adult,colon,24.00,CCK-8,TetrazoliumSalt,81.41,2.55,Zn,0.88
2646,ZnO,30.00,-26.00,A549,Yes,63.90,0.00,L,human,Epithelial,Adult,lung,24.00,CCK-8,TetrazoliumSalt,81.41,2.55,Zn,0.88
2647,ZnO,100.00,-26.00,SH-SY5Y,Yes,82.31,0.00,L,human,Epithelial,Adult,bone marrow,48.00,NRU,NeutralRed,81.41,2.55,Zn,0.88
2648,ZnO,100.00,-26.00,SH-SY5Y,Yes,100.44,0.00,L,human,Epithelial,Adult,bone marrow,48.00,NRU,NeutralRed,81.41,2.55,Zn,0.88
2649,ZnO,100.00,-26.00,SH-SY5Y,Yes,49.35,0.00,L,human,Epithelial,Adult,bone marrow,24.00,NRU,NeutralRed,81.41,2.55,Zn,0.88
2650,ZnO,100.00,-26.00,SH-SY5Y,Yes,56.72,0.00,L,human,Epithelial,Adult,bone marrow,48.00,MTT,TetrazoliumSalt,81.41,2.55,Zn,0.88
2651,ZnO,71.00,-26.00,HepG2,Yes,10.00,0.00,L,human,Epithelial,Adult,liver,48.00,MTT,TetrazoliumSalt,81.41,2.55,Zn,0.88
2652,ZnO,71.00,-26.00,Hepatocytes,No,90.10,0.00,P,catfish,Epithelial,Adult,liver,48.00,MTT,TetrazoliumSalt,81.41,2.55,Zn,0.88
2653,ZnO,100.00,-26.00,SH-SY5Y,Yes,76.86,0.00,L,human,Epithelial,Adult,bone marrow,6.00,NRU,NeutralRed,81.41,2.55,Zn,0.88
2654,ZnO,141.00,-26.00,SIRC,No,61.08,0.00,L,rabbit,Fibroblast,Adult,cornea,24.00,MTT,TetrazoliumSalt,81.41,2.55,Zn,0.88
2655,ZnO,100.00,-26.00,SH-SY5Y,Yes,100.44,0.00,L,human,Epithelial,Adult,bone marrow,6.00,NRU,NeutralRed,81.41,2.55,Zn,0.88
2656,ZnO,100.00,-26.00,SH-SY5Y,Yes,61.57,0.00,L,human,Epithelial,Adult,bone marrow,3.00,NRU,NeutralRed,81.41,2.55,Zn,0.88
2657,ZnO,141.00,-26.00,SIRC,No,97.50,0.00,L,rabbit,Fibroblast,Adult,cornea,3.00,MTT,TetrazoliumSalt,81.41,2.55,Zn,0.88
2658,ZnO,141.00,-26.00,SIRC,No,94.54,0.00,L,rabbit,Fibroblast,Adult,cornea,3.00,MTT,TetrazoliumSalt,81.41,2.55,Zn,0.88
2659,ZnO,141.00,-26.00,SIRC,No,89.39,0.00,L,rabbit,Fibroblast,Adult,cornea,3.00,MTT,TetrazoliumSalt,81.41,2.55,Zn,0.88
2660,ZnO,141.00,-26.00,SIRC,No,87.52,0.00,L,rabbit,Fibroblast,Adult,cornea,3.00,MTT,TetrazoliumSalt,81.41,2.55,Zn,0.88
2661,ZnO,141.00,-26.00,SIRC,No,80.19,0.00,L,rabbit,Fibroblast,Adult,cornea,3.00,MTT,TetrazoliumSalt,81.41,2.55,Zn,0.88
2662,ZnO,100.00,-26.00,SH-SY5Y,Yes,104.80,0.00,L,human,Epithelial,Adult,bone marrow,6.00,NRU,NeutralRed,81.41,2.55,Zn,0.88
2663,ZnO,100.00,-26.00,SH-SY5Y,Yes,59.61,0.00,L,human,Epithelial,Adult,bone marrow,48.00,NRU,NeutralRed,81.41,2.55,Zn,0.88
2664,ZnO,100.00,-26.00,SH-SY5Y,Yes,96.29,0.00,L,human,Epithelial,Adult,bone marrow,48.00,NRU,NeutralRed,81.41,2.55,Zn,0.88
2665,ZnO,100.00,-26.00,SH-SY5Y,Yes,92.80,0.00,L,human,Epithelial,Adult,bone marrow,24.00,NRU,NeutralRed,81.41,2.55,Zn,0.88
2666,ZnO,100.00,-26.00,SH-SY5Y,Yes,53.28,0.00,L,human,Epithelial,Adult,bone marrow,6.00,NRU,NeutralRed,81.41,2.55,Zn,0.88
2667,ZnO,100.00,-26.00,SH-SY5Y,Yes,59.83,0.00,L,human,Epithelial,Adult,bone marrow,6.00,NRU,NeutralRed,81.41,2.55,Zn,0.88
2668,ZnO,100.00,-26.00,SH-SY5Y,Yes,104.80,0.00,L,human,Epithelial,Adult,bone marrow,24.00,NRU,NeutralRed,81.41,2.55,Zn,0.88
2669,ZnO,141.00,-26.00,SIRC,No,85.45,0.00,L,rabbit,Fibroblast,Adult,cornea,24.00,MTT,TetrazoliumSalt,81.41,2.55,Zn,0.88
2670,ZnO,100.00,-26.00,SH-SY5Y,Yes,100.00,0.00,L,human,Epithelial,Adult,bone marrow,24.00,NRU,NeutralRed,81.41,2.55,Zn,0.88
2671,ZnO,100.00,-26.00,SH-SY5Y,Yes,56.11,0.00,L,human,Epithelial,Adult,bone marrow,6.00,NRU,NeutralRed,81.41,2.55,Zn,0.88
2672,ZnO,100.00,-26.00,SH-SY5Y,Yes,75.11,0.00,L,human,Epithelial,Adult,bone marrow,24.00,NRU,NeutralRed,81.41,2.55,Zn,0.88
2673,ZnO,100.00,-26.00,SH-SY5Y,Yes,69.00,0.00,L,human,Epithelial,Adult,bone marrow,24.00,NRU,NeutralRed,81.41,2.55,Zn,0.88
2674,ZnO,100.00,-26.00,SH-SY5Y,Yes,69.43,0.00,L,human,Epithelial,Adult,bone marrow,24.00,NRU,NeutralRed,81.41,2.55,Zn,0.88
2675,ZnO,100.00,-26.00,SH-SY5Y,Yes,9.09,0.00,L,human,Epithelial,Adult,bone marrow,48.00,MTT,TetrazoliumSalt,81.41,2.55,Zn,0.88
2676,ZnO,8.00,-26.00,CD4+T cells,No,68.22,0.00,P,human,Lymphoblast,Adult,blood,24.00,Live/Dead,PropidiumIodide,81.41,2.55,Zn,0.88
2677,ZnO,16.00,-26.00,RAW 264.7,Yes,52.86,0.00,L,mouse,Monocyte/Macrophage,Adult,blood,24.00,LDH,ldh activity assay kit,81.41,2.55,Zn,0.88
2678,ZnO,8.00,-26.00,CD3+ T cells,No,14.73,0.00,P,human,Lymphoblast,Adult,blood,24.00,Live/Dead,PropidiumIodide,81.41,2.55,Zn,0.88
2679,ZnO,639.00,-26.00,HCMEC,No,43.27,0.00,P,human,Endothelial,Adult,heart,12.00,LDH,ldh activity assay kit,81.41,2.55,Zn,0.88
2680,ZnO,24.00,43.80,A549,Yes,7.28,0.00,L,human,Epithelial,Adult,lung,48.00,WST-1,TetrazoliumSalt,81.41,2.55,Zn,0.88
2681,ZnO,24.00,43.80,A549,Yes,24.42,0.00,L,human,Epithelial,Adult,lung,48.00,WST-1,TetrazoliumSalt,81.41,2.55,Zn,0.88
2682,ZnO,24.00,43.80,A549,Yes,34.29,0.00,L,human,Epithelial,Adult,lung,48.00,WST-1,TetrazoliumSalt,81.41,2.55,Zn,0.88
2683,ZnO,24.00,43.80,A549,Yes,90.41,0.00,L,human,Epithelial,Adult,lung,48.00,WST-1,TetrazoliumSalt,81.41,2.55,Zn,0.88
2684,ZnO,24.00,43.80,A549,Yes,100.04,0.00,L,human,Epithelial,Adult,lung,48.00,WST-1,TetrazoliumSalt,81.41,2.55,Zn,0.88
2685,ZnO,639.00,-26.00,HCMEC,No,10.42,0.00,P,human,Endothelial,Adult,heart,24.00,LDH,ldh activity assay kit,81.41,2.55,Zn,0.88
2686,ZnO,639.00,-26.00,HCMEC,No,47.86,0.00,P,human,Endothelial,Adult,heart,24.00,LDH,ldh activity assay kit,81.41,2.55,Zn,0.88
2687,ZnO,60.00,-26.00,SH-SY5Y,Yes,68.80,0.00,L,human,Epithelial,Adult,bone marrow,48.00,MTS,TetrazoliumSalt,81.41,2.55,Zn,0.88
2688,ZnO,639.00,-26.00,HCMEC,No,59.10,0.00,P,human,Endothelial,Adult,heart,24.00,LDH,ldh activity assay kit,81.41,2.55,Zn,0.88
2689,ZnO,639.00,-26.00,HCMEC,No,68.47,0.00,P,human,Endothelial,Adult,heart,24.00,LDH,ldh activity assay kit,81.41,2.55,Zn,0.88
2690,ZnO,639.00,-26.00,HCMEC,No,47.03,0.00,P,human,Endothelial,Adult,heart,12.00,LDH,ldh activity assay kit,81.41,2.55,Zn,0.88
2691,ZnO,639.00,-26.00,HCMEC,No,90.93,0.00,P,human,Endothelial,Adult,heart,24.00,LDH,ldh activity assay kit,81.41,2.55,Zn,0.88
2692,ZnO,639.00,-26.00,HCMEC,No,94.73,0.00,P,human,Endothelial,Adult,heart,24.00,LDH,ldh activity assay kit,81.41,2.55,Zn,0.88
2693,ZnO,639.00,-26.00,HCMEC,No,11.43,0.00,P,human,Endothelial,Adult,heart,12.00,LDH,ldh activity assay kit,81.41,2.55,Zn,0.88
2694,ZnO,639.00,-26.00,HCMEC,No,30.15,0.00,P,human,Endothelial,Adult,heart,12.00,LDH,ldh activity assay kit,81.41,2.55,Zn,0.88
2695,ZnO,8.00,-26.00,NK cells,No,26.74,0.00,P,human,Lymphoblast,Adult,blood,24.00,Live/Dead,PropidiumIodide,81.41,2.55,Zn,0.88
2696,ZnO,8.00,-26.00,NK cells,No,3.10,0.00,P,human,Lymphoblast,Adult,blood,24.00,Live/Dead,PropidiumIodide,81.41,2.55,Zn,0.88
2697,ZnO,639.00,-26.00,HCMEC,No,101.12,0.00,P,human,Endothelial,Adult,heart,12.00,MTT,TetrazoliumSalt,81.41,2.55,Zn,0.88
2698,ZnO,60.00,-26.00,SH-SY5Y,Yes,55.58,0.00,L,human,Epithelial,Adult,bone marrow,48.00,MTS,TetrazoliumSalt,81.41,2.55,Zn,0.88
2699,ZnO,60.00,-26.00,SH-SY5Y,Yes,98.37,0.00,L,human,Epithelial,Adult,bone marrow,48.00,Live/Dead,"calcein am, ethidium homodimer-1",81.41,2.55,Zn,0.88
2700,ZnO,60.00,-26.00,SH-SY5Y,Yes,98.68,0.00,L,human,Epithelial,Adult,bone marrow,48.00,Live/Dead,"calcein am, ethidium homodimer-1",81.41,2.55,Zn,0.88
2701,ZnO,639.00,-26.00,HCMEC,No,94.70,0.00,P,human,Endothelial,Adult,heart,24.00,LDH,ldh activity assay kit,81.41,2.55,Zn,0.88
2702,ZnO,639.00,-26.00,HCMEC,No,75.09,0.00,P,human,Endothelial,Adult,heart,12.00,LDH,ldh activity assay kit,81.41,2.55,Zn,0.88
2703,ZnO,639.00,-26.00,HCMEC,No,92.13,0.00,P,human,Endothelial,Adult,heart,12.00,MTT,TetrazoliumSalt,81.41,2.55,Zn,0.88
2704,ZnO,60.00,-26.00,SH-SY5Y,Yes,0.04,0.00,L,human,Epithelial,Adult,bone marrow,48.00,MTS,TetrazoliumSalt,81.41,2.55,Zn,0.88
2705,ZnO,60.00,-26.00,H4,Yes,110.36,0.00,L,human,Epithelial,Adult,brain,48.00,MTS,TetrazoliumSalt,81.41,2.55,Zn,0.88
2706,ZnO,60.00,-26.00,SH-SY5Y,Yes,100.69,0.00,L,human,Epithelial,Adult,bone marrow,48.00,MTS,TetrazoliumSalt,81.41,2.55,Zn,0.88
2707,ZnO,8.00,-26.00,CD4+T cells,No,69.38,0.00,P,human,Lymphoblast,Adult,blood,24.00,Live/Dead,PropidiumIodide,81.41,2.55,Zn,0.88
2708,ZnO,60.00,-26.00,H4,Yes,97.29,0.00,L,human,Epithelial,Adult,brain,48.00,MTS,TetrazoliumSalt,81.41,2.55,Zn,0.88
2709,ZnO,18.00,-26.00,Macrophages,No,44.68,0.00,L,human,Monocyte,Adult,blood,24.00,LDH,ldh activity assay kit,81.41,2.55,Zn,0.88
2710,ZnO,18.00,-26.00,SKOV-3,Yes,14.14,0.00,L,human,Epithelial,Adult,ovary,48.00,MTT,TetrazoliumSalt,81.41,2.55,Zn,0.88
2711,ZnO,639.00,-26.00,HCMEC,No,90.08,0.00,P,human,Endothelial,Adult,heart,12.00,LDH,ldh activity assay kit,81.41,2.55,Zn,0.88
2712,ZnO,18.00,-26.00,SKOV-3,Yes,25.25,0.00,L,human,Epithelial,Adult,ovary,24.00,MTT,TetrazoliumSalt,81.41,2.55,Zn,0.88
2713,ZnO,60.00,-26.00,H4,Yes,99.60,0.00,L,human,Epithelial,Adult,brain,48.00,Live/Dead,"calcein am, ethidium homodimer-1",81.41,2.55,Zn,0.88
2714,ZnO,60.00,-26.00,H4,Yes,98.68,0.00,L,human,Epithelial,Adult,brain,48.00,Live/Dead,"calcein am, ethidium homodimer-1",81.41,2.55,Zn,0.88
2715,ZnO,60.00,-26.00,H4,Yes,98.37,0.00,L,human,Epithelial,Adult,brain,48.00,Live/Dead,"calcein am, ethidium homodimer-1",81.41,2.55,Zn,0.88
2716,ZnO,60.00,-26.00,H4,Yes,99.91,0.00,L,human,Epithelial,Adult,brain,48.00,Live/Dead,"calcein am, ethidium homodimer-1",81.41,2.55,Zn,0.88
2717,ZnO,60.00,-26.00,SH-SY5Y,Yes,97.44,0.00,L,human,Epithelial,Adult,bone marrow,48.00,Live/Dead,"calcein am, ethidium homodimer-1",81.41,2.55,Zn,0.88
2718,ZnO,60.00,-26.00,SH-SY5Y,Yes,98.68,0.00,L,human,Epithelial,Adult,bone marrow,48.00,Live/Dead,"calcein am, ethidium homodimer-1",81.41,2.55,Zn,0.88
2719,ZnO,60.00,-26.00,SH-SY5Y,Yes,92.23,0.00,L,human,Epithelial,Adult,bone marrow,48.00,MTS,TetrazoliumSalt,81.41,2.55,Zn,0.88
2720,ZnO,60.00,-26.00,SH-SY5Y,Yes,98.68,0.00,L,human,Epithelial,Adult,bone marrow,48.00,Live/Dead,"calcein am, ethidium homodimer-1",81.41,2.55,Zn,0.88
2721,ZnO,639.00,-26.00,HCMEC,No,31.01,0.00,P,human,Endothelial,Adult,heart,24.00,LDH,ldh activity assay kit,81.41,2.55,Zn,0.88
2722,ZnO,639.00,-26.00,HCMEC,No,75.28,0.00,P,human,Endothelial,Adult,heart,12.00,MTT,TetrazoliumSalt,81.41,2.55,Zn,0.88
2723,ZnO,60.00,-26.00,H4,Yes,94.98,0.00,L,human,Epithelial,Adult,brain,48.00,Live/Dead,"calcein am, ethidium homodimer-1",81.41,2.55,Zn,0.88
2724,ZnO,60.00,-26.00,H4,Yes,89.43,0.00,L,human,Epithelial,Adult,brain,48.00,MTS,TetrazoliumSalt,81.41,2.55,Zn,0.88
2725,ZnO,4.00,-26.00,CD4+T cells,No,19.74,0.00,P,human,Lymphoblast,Adult,blood,24.00,Live/Dead,PropidiumIodide,81.41,2.55,Zn,0.88
2726,ZnO,75.00,-26.00,Lymphocyte,No,75.22,0.00,P,human,Lymphoblast,Adult,blood,3.00,MTT,TetrazoliumSalt,81.41,2.55,Zn,0.88
2727,ZnO,75.00,-26.00,Lymphocyte,No,105.84,0.00,P,human,Lymphoblast,Adult,blood,3.00,MTT,TetrazoliumSalt,81.41,2.55,Zn,0.88
2728,ZnO,75.00,-26.00,Lymphocyte,No,95.50,0.00,P,human,Lymphoblast,Adult,blood,3.00,MTT,TetrazoliumSalt,81.41,2.55,Zn,0.88
2729,ZnO,20.00,-26.00,CD4+T cells,No,12.88,0.00,P,human,Lymphoblast,Adult,blood,24.00,Live/Dead,PropidiumIodide,81.41,2.55,Zn,0.88
2730,ZnO,20.00,-26.00,CD4+T cells,No,50.64,0.00,P,human,Lymphoblast,Adult,blood,24.00,Live/Dead,PropidiumIodide,81.41,2.55,Zn,0.88
2731,ZnO,20.00,-26.00,CD4+T cells,No,77.25,0.00,P,human,Lymphoblast,Adult,blood,24.00,Live/Dead,PropidiumIodide,81.41,2.55,Zn,0.88
2732,ZnO,4.00,-26.00,CD4+T cells,No,2.58,0.00,P,human,Lymphoblast,Adult,blood,24.00,Live/Dead,PropidiumIodide,81.41,2.55,Zn,0.88
2733,ZnO,8.00,-26.00,Monocytes,No,25.19,0.00,P,human,Monocyte,Adult,blood,24.00,Live/Dead,PropidiumIodide,81.41,2.55,Zn,0.88
2734,ZnO,8.00,-26.00,T cells (all types),No,34.63,0.00,P,human,Lymphoblast,Adult,blood,24.00,Live/Dead,PropidiumIodide,81.41,2.55,Zn,0.88
2735,ZnO,75.00,-26.00,Lymphocyte,No,84.02,0.00,P,human,Lymphoblast,Adult,blood,3.00,Live/Dead,TrypanBlue,81.41,2.55,Zn,0.88
2736,ZnO,75.00,-26.00,Lymphocyte,No,85.55,0.00,P,human,Lymphoblast,Adult,blood,3.00,Live/Dead,TrypanBlue,81.41,2.55,Zn,0.88
2737,ZnO,8.00,-26.00,Monocytes,No,6.98,0.00,P,human,Monocyte,Adult,blood,24.00,Live/Dead,PropidiumIodide,81.41,2.55,Zn,0.88
2738,ZnO,75.00,-26.00,Lymphocyte,No,74.07,0.00,P,human,Lymphoblast,Adult,blood,3.00,Live/Dead,TrypanBlue,81.41,2.55,Zn,0.88
2739,ZnO,8.00,-26.00,Naive T-cell,No,44.34,0.00,P,human,Lymphoblast,Adult,blood,24.00,Live/Dead,PropidiumIodide,81.41,2.55,Zn,0.88
2740,ZnO,8.00,-26.00,Memory T-cell,No,18.09,0.00,P,human,Lymphoblast,Adult,blood,24.00,Live/Dead,PropidiumIodide,81.41,2.55,Zn,0.88
2741,ZnO,4.00,-26.00,CD4+T cells,No,19.90,0.00,P,human,Lymphoblast,Adult,blood,24.00,Live/Dead,PropidiumIodide,81.41,2.55,Zn,0.88
2742,ZnO,3.00,-26.00,CD4+T cells,No,29.93,0.00,P,human,Lymphoblast,Adult,blood,24.00,Live/Dead,PropidiumIodide,81.41,2.55,Zn,0.88
2743,ZnO,20.00,-26.00,CD4+T cells,No,55.32,0.00,P,human,Lymphoblast,Adult,blood,24.00,Live/Dead,PropidiumIodide,81.41,2.55,Zn,0.88
2744,ZnO,75.00,-26.00,Lymphocyte,No,49.19,0.00,P,human,Lymphoblast,Adult,blood,3.00,MTT,TetrazoliumSalt,81.41,2.55,Zn,0.88
2745,ZnO,4.00,-26.00,CD4+T cells,No,62.23,0.00,P,human,Lymphoblast,Adult,blood,24.00,Live/Dead,PropidiumIodide,81.41,2.55,Zn,0.88
2746,ZnO,165.00,-26.00,A431,Yes,98.23,0.00,L,human,Epithelial,Adult,skin,3.00,NR,toluylene red,81.41,2.55,Zn,0.88
2747,ZnO,75.00,-26.00,Lymphocyte,No,61.44,0.00,P,human,Lymphoblast,Adult,blood,3.00,Live/Dead,TrypanBlue,81.41,2.55,Zn,0.88
2748,ZnO,639.00,-26.00,HCMEC,No,98.88,0.00,P,human,Endothelial,Adult,heart,12.00,MTT,TetrazoliumSalt,81.41,2.55,Zn,0.88
2749,ZnO,639.00,-26.00,HCMEC,No,22.47,0.00,P,human,Endothelial,Adult,heart,24.00,MTT,TetrazoliumSalt,81.41,2.55,Zn,0.88
2750,ZnO,639.00,-26.00,HCMEC,No,97.75,0.00,P,human,Endothelial,Adult,heart,12.00,MTT,TetrazoliumSalt,81.41,2.55,Zn,0.88
2751,ZnO,165.00,-26.00,A431,Yes,88.19,0.00,L,human,Epithelial,Adult,skin,48.00,MTT,TetrazoliumSalt,81.41,2.55,Zn,0.88
2752,ZnO,165.00,-26.00,A431,Yes,41.93,0.00,L,human,Epithelial,Adult,skin,48.00,MTT,TetrazoliumSalt,81.41,2.55,Zn,0.88
2753,ZnO,165.00,-26.00,A431,Yes,9.40,0.00,L,human,Epithelial,Adult,skin,48.00,MTT,TetrazoliumSalt,81.41,2.55,Zn,0.88
2754,ZnO,165.00,-26.00,A431,Yes,6.51,0.00,L,human,Epithelial,Adult,skin,48.00,MTT,TetrazoliumSalt,81.41,2.55,Zn,0.88
2755,ZnO,165.00,-26.00,A431,Yes,100.52,0.00,L,human,Epithelial,Adult,skin,3.00,NR,toluylene red,81.41,2.55,Zn,0.88
2756,ZnO,165.00,-26.00,A431,Yes,97.64,0.00,L,human,Epithelial,Adult,skin,3.00,NR,toluylene red,81.41,2.55,Zn,0.88
2757,ZnO,60.00,-26.00,H4,Yes,46.81,0.00,L,human,Epithelial,Adult,brain,48.00,MTS,TetrazoliumSalt,81.41,2.55,Zn,0.88
2758,ZnO,165.00,-26.00,A431,Yes,104.36,0.00,L,human,Epithelial,Adult,skin,3.00,NR,toluylene red,81.41,2.55,Zn,0.88
2759,ZnO,165.00,-26.00,A431,Yes,101.48,0.00,L,human,Epithelial,Adult,skin,3.00,NR,toluylene red,81.41,2.55,Zn,0.88
2760,ZnO,165.00,-26.00,A431,Yes,99.29,0.00,L,human,Epithelial,Adult,skin,3.00,NR,toluylene red,81.41,2.55,Zn,0.88
2761,ZnO,165.00,-26.00,A431,Yes,99.03,0.00,L,human,Epithelial,Adult,skin,6.00,NR,toluylene red,81.41,2.55,Zn,0.88
2762,ZnO,165.00,-26.00,A431,Yes,98.23,0.00,L,human,Epithelial,Adult,skin,6.00,NR,toluylene red,81.41,2.55,Zn,0.88
2763,ZnO,165.00,-26.00,A431,Yes,95.34,0.00,L,human,Epithelial,Adult,skin,6.00,NR,toluylene red,81.41,2.55,Zn,0.88
2764,ZnO,165.00,-26.00,A431,Yes,92.46,0.00,L,human,Epithelial,Adult,skin,6.00,NR,toluylene red,81.41,2.55,Zn,0.88
2765,ZnO,60.00,-26.00,H4,Yes,107.42,0.00,L,human,Epithelial,Adult,brain,48.00,MTS,TetrazoliumSalt,81.41,2.55,Zn,0.88
2766,ZnO,67.00,44.10,A549,Yes,66.46,0.00,L,human,Epithelial,Adult,lung,48.00,WST-1,TetrazoliumSalt,81.41,2.55,Zn,0.88
2767,ZnO,24.00,-44.60,A549,Yes,91.12,0.00,L,human,Epithelial,Adult,lung,48.00,WST-1,TetrazoliumSalt,81.41,2.55,Zn,0.88
2768,ZnO,67.00,44.10,A549,Yes,101.68,0.00,L,human,Epithelial,Adult,lung,48.00,WST-1,TetrazoliumSalt,81.41,2.55,Zn,0.88
2769,ZnO,24.00,-44.60,A549,Yes,22.54,0.00,L,human,Epithelial,Adult,lung,48.00,WST-1,TetrazoliumSalt,81.41,2.55,Zn,0.88
2770,ZnO,24.00,-44.60,A549,Yes,11.98,0.00,L,human,Epithelial,Adult,lung,48.00,WST-1,TetrazoliumSalt,81.41,2.55,Zn,0.88
2771,ZnO,24.00,-44.60,A549,Yes,8.69,0.00,L,human,Epithelial,Adult,lung,48.00,WST-1,TetrazoliumSalt,81.41,2.55,Zn,0.88
2772,ZnO,24.00,-44.60,A549,Yes,7.75,0.00,L,human,Epithelial,Adult,lung,48.00,WST-1,TetrazoliumSalt,81.41,2.55,Zn,0.88
2773,ZnO,24.00,-44.60,A549,Yes,56.13,0.00,L,human,Epithelial,Adult,lung,48.00,WST-1,TetrazoliumSalt,81.41,2.55,Zn,0.88
2774,ZnO,639.00,-26.00,HCMEC,No,32.58,0.00,P,human,Endothelial,Adult,heart,12.00,MTT,TetrazoliumSalt,81.41,2.55,Zn,0.88
2775,ZnO,639.00,-26.00,HCMEC,No,93.26,0.00,P,human,Endothelial,Adult,heart,24.00,MTT,TetrazoliumSalt,81.41,2.55,Zn,0.88
2776,ZnO,24.00,-44.60,A549,Yes,89.71,0.00,L,human,Epithelial,Adult,lung,48.00,WST-1,TetrazoliumSalt,81.41,2.55,Zn,0.88
2777,ZnO,67.00,44.10,A549,Yes,25.13,0.00,L,human,Epithelial,Adult,lung,48.00,WST-1,TetrazoliumSalt,81.41,2.55,Zn,0.88
2778,ZnO,639.00,-26.00,HCMEC,No,35.96,0.00,P,human,Endothelial,Adult,heart,12.00,MTT,TetrazoliumSalt,81.41,2.55,Zn,0.88
2779,ZnO,60.00,-26.00,Fibroblasts,No,81.75,0.00,P,human,Fibroblast,Adult,skin,4.00,MTS,TetrazoliumSalt,81.41,2.55,Zn,0.88
2780,ZnO,60.00,-26.00,Fibroblasts,No,82.55,0.00,P,human,Fibroblast,Adult,skin,4.00,MTS,TetrazoliumSalt,81.41,2.55,Zn,0.88
2781,ZnO,60.00,-26.00,Fibroblasts,No,80.35,0.00,P,human,Fibroblast,Adult,skin,4.00,MTS,TetrazoliumSalt,81.41,2.55,Zn,0.88
2782,ZnO,60.00,-26.00,Fibroblasts,No,91.41,0.00,P,human,Fibroblast,Adult,skin,24.00,MTS,TetrazoliumSalt,81.41,2.55,Zn,0.88
2783,ZnO,60.00,-26.00,Fibroblasts,No,91.07,0.00,P,human,Fibroblast,Adult,skin,24.00,MTS,TetrazoliumSalt,81.41,2.55,Zn,0.88
2784,ZnO,60.00,-26.00,Fibroblasts,No,87.34,0.00,P,human,Fibroblast,Adult,skin,24.00,MTS,TetrazoliumSalt,81.41,2.55,Zn,0.88
2785,ZnO,60.00,-26.00,Fibroblasts,No,70.40,0.00,P,human,Fibroblast,Adult,skin,24.00,MTS,TetrazoliumSalt,81.41,2.55,Zn,0.88
2786,ZnO,60.00,-26.00,Fibroblasts,No,25.91,0.00,P,human,Fibroblast,Adult,skin,24.00,MTS,TetrazoliumSalt,81.41,2.55,Zn,0.88
2787,ZnO,60.00,-26.00,Fibroblasts,No,4.06,0.00,P,human,Fibroblast,Adult,skin,24.00,MTS,TetrazoliumSalt,81.41,2.55,Zn,0.88
2788,ZnO,165.00,-26.00,A431,Yes,48.55,0.00,L,human,Epithelial,Adult,skin,24.00,NR,toluylene red,81.41,2.55,Zn,0.88
2789,ZnO,60.00,-26.00,Fibroblasts,No,75.64,0.00,P,human,Fibroblast,Adult,skin,4.00,MTS,TetrazoliumSalt,81.41,2.55,Zn,0.88
2790,ZnO,60.00,-26.00,Fibroblasts,No,1.83,0.00,P,human,Fibroblast,Adult,skin,24.00,MTS,TetrazoliumSalt,81.41,2.55,Zn,0.88
2791,ZnO,67.00,44.10,A549,Yes,10.10,0.00,L,human,Epithelial,Adult,lung,48.00,WST-1,TetrazoliumSalt,81.41,2.55,Zn,0.88
2792,ZnO,67.00,45.20,A549,Yes,97.69,0.00,L,human,Epithelial,Adult,lung,48.00,WST-1,TetrazoliumSalt,81.41,2.55,Zn,0.88
2793,ZnO,8.00,-26.00,CD3+ T cells,No,43.80,0.00,P,human,Lymphoblast,Adult,blood,24.00,Live/Dead,PropidiumIodide,81.41,2.55,Zn,0.88
2794,ZnO,8.00,-26.00,CD3+ T cells,No,72.48,0.00,P,human,Lymphoblast,Adult,blood,24.00,Live/Dead,PropidiumIodide,81.41,2.55,Zn,0.88
2795,ZnO,67.00,45.20,A549,Yes,27.24,0.00,L,human,Epithelial,Adult,lung,48.00,WST-1,TetrazoliumSalt,81.41,2.55,Zn,0.88
2796,ZnO,24.00,43.80,A549,Yes,11.74,0.00,L,human,Epithelial,Adult,lung,48.00,WST-1,TetrazoliumSalt,81.41,2.55,Zn,0.88
2797,ZnO,8.00,-26.00,NK cells,No,13.57,0.00,P,human,Lymphoblast,Adult,blood,24.00,Live/Dead,PropidiumIodide,81.41,2.55,Zn,0.88
2798,ZnO,639.00,-26.00,HCMEC,No,97.75,0.00,P,human,Endothelial,Adult,heart,24.00,MTT,TetrazoliumSalt,81.41,2.55,Zn,0.88
2799,ZnO,639.00,-26.00,HCMEC,No,95.71,0.00,P,human,Endothelial,Adult,heart,12.00,LDH,ldh activity assay kit,81.41,2.55,Zn,0.88
2800,ZnO,639.00,-26.00,HCMEC,No,97.61,0.00,P,human,Endothelial,Adult,heart,12.00,LDH,ldh activity assay kit,81.41,2.55,Zn,0.88
2801,ZnO,639.00,-26.00,HCMEC,No,95.77,0.00,P,human,Endothelial,Adult,heart,12.00,LDH,ldh activity assay kit,81.41,2.55,Zn,0.88
2802,ZnO,639.00,-26.00,HCMEC,No,28.09,0.00,P,human,Endothelial,Adult,heart,24.00,MTT,TetrazoliumSalt,81.41,2.55,Zn,0.88
2803,ZnO,639.00,-26.00,HCMEC,No,43.82,0.00,P,human,Endothelial,Adult,heart,24.00,MTT,TetrazoliumSalt,81.41,2.55,Zn,0.88
2804,ZnO,67.00,44.10,A549,Yes,9.39,0.00,L,human,Epithelial,Adult,lung,48.00,WST-1,TetrazoliumSalt,81.41,2.55,Zn,0.88
2805,ZnO,639.00,-26.00,HCMEC,No,60.67,0.00,P,human,Endothelial,Adult,heart,24.00,MTT,TetrazoliumSalt,81.41,2.55,Zn,0.88
2806,ZnO,639.00,-26.00,HCMEC,No,96.63,0.00,P,human,Endothelial,Adult,heart,24.00,MTT,TetrazoliumSalt,81.41,2.55,Zn,0.88
2807,ZnO,24.00,43.80,A549,Yes,7.51,0.00,L,human,Epithelial,Adult,lung,48.00,WST-1,TetrazoliumSalt,81.41,2.55,Zn,0.88
2808,ZnO,639.00,-26.00,HCMEC,No,98.88,0.00,P,human,Endothelial,Adult,heart,24.00,MTT,TetrazoliumSalt,81.41,2.55,Zn,0.88
2809,ZnO,8.00,-26.00,CD3+ T cells,No,79.84,0.00,P,human,Lymphoblast,Adult,blood,24.00,Live/Dead,PropidiumIodide,81.41,2.55,Zn,0.88
2810,ZnO,67.00,45.20,A549,Yes,14.56,0.00,L,human,Epithelial,Adult,lung,48.00,WST-1,TetrazoliumSalt,81.41,2.55,Zn,0.88
2811,ZnO,67.00,45.20,A549,Yes,10.10,0.00,L,human,Epithelial,Adult,lung,48.00,WST-1,TetrazoliumSalt,81.41,2.55,Zn,0.88
2812,ZnO,8.00,-26.00,CD4+T cells,No,47.67,0.00,P,human,Lymphoblast,Adult,blood,24.00,Live/Dead,PropidiumIodide,81.41,2.55,Zn,0.88
2813,ZnO,67.00,44.10,A549,Yes,55.19,0.00,L,human,Epithelial,Adult,lung,48.00,WST-1,TetrazoliumSalt,81.41,2.55,Zn,0.88
2814,ZnO,67.00,45.20,A549,Yes,62.47,0.00,L,human,Epithelial,Adult,lung,48.00,WST-1,TetrazoliumSalt,81.41,2.55,Zn,0.88
2815,ZnO,67.00,45.20,A549,Yes,9.16,0.00,L,human,Epithelial,Adult,lung,48.00,WST-1,TetrazoliumSalt,81.41,2.55,Zn,0.88
2816,ZnO,67.00,45.20,A549,Yes,99.80,0.00,L,human,Epithelial,Adult,lung,48.00,WST-1,TetrazoliumSalt,81.41,2.55,Zn,0.88
2817,ZnO,639.00,-26.00,HCMEC,No,71.91,0.00,P,human,Endothelial,Adult,heart,24.00,MTT,TetrazoliumSalt,81.41,2.55,Zn,0.88
2818,ZnO,112.00,-26.00,Caco-2,Yes,69.63,0.00,L,human,Epithelial,Adult,colon,24.00,MTT,TetrazoliumSalt,81.41,2.55,Zn,0.88
2819,ZnO,60.00,-26.00,Fibroblasts,No,91.00,0.00,P,human,Fibroblast,Adult,skin,24.00,MTS,TetrazoliumSalt,81.41,2.55,Zn,0.88
2820,ZnO,112.00,-26.00,Caco-2,Yes,100.00,0.00,L,human,Epithelial,Adult,colon,24.00,Live/Dead,annexin v,81.41,2.55,Zn,0.88
2821,ZnO,165.00,-26.00,A431,Yes,93.98,0.00,L,human,Epithelial,Adult,skin,6.00,MTT,TetrazoliumSalt,81.41,2.55,Zn,0.88
2822,ZnO,165.00,-26.00,A431,Yes,90.36,0.00,L,human,Epithelial,Adult,skin,6.00,MTT,TetrazoliumSalt,81.41,2.55,Zn,0.88
2823,ZnO,165.00,-26.00,A431,Yes,85.30,0.00,L,human,Epithelial,Adult,skin,6.00,MTT,TetrazoliumSalt,81.41,2.55,Zn,0.88
2824,ZnO,165.00,-26.00,A431,Yes,76.63,0.00,L,human,Epithelial,Adult,skin,6.00,MTT,TetrazoliumSalt,81.41,2.55,Zn,0.88
2825,ZnO,165.00,-26.00,A431,Yes,63.61,0.00,L,human,Epithelial,Adult,skin,6.00,MTT,TetrazoliumSalt,81.41,2.55,Zn,0.88
2826,ZnO,165.00,-26.00,A431,Yes,99.76,0.00,L,human,Epithelial,Adult,skin,24.00,MTT,TetrazoliumSalt,81.41,2.55,Zn,0.88
2827,ZnO,165.00,-26.00,A431,Yes,88.19,0.00,L,human,Epithelial,Adult,skin,24.00,MTT,TetrazoliumSalt,81.41,2.55,Zn,0.88
2828,ZnO,60.00,-26.00,Fibroblasts,No,78.81,0.00,P,human,Fibroblast,Adult,skin,4.00,MTS,TetrazoliumSalt,81.41,2.55,Zn,0.88
2829,ZnO,165.00,-26.00,A431,Yes,26.02,0.00,L,human,Epithelial,Adult,skin,24.00,MTT,TetrazoliumSalt,81.41,2.55,Zn,0.88
2830,ZnO,165.00,-26.00,A431,Yes,97.42,0.00,L,human,Epithelial,Adult,skin,24.00,NR,toluylene red,81.41,2.55,Zn,0.88
2831,ZnO,165.00,-26.00,A431,Yes,52.05,0.00,L,human,Epithelial,Adult,skin,24.00,MTT,TetrazoliumSalt,81.41,2.55,Zn,0.88
2832,ZnO,165.00,-26.00,A431,Yes,96.14,0.00,L,human,Epithelial,Adult,skin,6.00,MTT,TetrazoliumSalt,81.41,2.55,Zn,0.88
2833,ZnO,165.00,-26.00,A431,Yes,54.90,0.00,L,human,Epithelial,Adult,skin,24.00,NR,toluylene red,81.41,2.55,Zn,0.88
2834,ZnO,60.00,-26.00,Fibroblasts,No,80.81,0.00,P,human,Fibroblast,Adult,skin,4.00,MTS,TetrazoliumSalt,81.41,2.55,Zn,0.88
2835,ZnO,17.00,-26.00,RAW 264.7,Yes,54.38,0.00,L,mouse,Monocyte/Macrophage,Adult,blood,24.00,LDH,ldh activity assay kit,81.41,2.55,Zn,0.88
2836,ZnO,18.00,-26.00,RAW 264.7,Yes,54.39,0.00,L,mouse,Monocyte/Macrophage,Adult,blood,24.00,LDH,ldh activity assay kit,81.41,2.55,Zn,0.88
2837,ZnO,14.00,-26.00,RAW 264.7,Yes,27.75,0.00,L,mouse,Monocyte/Macrophage,Adult,blood,24.00,WST-1,TetrazoliumSalt,81.41,2.55,Zn,0.88
2838,ZnO,19.00,-26.00,RAW 264.7,Yes,52.13,0.00,L,mouse,Monocyte/Macrophage,Adult,blood,24.00,LDH,ldh activity assay kit,81.41,2.55,Zn,0.88
2839,ZnO,165.00,-26.00,A431,Yes,101.80,0.00,L,human,Epithelial,Adult,skin,24.00,NR,toluylene red,81.41,2.55,Zn,0.88
2840,ZnO,165.00,-26.00,A431,Yes,86.02,0.00,L,human,Epithelial,Adult,skin,24.00,MTT,TetrazoliumSalt,81.41,2.55,Zn,0.88
2841,ZnO,165.00,-26.00,A431,Yes,82.64,0.00,L,human,Epithelial,Adult,skin,6.00,NR,toluylene red,81.41,2.55,Zn,0.88
2842,ZnO,112.00,-26.00,Caco-2,Yes,81.05,0.00,L,human,Epithelial,Adult,colon,24.00,LDH,ldh activity assay kit,81.41,2.55,Zn,0.88
2843,ZnO,165.00,-26.00,A431,Yes,69.40,0.00,L,human,Epithelial,Adult,skin,3.00,MTT,TetrazoliumSalt,81.41,2.55,Zn,0.88
2844,ZnO,639.00,-26.00,HCMEC,No,64.04,0.00,P,human,Endothelial,Adult,heart,12.00,MTT,TetrazoliumSalt,81.41,2.55,Zn,0.88
2845,ZnO,165.00,-26.00,A431,Yes,86.02,0.00,L,human,Epithelial,Adult,skin,3.00,MTT,TetrazoliumSalt,81.41,2.55,Zn,0.88
2846,ZnO,13.00,-26.00,RAW 264.7,Yes,31.54,0.00,L,mouse,Monocyte/Macrophage,Adult,blood,24.00,WST-1,TetrazoliumSalt,81.41,2.55,Zn,0.88
2847,ZnO,165.00,-26.00,A431,Yes,91.98,0.00,L,human,Epithelial,Adult,skin,48.00,NR,toluylene red,81.41,2.55,Zn,0.88
2848,ZnO,165.00,-26.00,A431,Yes,86.02,0.00,L,human,Epithelial,Adult,skin,3.00,MTT,TetrazoliumSalt,81.41,2.55,Zn,0.88
2849,ZnO,165.00,-26.00,A431,Yes,96.73,0.00,L,human,Epithelial,Adult,skin,48.00,NR,toluylene red,81.41,2.55,Zn,0.88
2850,ZnO,165.00,-26.00,A431,Yes,69.57,0.00,L,human,Epithelial,Adult,skin,48.00,NR,toluylene red,81.41,2.55,Zn,0.88
2851,ZnO,165.00,-26.00,A431,Yes,43.80,0.00,L,human,Epithelial,Adult,skin,48.00,NR,toluylene red,81.41,2.55,Zn,0.88
2852,ZnO,165.00,-26.00,A431,Yes,34.68,0.00,L,human,Epithelial,Adult,skin,48.00,NR,toluylene red,81.41,2.55,Zn,0.88
2853,ZnO,10.00,-26.00,RAW 264.7,Yes,124.07,0.00,L,mouse,Monocyte/Macrophage,Adult,blood,24.00,WST-1,TetrazoliumSalt,81.41,2.55,Zn,0.88
2854,ZnO,165.00,-26.00,A431,Yes,93.48,0.00,L,human,Epithelial,Adult,skin,48.00,NR,toluylene red,81.41,2.55,Zn,0.88
2855,ZnO,12.00,-26.00,RAW 264.7,Yes,76.85,0.00,L,mouse,Monocyte/Macrophage,Adult,blood,24.00,WST-1,TetrazoliumSalt,81.41,2.55,Zn,0.88
2856,ZnO,11.00,-26.00,RAW 264.7,Yes,136.31,0.00,L,mouse,Monocyte/Macrophage,Adult,blood,24.00,WST-1,TetrazoliumSalt,81.41,2.55,Zn,0.88
2857,ZnO,15.00,-26.00,RAW 264.7,Yes,27.09,0.00,L,mouse,Monocyte/Macrophage,Adult,blood,24.00,LDH,ldh activity assay kit,81.41,2.55,Zn,0.88
2858,ZnO,112.00,-26.00,Caco-2,Yes,98.00,0.00,L,human,Epithelial,Adult,colon,24.00,Live/Dead,sytox red,81.41,2.55,Zn,0.88
2859,ZnO,60.00,-26.00,Fibroblasts,No,83.90,0.00,P,human,Fibroblast,Adult,skin,4.00,MTS,TetrazoliumSalt,81.41,2.55,Zn,0.88
2860,ZnO,60.00,-26.00,Fibroblasts,No,94.55,0.00,P,human,Fibroblast,Adult,skin,4.00,MTS,TetrazoliumSalt,81.41,2.55,Zn,0.88
2861,ZnO,165.00,-26.00,A431,Yes,91.08,0.00,L,human,Epithelial,Adult,skin,3.00,MTT,TetrazoliumSalt,81.41,2.55,Zn,0.88
2862,ZnO,165.00,-26.00,A431,Yes,100.48,0.00,L,human,Epithelial,Adult,skin,3.00,MTT,TetrazoliumSalt,81.41,2.55,Zn,0.88
2863,ZnO,639.00,-26.00,HCMEC,No,96.63,0.00,P,human,Endothelial,Adult,heart,12.00,MTT,TetrazoliumSalt,81.41,2.55,Zn,0.88
2864,ZnO,165.00,-26.00,A431,Yes,7.23,0.00,L,human,Epithelial,Adult,skin,24.00,MTT,TetrazoliumSalt,81.41,2.55,Zn,0.88
2865,ZnO,165.00,-26.00,A431,Yes,96.14,0.00,L,human,Epithelial,Adult,skin,3.00,MTT,TetrazoliumSalt,81.41,2.55,Zn,0.88
2866,ZnO,165.00,-26.00,A431,Yes,90.36,0.00,L,human,Epithelial,Adult,skin,48.00,MTT,TetrazoliumSalt,81.41,2.55,Zn,0.88
2867,ZnO,165.00,-26.00,A431,Yes,86.02,0.00,L,human,Epithelial,Adult,skin,48.00,MTT,TetrazoliumSalt,81.41,2.55,Zn,0.88
2868,ZnO,165.00,-26.00,A431,Yes,101.00,0.00,L,human,Epithelial,Adult,skin,24.00,NR,toluylene red,81.41,2.55,Zn,0.88
2869,ZnO,60.00,-26.00,Fibroblasts,No,82.73,0.00,P,human,Fibroblast,Adult,skin,4.00,MTS,TetrazoliumSalt,81.41,2.55,Zn,0.88
2870,ZnO,165.00,-26.00,A431,Yes,63.12,0.00,L,human,Epithelial,Adult,skin,6.00,NR,toluylene red,81.41,2.55,Zn,0.88
2871,ZnO,165.00,-26.00,A431,Yes,89.00,0.00,L,human,Epithelial,Adult,skin,24.00,NR,toluylene red,81.41,2.55,Zn,0.88
2872,ZrO2,10.00,-45.50,VERO,No,65.42,0.00,L,monkey,Epithelial,Adult,kidney,24.00,MTT,TetrazoliumSalt,123.22,2.74,Zr,0.86
2873,ZrO2,10.00,-45.50,HCT-116,Yes,62.40,0.00,L,human,Epithelial,Adult,colon,24.00,MTT,TetrazoliumSalt,123.22,2.74,Zr,0.86
2874,ZrO2,10.00,-45.50,HCT-116,Yes,43.60,0.00,L,human,Epithelial,Adult,colon,24.00,MTT,TetrazoliumSalt,123.22,2.74,Zr,0.86
2875,ZrO2,10.00,-45.50,A549,Yes,68.45,0.00,L,human,Epithelial,Adult,lung,24.00,MTT,TetrazoliumSalt,123.22,2.74,Zr,0.86
2876,ZrO2,10.00,-45.50,A549,Yes,56.88,0.00,L,human,Epithelial,Adult,lung,24.00,MTT,TetrazoliumSalt,123.22,2.74,Zr,0.86
2877,ZrO2,10.00,-45.50,A549,Yes,38.00,0.00,L,human,Epithelial,Adult,lung,24.00,MTT,TetrazoliumSalt,123.22,2.74,Zr,0.86
2878,ZrO2,10.00,-45.50,VERO,No,93.61,0.00,L,monkey,Epithelial,Adult,kidney,24.00,MTT,TetrazoliumSalt,123.22,2.74,Zr,0.86
2879,ZrO2,10.00,-45.50,A549,Yes,48.84,0.00,L,human,Epithelial,Adult,lung,24.00,MTT,TetrazoliumSalt,123.22,2.74,Zr,0.86
2880,ZrO2,10.00,-45.50,A549,Yes,67.10,0.00,L,human,Epithelial,Adult,lung,24.00,Live/Dead,TrypanBlue,123.22,2.74,Zr,0.86
2881,ZrO2,10.00,-45.50,A549,Yes,46.88,0.00,L,human,Epithelial,Adult,lung,24.00,Live/Dead,TrypanBlue,123.22,2.74,Zr,0.86
2882,ZrO2,10.00,-45.50,HCT-116,Yes,72.50,0.00,L,human,Epithelial,Adult,colon,24.00,MTT,TetrazoliumSalt,123.22,2.74,Zr,0.86
2883,ZrO2,10.00,-45.50,A549,Yes,36.98,0.00,L,human,Epithelial,Adult,lung,24.00,Live/Dead,TrypanBlue,123.22,2.74,Zr,0.86
2884,ZrO2,10.00,-45.50,VERO,No,61.08,0.00,L,monkey,Epithelial,Adult,kidney,24.00,MTT,TetrazoliumSalt,123.22,2.74,Zr,0.86
2885,ZrO2,10.00,-45.50,A549,Yes,55.78,0.00,L,human,Epithelial,Adult,lung,24.00,Live/Dead,TrypanBlue,123.22,2.74,Zr,0.86
2886,ZrO2,10.00,-45.50,HCT-116,Yes,42.93,0.00,L,human,Epithelial,Adult,colon,24.00,Live/Dead,TrypanBlue,123.22,2.74,Zr,0.86
2887,ZrO2,10.00,-45.50,HCT-116,Yes,52.62,0.00,L,human,Epithelial,Adult,colon,24.00,Live/Dead,TrypanBlue,123.22,2.74,Zr,0.86
2888,ZrO2,10.00,-45.50,HCT-116,Yes,58.52,0.00,L,human,Epithelial,Adult,colon,24.00,Live/Dead,TrypanBlue,123.22,2.74,Zr,0.86
2889,ZrO2,10.00,-45.50,VERO,No,76.74,0.00,L,monkey,Epithelial,Adult,kidney,24.00,MTT,TetrazoliumSalt,123.22,2.74,Zr,0.86
2890,ZrO2,10.00,-45.50,HCT-116,Yes,72.74,0.00,L,human,Epithelial,Adult,colon,24.00,Live/Dead,TrypanBlue,123.22,2.74,Zr,0.86
2891,ZrO2,10.00,-45.50,HCT-116,Yes,51.10,0.00,L,human,Epithelial,Adult,colon,24.00,MTT,TetrazoliumSalt,123.22,2.74,Zr,0.86
